Compound Group	Mass(avg)	m/z	RT(avg)	Formula	Name	Height(avg)	Volume(avg)	MS Ions(min)	MS Ions(max)	MS/MS count	"RSD(Mass, ppm)"	Found	Missed	Height(med)	Volume(med)	 %RSD(MFE)	Saturated	"Score(MFE,max)"	Area(med)	 %RSD(Tgt)	"Score(Tgt, max)"	Mass(med)	Time Segment	RT(med)	RT(span)	RT(max width)	Height(min)	Height(max)	Volume(max)	Volume(min)	Area(min)	Area(max)	Mass(Tgt)	RT(Tgt)	RT Diff	CAS	HMDB	LMP
1	557.3387	556.3311	9.193	C29 H51 N O7 S	"(25R)-3alpha,7alpha,12alpha-trihydroxy-5beta-cholestan-27-oyl taurine"	8854928	229132714	3	13	2	1.77	179	109	9240533	215212640	8.9	178	100	0	0	0	557.3386	1	9.208	0.279	1.674	2606	9440688	578505472	14708	0	0	557.3386	9.208	0			LMST05040007
2	515.2915	514.2844	7.817	C26 H45 N O7 S	Taurocholic acid	8704296	244516494	2	13	2	2.47	196	92	9173212	224676088	12.1	195	100	0	0	0	515.2916	1	7.824	0.452	1.392	1535	11599920	463424032	53533	0	0	515.2916	7.824	0	81-24-3	HMDB00036	LMST05040001
3	886.557	885.55	13.342	C47 H83 O13 P	"Glc-GP(18:0/20:4(5Z,8Z,11Z,14Z))"	14207342	141026594	2	10	1	1.81	93	195	6130477	158446336	14.8	77	100	0	0	0	886.5568	1	13.29	0.432	1.721	19475	662775680	376586496	379684	0	0	886.5568	13.29	0			LMGP14010001
4	282.2558	281.2482	10.648	C18 H34 O2	Petroselinic acid	6693411	98014964	2	21	4	2.19	235	53	8152937	102167920	18.6	193	100	0	0	0	282.2559	1	10.657	0.268	1.664	22490	8839887	241064592	170485	0	0	282.2559	10.657	0	593-39-5		LMFA07040056
5	861.6	860.5943	13.34			3750175	87802917	3	10	2	3.37	192	96	3988568	88711900	16.2	179	100	0	0	0	861.6003	1	13.38	0.524	2.085	2292	7390194	212181584	4682	0	0	861.6003	13.38	0			
6	326.1917	325.184	9.976	C18 H30 O3 S	4-Dodecylbenzenesulfonic acid	2997449	24003803	2	9	2	1.58	245	43	2498585	17694284	11.6	232	100	0	0	0	326.1917	1	9.98	0.233	1.14	6467	8061587	197806128	90535	0	0	326.1917	9.98	0	121-65-3	HMDB31033	
7	284.2716	567.5357	11.102	C18 H36 O2	Tetradecyl isobutyrate	7678468	91497540	4	11	1	2.36	255	33	7819035	87835800	5.3	254	100	0	0	0	284.2716	1	11.106	0.319	1.027	35908	8508812	188020576	73071	0	0	284.2716	11.106	0			LMFA07010679
8	884.5406	883.5343	12.932	C47 H81 O13 P	"PI(18:0/20:5(5Z,8Z,11Z,14Z,17Z))"	3885386	43377811	2	9	1	3.69	94	194	3606089	46968806	30.2	77	100	0	0	0	884.5414	1	12.923	0.518	1.792	1169	82125448	186559872	8635	0	0	884.5414	12.923	0			LMGP06010854
9	328.2403	327.2332	10.302	C22 H32 O2	"(4Z,7Z,10Z,13Z,16Z,19Z)-4,7,10,13,1 6,19-Docosahexaenoic acid"	7558974	80209522	2	17	3	1.53	254	34	7823105	77075784	5.2	251	100	0	0	0	328.2403	1	10.309	0.276	1.531	6720	8550640	167858656	60954	0	0	328.2403	10.309	0	6217-54-5	HMDB38908	
10	557.3388	556.3313	9.271	C29 H51 N O7 S	"(25R)-3alpha,7alpha,12alpha-trihydroxy-5beta-cholestan-27-oyl taurine"	4286869	53545100	3	13	2	1.8	161	127	5236331	50505880	25	117	100	0	0	0	557.3387	1	9.276	0.384	1.721	766	9407801	131468432	50033	0	0	557.3387	9.276	0			LMST05040007
11	340.2074	339.2003	10.354	C22H28O3	Norethindrone acetate	2542994	20581426	2	8	1	0.75	250	38	2162136	14891083	15.5	229	100	0	0	0	340.2073	1	10.359	0.151	1.13	20413	8028335	130086784	1331945	0	0	340.2073	10.359	0	51-98-9		
12	310.2872	309.28	11.197	C20 H38 O2	2E-Phytenoic acid	5616889	40622218	8	15	2	1.19	148	140	5578086	34361228	0.6	148	100	0	0	0	310.2873	1	11.195	0.135	1.192	3048945	8035442	126985168	15697667	0	0	310.2873	11.195	0			LMPR0104010023
13	312.1768	311.1684	9.483	C17 H28 O3 S	N-Undecylbenzenesulfonic acid	2893678	29370152	2	8	1	7.74	121	167	2710566	27983346	24.8	105	100	0	0	0	312.1761	1	9.483	0.27	1.325	1337	7658275	126907328	25734	0	0	312.1761	9.483	0	50854-94-9	HMDB32549	
14	499.2965	498.2893	8.719	C26 H45 N O6 S	Tauroursodeoxycholic acid	2626900	24209812	3	10	1	1.82	196	92	1984812	16157591	10.4	173	100	0	0	0	499.2966	1	8.727	0.168	0.878	51348	9199638	124281536	155163	0	0	499.2966	8.727	0	14605-22-2		LMST05040013
15	861.6009	860.5918	13.64			2200388	57035497	2	10	1	3.95	82	206	2331111	61588220	32.7	69	100	0	0	0	861.6003	1	13.602	0.441	1.649	684	4263165	116154336	824	0	0	861.6003	13.602	0			
16	841.6546	876.624	14.289	C48 H92 N O8 P	"PE(22:2(13Z,16Z)/21:0)"	1894862	53451888	2	7	1	3.22	159	129	1903552	55240896	18.3	139	100	0	0	0	841.6546	1	14.299	0.571	1.387	1440	4667326	115064512	6626	0	0	877.6316	14.299	0			LMGP02011096
17	389.26	388.2525	10.373	C20 H39 N O4 S	N-oleoyl taurine	2130845	19361692	2	14	1	1.28	190	98	1604506	13639385	11.3	145	100	0	0	0	389.2601	1	10.375	0.272	1.186	2016	7514053	99590920	14040	0	0	389.2601	10.375	0	52514-04-2		LMFA08020081
18	863.6158	862.6086	14.159	C46 H89 N O11 S	C22 Sulfatide	1698117	41523381	2	7	1	1.77	163	125	1680923	42543184	22.9	155	100	0	0	0	863.616	1	14.171	0.347	1.721	971	3687020	91094992	3372	0	0	863.616	14.171	0			LMSP06020009
19	282.256	563.5047	10.74	C18 H34 O2	Petroselinic acid	6530259	49182160	2	21	3	3.4	144	144	7141865	49447126	16.6	135	100	0	0	0	282.256	1	10.718	0.329	1.315	31214	8526056	111861328	37563	0	0	282.256	10.718	0	593-39-5		LMFA07040056
20	254.2246	507.4415	10.049	C16 H30 O2	delta-hexadecalactone	4871657	37363209	3	10	1	2.24	220	68	5082491	34759506	14	213	100	0	0	0	254.2247	1	10.054	0.257	0.976	11741	6809020	82067848	112200	0	0	254.2247	10.054	0			LMFA07040055
21	748.5248	747.5175	13.392	C40 H77 O10 P	LBPA(16:0/18:1(9Z))	1863927	33286266	4	19	2	2.27	137	151	1692127	30106946	10	125	100	0	0	0	748.5249	1	13.408	0.467	1.931	10498	4524604	80654352	56406	0	0	748.5249	13.408	0			LMGP04100002
22	559.3423	558.3355	9.171			1735820	14046439	2	5		3.25	44	244	1674518	8337331	20.9	36	100	0	0	0	559.3427	1	9.197	0.409	0.642	649	3308554	75669360	2768	0	0	559.3427	9.197	0			
23	891.6469	890.6398	14.806	C48 H93 N O11 S	C24 Sulfatide	1112372	38178209	2	7	1	2.29	126	162	1071721	37832378	24.2	103	100	0	0	0	891.6472	1	14.805	0.352	1.274	1450	3442344	110434080	12548	0	0	891.6472	14.805	0			LMSP06020013
24	256.2403	255.233	10.54	C16 H32 O2	Palmitic Acid	5663958	37993468	2	8	2	0.7	261	27	5774017	38052720	5.5	261	100	0	0	0	256.2403	1	10.545	0.179	0.889	2043358	7063448	68230640	9558500	0	0	256.2403	10.545	0	57-10-3	HMDB00220	LMFA01010001
25	326.1916	325.1845	9.893	C18 H30 O3 S	4-Dodecylbenzenesulfonic acid	2494326	16418103	2	9	2	1.57	152	136	2156367	12829029	13.5	126	100	0	0	0	326.1916	1	9.894	0.292	1.294	11315	7853533	88204672	97093	0	0	326.1916	9.894	0	121-65-3	HMDB31033	
26	515.2914	514.2844	8.287	C26 H45 N O7 S	Taurocholic acid	858343	6366457	2	10	2	1.27	158	130	613626	4662713	15.9	59	100	0	0	0	515.2916	1	8.284	0.128	1.109	67175	6499642	57872444	312952	0	0	515.2916	8.284	0	81-24-3	HMDB00036	LMST05040001
27	284.2717	283.2642	11.273	C18 H36 O2	Tetradecyl isobutyrate	3294615	26105300	2	11	2	3.09	107	181	3387828	27234892	33.3	77	100	0	0	0	284.2716	1	11.256	0.419	1.366	934	7787037	55703560	3487	0	0	284.2716	11.256	0			LMFA07010679
28	304.2404	303.2329	10.246	C20 H32 O2	omega-3 Arachidonic Acid	5510979	20541478	8	15	3	0.71	207	81	5609876	20189910	11.4	207	100	0	0	0	304.2404	1	10.247	0.166	1.212	2714057	7449002	54209776	6642284	0	0	304.2404	10.247	0	24880-40-8	HMDB01043	LMFA01030001
29	280.2402	279.2333	10.32	C18 H32 O2	Linoleic acid	2764739	24887737	2	14	2	2.72	141	147	2736170	24555986	11.3	137	100	0	0	0	280.2403	1	10.313	0.46	1.217	17827	4385779	52168968	91187	0	0	280.2403	10.313	0	60-33-3		LMFA07040064
30	338.3185	337.3114	11.661	C22 H42 O2	13(Z)-Docosenoic acid	3042678	14158651	2	13	2	0.46	288	0	3066380	13423773	12.2	266	100	0	0	0	338.3186	1	11.669	0.242	1.043	3946	6363722	51463544	22642	0	0	338.3186	11.669	0	112-86-7		LMFA07040059
31	302.2246	301.2173	9.954	C20 H30 O2	Isopimaric acid	3050071	19306820	7	10	2	1.02	201	87	2941623	18148324	8.1	200	100	0	0	0	302.2246	1	9.952	0.125	1.186	842319	5832999	46649352	4629673	0	0	302.2246	9.952	0	106689-24-1		
32	618.3319	653.3013	10.541	C25 H46 N8 O10	Minosaminomycin	1589290	15899729	2	5	1	1.83	152	136	1599686	15369935	10.3	112	100	0	0	0	618.3319	1	10.541	0.437	0.709	1303	4639621	44152168	4410	0	0	654.3088	10.541	0	51746-09-9		
33	908.5418	907.5347	13.001	C49 H81 O13 P	"PI(22:6(4Z,7Z,10Z,13Z,16Z,19Z)/18:1(9Z))"	660668	8895930	2	8	2	4.49	152	136	802773	7515780	41.7	68	100	0	0	0	908.5416	1	12.981	0.549	1.233	1816	1731810	42988704	12544	0	0	908.5416	12.981	0			LMGP06010797
34	300.2663	599.5251	9.763	C18 H36 O3	DL-2-hydroxy stearic acid	286120	1597867	3	13	1	0.73	263	25	231134	1277600	7.5	2	100	0	0	0	300.2664	1	9.76	0.429	1.269	12447	6485535	42601440	32998	0	0	300.2664	9.76	0	629-22-1		LMFA01080014
35	499.2966	498.2894	8.682	C26 H45 N O6 S	Tauroursodeoxycholic acid	2469443	16373156	3	10	1	1.28	143	145	2280448	12994275	14.6	132	100	0	0	0	499.2967	1	8.686	0.274	0.827	3456	9081091	41490652	18041	0	0	499.2967	8.686	0	14605-22-2		LMST05040013
36	841.6553	876.6247	14.506	C48 H92 N O8 P	"PE(22:2(13Z,16Z)/21:0)"	838716	22776095	3	7	1	2.31	134	154	817385	23502733	11.6	74	100	0	0	0	841.6553	1	14.504	0.341	1.181	1356	1893990	40659268	15473	0	0	877.6316	14.504	0			LMGP02011096
37	308.2716	307.2645	10.913	C20 H36 O2	"5(Z),14(Z)-Eicosadienoic Acid"	2092273	9402100	2	11	1	0.56	285	3	2037325	7981647	11.3	245	100	0	0	0	308.2716	1	10.923	0.184	1.387	2175	5851384	39495640	7585	0	0	308.2716	10.923	0			LMFA07010624
38	647.3793	646.372	10.453			57035	635048	4	13		0.45	147	141	23001	268668	10.8	2	100	0	0	0	647.3794	1	10.515	0.436	1.227	6635	4087007	39101712	50430	0	0	647.3794	10.515	0			
39	254.2246	253.2175	10.111	C16 H30 O2	?÷2-cis-Hexadecenoic Acid	2576237	14270537	3	11	1	1.18	231	57	2674487	13901100	21.2	183	100	0	0	0	254.2247	1	10.138	0.172	1.12	11165	7505538	43345216	88947	0	0	254.2247	10.138	0	2825-68-5		LMFA07040055
40	618.3322	653.3016	10.762	C25 H46 N8 O10	Minosaminomycin	1487580	15556800	3	5	1	2.17	188	100	1198523	12661834	8.5	130	100	0	0	0	618.3322	1	10.766	0.244	0.832	152638	3919482	41768600	868861	0	0	654.3087	10.766	0	51746-09-9		
41	1026.9045	1085.9185	15.687			189954	10094593	10	21	2	0.14	188	100	172349	8529885	8.9	0	100	0	0	0	1026.9045	1	15.691	0.469	1.849	10660	512743	37650956	318446	0	0	1026.9045	15.691	0			
42	532.3068	531.2999	8.881	C27 H48 O8 S	5??-Cyprinolsulfate	1060909	8778850	2	8	2	1.03	256	32	759459	6450581	15	114	100	0	0	0	532.3069	1	8.876	0.278	1.669	2066	6276270	41884072	39011	0	0	532.3069	8.876	0			LMST05020004
43	525.2856	524.278	9.33	C27 H44 N O7 P	"PE(22:6(4Z,7Z,10Z,13Z,16Z,19Z)/0:0)"	1904768	13049570	2	10	2	1.33	264	24	1748505	11391130	8.3	238	100	0	0	0	525.2856	1	9.33	0.292	0.75	2160	4347894	35742436	5002	0	0	525.2856	9.33	0			LMGP02050013
44	600.3274	599.3201	10.714	C27 H53 O12 P	PI(18:0/0:0)	1319014	12770672	2	6	1	2.14	182	106	1084758	10726289	7.6	121	100	0	0	0	600.3276	1	10.712	0.222	0.894	113224	3406482	35545380	819588	0	0	600.3276	10.712	0			LMGP06050004
45	763.5155	762.5083	12.053	C43 H74 N O8 P	"PE(P-16:0/22:6(4Z,7Z,10Z,12E,16Z,19Z)(14OH))"	3905076	18486495	2	13	3	1.72	219	69	3467023	18396698	13	207	100	0	0	0	763.5155	1	12.056	0.264	1.253	2783	50805932	33892796	15207	0	0	763.5155	12.056	0			LMGP20020014
46	479.3012	957.5951	9.57	C23 H46 N O7 P	PE(18:1(9Z)/0:0)	2331234	13870204	3	11	2	0.49	276	12	2506845	14413768	4.7	237	100	0	0	0	479.3012	1	9.575	0.096	1.192	16619	4479034	33470668	48696	0	0	479.3012	9.575	0	89576-29-4	HMDB11505	
47	501.2855	500.2783	9.143	C25 H44 N O7 P	"LysoPE(20:4(8Z,11Z,14Z,17Z)/0:0)"	1832308	8844705	6	10	2	0.35	241	47	1357173	6208191	8.8	146	100	0	0	0	501.2855	1	9.144	0.103	1.423	34090	5667596	33435200	150585	0	0	501.2855	9.144	0		HMDB11518	
48	743.5469	742.5397	12.376	C41 H78 N O8 P	PE(22:1(11Z)/14:1(9Z))	498596	3337671	2	17	3	4.11	163	125	310674	1735566	18.6	17	100	0	0	0	743.5466	1	12.382	0.342	1.305	10854	4702656	31486916	69680	0	0	743.5466	12.382	0			LMGP02011043
49	849.5881	848.579	12.472			56048	487363	2	10		3.77	104	184	20035	168465	42.3	1	100	0	0	0	849.5883	1	12.462	0.384	1.171	1675	3556099	31208446	12650	0	0	849.5883	12.462	0			
50	481.3169	480.3098	10.216	C23 H48 N O7 P	LysoPE(0:0/18:0)	2586279	10745878	2	11	3	1.21	275	13	2476826	10277060	15.6	263	100	0	0	0	481.3169	1	10.224	0.359	1.058	847	5985161	30331972	5142	0	0	481.3169	10.224	0		HMDB11129	
51	330.2559	329.2487	10.532	C22 H34 O2	"7Z, 10Z, 13Z, 16Z, 19Z-Docosapentaenoic acid"	3733769	14100945	2	19	2	1.05	219	69	3831119	13351911	15.1	214	100	0	0	0	330.2559	1	10.532	0.153	1.515	588968	7570057	44587112	1943638	0	0	330.2559	10.532	0	24880-45-3	HMDB38909	
52	791.5463	790.5393	12.342	C45 H78 N O8 P	"PE(P-18:0/22:6(4Z,7Z,10Z,12E,16Z,19Z)(14OH))"	3179400	17357327	2	21	3	4.15	185	103	3593667	19111326	20.8	162	100	0	0	0	791.5467	1	12.338	0.46	1.561	1742	5096641	29612590	10319	0	0	791.5467	12.338	0			LMGP20020015
53	789.5311	834.5117	12.107			3115819	16472837	2	28	2	1.96	208	80	3297461	17063128	18.1	201	100	0	0	0	789.531	1	12.107	0.415	1.392	1087	5281261	29184208	4100	0	0	789.531	12.107	0			
54	858.526	857.5188	12.801	C45 H79 O13 P	"PI(18:0/18:4(6Z,9Z,12Z,15Z))"	1127499	9483107	2	11	1	3.56	132	156	1256515	10282005	40.2	91	100	0	0	0	858.526	1	12.805	0.556	1.669	1336	3186225	28706320	6959	0	0	858.526	12.805	0			LMGP06010856
55	438.2678	437.2588	11.095			658017	5216064	3	8	2	5.39	165	123	390547	3143087	13.3	44	100	0	0	0	438.267	1	11.098	0.419	0.878	3915	2873436	28572212	17142	0	0	438.267	11.098	0			
56	875.6158	874.6086	13.806			759239	16794610	4	7	1	0.18	155	133	733348	16090598	8.8	50	100	0	0	0	875.6158	1	13.809	0.369	1.407	339231	1371409	28507130	7400278	0	0	875.6158	13.809	0			
57	332.2716	331.264	10.792	C22 H36 O2	Adrenic Acid	1518064	7826939	2	15	2	1.8	158	130	1226998	6252060	15	118	100	0	0	0	332.2716	1	10.803	0.25	1.33	14559	4683390	28499876	13170	0	0	332.2716	10.803	0	28874-58-0	HMDB38910	
58	278.2247	277.2175	9.984	C18 H30 O2	??-Linolenic Acid	1618301	11900984	2	7	1	0.51	271	17	1532408	11376578	9.5	249	100	0	0	0	278.2247	1	9.989	0.121	1.027	122107	3537809	28237160	751319	0	0	278.2247	9.989	0	506-26-3		LMFA07010541
59	835.515	834.4905	11.897			2812767	14981491	2	10	2	2.31	271	17	3206515	16710842	15.8	229	100	0	0	0	835.5154	1	11.901	0.271	1.022	4532	4581770	28229160	32911	0	0	835.5154	11.901	0			
60	747.5209	746.5131	12.137			2509832	10721806	2	17	2	2.84	266	22	2255877	10812374	16.2	198	100	0	0	0	747.5206	1	12.136	0.412	1.9	2348	21926860	28218994	13461	0	0	747.5206	12.136	0			
61	282.2561	563.5042	10.822	C18 H34 O2	Petroselinic acid	3717255	16126344	2	20	3	4.23	42	246	4709248	21282551	26.3	29	100	0	0	0	282.256	1	10.795	0.343	1.037	2904	7437614	28096818	4400	0	0	282.256	10.795	0	593-39-5		LMFA07040056
62	525.2855	524.2783	9.202	C27 H44 N O7 P	"PE(22:6(4Z,7Z,10Z,13Z,16Z,19Z)/0:0)"	1304708	6868096	3	12	1	0.34	277	11	906215	4912317	7.8	143	100	0	0	0	525.2855	1	9.202	0.187	1.371	13792	4828096	27963262	61090	0	0	525.2855	9.202	0			LMGP02050013
63	901.6293	900.6236	14.289			398385	12157402	2	10	1	2.59	148	140	362869	10759473	15.6	2	100	0	0	0	901.6299	1	14.292	0.492	1.608	4973	862814	27742436	13736	0	0	901.6299	14.292	0			
64	451.2697	450.2626	8.822	C21 H42 N O7 P	PE(16:1(9Z)/0:0)	862229	6506604	2	8	1	0.75	275	13	721214	5416435	1.7	121	100	0	0	0	451.2698	1	8.824	0.089	0.811	11930	3249157	27667118	80548	0	0	451.2698	8.824	0			LMGP02050010
65	453.2856	452.2783	10.024	C21 H44 N O7 P	LysoPE(0:0/16:0)	817045	7647616	2	9	1	1.69	201	87	596040	5881809	8.8	67	100	0	0	0	453.2855	1	10.023	0.283	1.495	4322	3126251	27104076	12673	0	0	453.2855	10.023	0		HMDB11473	
66	479.3012	478.294	9.71	C23 H46 N O7 P	PE(18:1(9Z)/0:0)	2443039	14588240	3	12	2	0.45	252	36	2463632	14251637	6.6	251	100	0	0	0	479.3013	1	9.716	0.096	1.104	710305	4540893	31040654	5451512	0	0	479.3013	9.716	0	89576-29-4	HMDB11505	
67	256.2401	255.2329	10.703	C16 H32 O2	"2,6-Dimethyl-tetradecanoic acid"	1453524	7892678	2	8	2	0.71	156	132	455912	6261068	24.5	49	100	0	0	0	256.2401	1	10.743	0.376	1.063	19359	6596378	28134462	64383	0	0	256.2401	10.743	0			LMFA01020038
68	776.5576	775.5498	13.698	C42 H81 O10 P	PG(16:0/20:1(11Z))	212195	4845588	2	15	3	4.74	127	161	153076	3666374	29	1	100	0	0	0	776.5566	1	13.686	0.579	1.505	1125	820218	25744158	8464	0	0	776.5566	13.686	0			LMGP04010970
69	387.2443	386.2369	9.937	C20 H37 N O4 S	N-linoleoyl taurine	791865	6104564	3	7	1	0.39	139	149	377412	2777432	10.4	47	100	0	0	0	387.2443	1	9.955	0.331	0.976	47523	3349208	25563218	260304	0	0	387.2443	9.955	0			LMFA08020138
70	881.6858	916.6552	14.756	C51 H96 N O8 P	"PE(24:1(15Z)/22:2(13Z,16Z))"	341684	12420703	2	6	1	0.55	142	146	316710	11355144	19.4	0	100	0	0	0	881.6858	1	14.756	0.28	1.315	1206	704058	25060716	11022	0	0	917.6626	14.756	0		HMDB09767	
71	312.176	311.1687	9.544	C17 H28 O3 S	N-Undecylbenzenesulfonic acid	1427460	12135927	2	8	1	0.53	211	77	1273693	11520580	14.8	183	100	0	0	0	312.1761	1	9.546	0.262	1.371	71491	5285976	25016364	203521	0	0	312.1761	9.546	0	50854-94-9	HMDB32549	
72	330.2559	329.2488	10.588	C22 H34 O2	"7Z, 10Z, 13Z, 16Z, 19Z-Docosapentaenoic acid"	2830481	12661654	2	17	2	1.39	213	75	2877531	13158456	18.9	195	100	0	0	0	330.256	1	10.595	0.325	1.433	1995	6494010	40809308	8836	0	0	330.256	10.595	0	24880-45-3	HMDB38909	
73	266.1551	265.148	8.736	C12 H26 O4 S	Lauryl hydrogen sulfate	1113296	9551872	3	9	2	2.44	246	42	925069	7968078	11.4	131	100	0	0	0	266.1552	1	8.738	0.183	1.705	2978	5585153	36344632	13486	0	0	266.1552	8.738	0	151-21-3	HMDB05004	
74	251.119	250.1119	3.139			195404	1386545	3	5	1	0.44	270	18	142263	961414	1.5	5	100	0	0	0	251.119	1	3.145	0.098	0.39	15908	3352044	24043560	103621	0	0	251.119	3.145	0			
75	276.2099	275.2018	9.645	C18 H28 O2	"4,8,12,15-Octadecatetraenoic acid"	1530027	7280189	4	13	2	6.37	145	143	1522735	7598754	16.6	108	100	0	0	0	276.2091	1	9.652	0.304	1.371	23483	4770258	23903528	35149	0	0	276.2091	9.652	0	67329-10-6	HMDB32672	
76	389.239	434.2372	9.969	C15 H31 N7 O5	Ser Arg Lys	626110	5558104	2	7	1	0.49	274	14	461380	3852157	10.3	75	100	0	0	0	389.239	1	9.974	0.194	0.709	1904	2289356	23719096	23750	0	0	435.2443	9.974	0	57186-25-1		
77	310.2873	309.2809	11.256			2749153	12421373	3	15	2	3.69	155	133	3045556	12922575	24	130	100	0	0	0	310.2873	1	11.243	0.355	1.135	1176	6928260	23703846	5085	0	0	310.2873	11.243	0			
78	365.2232	364.2149	8.293			1230271	4989387	4	8	1	2.02	272	16	1014491	4101975	4.4	164	100	0	0	0	365.2236	1	8.293	0.086	1.192	43810	4951359	22837262	218099	0	0	365.2236	8.293	0			
79	620.2965	619.2891	9.672	C29 H49 O12 P	"PI(20:4(5Z,8Z,11Z,14Z)/0:0)"	892147	8555119	2	4	1	4.01	127	161	783776	7775821	14.4	53	100	0	0	0	620.2962	1	9.664	0.322	1.294	1778	2321656	22370992	1517	0	0	620.2962	9.664	0			LMGP06050006
80	298.1601	297.153	9.031			724272	7217099	3	5	1	1.37	188	100	532123	5734635	9.5	42	100	0	0	0	298.1603	1	9.033	0.157	0.601	282720	4010675	22040170	3478546	0	0	298.1603	9.033	0			
81	176.03	175.022	0.312			1630344	4759875	2	9	3	7.65	116	172	1079535	2889010	24.2	69	211.55	0	0	0	176.0297	1	0.317	0.234	0.873	5502	5979804	21687568	38514	0	0	176.0297	0.317	0			
82	495.3341	540.3363	9.883			367014	2934440	2	12	2	5.17	145	143	341576	2408701	14.4	4	100	0	0	0	495.3324	1	9.883	0.336	1.202	2857	2201583	21551586	2860	0	0	495.3324	9.883	0			
83	280.2403	279.2331	10.382	C18 H32 O2	Linoleic acid	1636207	10927966	2	14	4	3.11	229	59	1881610	12491725	18.9	166	100	0	0	0	280.2403	1	10.366	0.378	1.525	6038	4380376	25921564	90978	0	0	280.2403	10.366	0	60-33-3		LMFA07040064
84	453.2857	452.2783	9.539	C21 H44 N O7 P	LysoPE(0:0/16:0)	1262395	5541105	2	10	1	1.82	262	26	1214998	5192901	10.4	209	100	0	0	0	453.2856	1	9.548	0.182	0.904	3315	4136617	21287492	10733	0	0	453.2856	9.548	0		HMDB11473	
85	501.2855	500.2783	9.269	C25 H44 N O7 P	"LysoPE(20:4(8Z,11Z,14Z,17Z)/0:0)"	686482	4820626	3	10	2	0.32	256	32	547051	4000718	4.9	68	100	0	0	0	501.2855	1	9.271	0.169	1.068	10031	3024280	21183204	52304	0	0	501.2855	9.271	0		HMDB11518	
86	729.5311	788.5447	12.904	C40 H76 N O8 P	"PE(22:2(13Z,16Z)/13:0)"	338000	4030505	2	14	2	1.18	168	120	330676	3628850	12.5	1	100	0	0	0	729.531	1	12.916	0.528	1.787	18367	910006	20912714	129414	0	0	729.531	12.916	0			LMGP02011072
87	474.2898	473.2827	10.881			408166	4345286	2	4	1	1.75	207	81	297473	3259736	11.3	22	100	0	0	0	474.2898	1	10.88	0.198	0.93	1257	1827022	19722000	5609	0	0	474.2898	10.88	0			
88	837.6232	872.5926	13.307	C48 H88 N O8 P	"PE(22:4(7Z,10Z,13Z,16Z)/21:0)"	154483	1950150	2	6	1	3.28	194	94	91831	1361721	25	5	100	0	0	0	837.6232	1	13.323	0.533	1.839	21190	1637865	19493272	148883	0	0	873.5997	13.323	0			LMGP02011127
89	179.0442	178.0371	0.652	C6 H5 N5 O2	Isoxanthopterin	416463	5152201	2	6	2	1.76	179	109	363939	4170168	15.7	11	186.15	0	0	0	179.0442	1	0.65	0.387	0.873	12762	1044302	19251382	50992	0	0	179.0442	0.65	0	529-69-1		
90	304.2404	303.2331	10.367	C20 H32 O2	omega-3 Arachidonic Acid	1891089	7723785	2	14	3	6.13	193	95	1030591	6877599	24.2	117	100	0	0	0	304.2404	1	10.383	0.403	1.546	3622	5858601	18923738	18058	0	0	304.2404	10.383	0	24880-40-8		
91	787.5155	786.5081	11.942	C45 H74 N O8 P	"PE(22:6(4Z,7Z,10Z,13Z,16Z,19Z)/18:2(9Z,12Z))"	1960629	9378516	2	12	2	0.59	256	32	2016412	9984225	18.2	224	100	0	0	0	787.5155	1	11.948	0.172	1.361	10077	3651461	18639886	108545	0	0	787.5155	11.948	0		HMDB09687	
92	789.5328	834.5293	12.343	C45 H76 N O8 P	"PE(22:6(4Z,7Z,10Z,13Z,16Z,19Z)/18:1(9Z))"	643916	3301779	2	18	2	8.17	73	215	83881	447229	33.4	15	100	0	0	0	789.5311	1	12.348	0.553	1.69	2558	4056559	19211448	6438	0	0	789.5311	12.348	0		HMDB09686	
93	864.6112	909.6091	13.115			112035	2511502	2	10	1	3.38	167	121	81218	2392756	45.1	0	100	0	0	0	864.6113	1	13.114	0.44	1.479	3307	830414	18193492	49771	0	0	864.6113	13.114	0			
94	880.5093	939.5245	12.201			1289302	7293854	2	13		3.36	168	120	1126734	6914015	18.3	121	100	0	0	0	880.5089	1	12.218	0.565	2.393	1375	3514265	17046306	10396	0	0	880.5089	12.218	0			
95	451.2695	450.262	8.972	C21 H42 N O7 P	PE(16:1(9Z)/0:0)	669326	5666171	5	9	1	0.93	148	140	589388	4997078	8.6	32	100	0	0	0	451.2696	1	8.962	0.101	0.796	188989	1889689	16638862	1098212	0	0	451.2696	8.962	0			LMGP02050010
96	837.5516	836.5447	12.78	C46 H80 N O10 P	"PS(22:4(7Z,10Z,13Z,16Z)/18:1(9Z))"	555333	6503494	2	15	2	2.57	205	83	567452	6604832	23.1	16	100	0	0	0	837.5517	1	12.793	0.353	1.361	722	1042600	16556405	1593	0	0	837.5517	12.793	0			LMGP03010799
97	361.2286	360.2214	9.557			440337	4121447	2	3	1	0.38	257	31	257214	2900536	6.6	39	100	0	0	0	361.2286	1	9.559	0.191	0.529	25651	2139261	16532123	114869	0	0	361.2286	9.559	0			
98	833.5143	832.5132	12.629			916612	5798711	2	13	2	7.34	39	249	521880	3443683	30.5	17	100	0	0	0	833.5166	1	12.614	0.551	1.104	2861	3110213	16442164	43965	0	0	833.5166	12.614	0			
99	749.536	748.5289	12.218	C43 H76 N O7 P	"PE(O-16:0/22:6(4Z,7Z,10Z,13Z,16Z,19Z))"	1259828	7445648	2	15	2	2.77	131	157	1240561	7446643	19.9	101	100	0	0	0	749.536	1	12.207	0.363	0.878	808	2485421	16242098	5793	0	0	749.536	12.207	0			LMGP02020020
100	102.0311	203.054	0.403			165590	1493669	2	6	1	10.04	176	112	48108	367649	34	2	180.47	0	0	0	102.0312	1	0.385	0.291	0.503	1171	1079894	16179866	5205	0	0	102.0312	0.385	0			
101	284.2717	567.5356	11.24	C18 H36 O2	Tetradecyl isobutyrate	1527968	8173801	2	11	1	2.31	29	259	283467	3261963	35	14	100	0	0	0	284.2715	1	11.241	0.316	1.376	1968	7850791	42440324	12825	0	0	284.2715	11.241	0			LMFA07010679
102	773.5367	772.5286	12.185	C45 H76 N O7 P	1-(8-[3]-ladderane-octanoyl)-2-(8-[3]-ladderane-octanyl)-sn-glycerophosphoethanolamine	1896953	8459028	2	17	2	3.14	197	91	1988698	8150011	18.4	175	100	0	0	0	773.5363	1	12.183	0.338	2.013	1192	3650530	16126104	5317	0	0	773.5363	12.183	0			LMGP02080003
103	525.3066	524.2996	10.643	C24 H48 N O9 P	PS(18:0/0:0)	359583	3202994	2	9	1	1.31	271	17	304516	2777760	8.5	7	100	0	0	0	525.3066	1	10.648	0.198	1.453	3010	1940457	16060792	8103	0	0	525.3066	10.648	0			LMGP03050006
104	748.525	747.5183	13.532	C40 H77 O10 P	LBPA(16:0/18:1(9Z))	777394	10472358	2	19	1	1.38	45	243	692647	10275513	15.2	18	100	0	0	0	748.5251	1	13.535	0.289	1.9	3331	1878786	35764040	30382	0	0	748.5251	13.535	0			LMGP04100002
105	228.209	227.2019	9.879	C14 H28 O2	(+)-Isomyristic acid	1960799	7492893	2	5	1	0.67	288	0	1958986	7358656	16.2	266	100	0	0	0	228.2091	1	9.89	0.206	0.704	11340	3981624	15611214	25346	0	0	228.2091	9.89	0	2724-57-4		LMFA07010661
106	507.3304	506.3249	10.318			260436	2884325	3	16	1	5.95	263	25	229910	2229378	11.9	1	100	0	0	0	507.3321	1	10.324	0.396	1.654	47008	920866	14976828	399468	0	0	507.3321	10.324	0			
107	479.3011	478.294	10.22	C23H46NO7P	PE(18:1(9Z)/0:0)	212388	2268005	2	7	1	1.95	152	136	140873	1588351	12.9	4	100	0	0	0	479.301	1	10.22	0.31	1.233	1317	1712446	14936168	13598	0	0	479.301	10.22	0	89576-29-4		
108	868.5448	867.5387	12.889			337219	7009009	2	14	1	3.75	158	130	342174	7083643	18.5	0	100	0	0	0	868.5453	1	12.896	0.545	1.875	1002	768428	14776705	5912	0	0	868.5453	12.896	0			
109	363.2444	362.2372	10.217	C18 H37 N O4 S	N-palmitoyl taurine	790551	6545347	2	7	1	0.45	210	78	644482	5851953	8.6	80	100	0	0	0	363.2444	1	10.22	0.171	0.853	7795	3097056	14746418	191219	0	0	363.2444	10.22	0	83982-06-3		LMFA08020080
110	196.8166	195.808	0.352			350747	1915108	5	12	2	6.19	116	172	209515	802950	22.1	10	202.33	0	0	0	196.8162	1	0.367	0.27	0.719	7928	2214526	14664365	19849	0	0	196.8162	0.367	0			
111	723.5204	722.5129	12.126	C41 H74 N O7 P	"PE(O-16:0/20:5(5Z,8Z,11Z,14Z,17Z))"	1506206	6247078	3	18	2	0.59	274	14	1743866	7042121	19.6	187	100	0	0	0	723.5204	1	12.13	0.204	1.967	7591	3627107	14293081	44779	0	0	723.5204	12.13	0			LMGP02020095
112	462.2982	461.2912	9.983	C27 H42 O6	Lucidenic acid M	789233	7207184	2	5	1	1.3	253	35	781623	7192571	10.1	78	100	0	0	0	462.2982	1	9.992	0.261	1.017	26254	1170083	14065585	137942	0	0	462.2982	9.992	0	110241-33-3	HMDB35973	
113	125.0139	124.0058	0.484	C2H7NO3S	Taurine	501811	4748705	2	4	2	5.51	210	78	547454	4667317	49.2	16	100	0	0	0	125.014	1	0.475	0.283	0.56	29748	784378	14012410	304681	0	0	125.014	0.475	0	107-35-7		
114	558.2957	557.2886	10.321	C35 H42 O6	Denticulaflavonol	181227	1940454	2	4		1.87	243	45	125790	1279245	8.9	1	100	0	0	0	558.2957	1	10.329	0.453	1.058	2339	1169880	13978536	16723	0	0	558.2957	10.329	0			LMPK12111996
115	836.5406	835.5306	12.714			793953	6641619	2	14	1	2.68	117	171	859326	6967803	31.2	59	100	0	0	0	836.5402	1	12.709	0.45	1.484	2606	1729677	13950068	12372	0	0	836.5402	12.709	0			
116	715.5157	714.508	12.102	C39 H74 N O8 P	PE(17:1(9Z)/17:1(9Z))	359441	1870682	3	10	3	3.61	231	57	309139	1769444	13.2	6	100	0	0	0	715.5152	1	12.107	0.358	1.566	3293	3772623	13703253	17233	0	0	715.5152	12.107	0			LMGP02011209
117	312.3029	311.2957	11.627	C20 H40 O2	Arachidic acid	1465760	4403852	2	10	1	0.51	278	10	1444306	4198530	32.7	200	100	0	0	0	312.3029	1	11.631	0.377	0.426	2598	4004803	13597906	13175	0	0	312.3029	11.631	0	506-30-9	HMDB00801	LMPR0104010004
118	330.2534	389.2672	10.958	C22H34O2	"7Z, 10Z, 13Z, 16Z, 19Z-Docosapentaenoic acid"	483214	4081308	2	6	2	3.85	204	84	417248	3647642	30.3	33	100	0	0	0	330.2533	1	10.953	0.445	1.253	651	1969558	13561562	2404	0	0	330.2533	10.953	0	24880-45-3		
119	809.6746	868.6885	12.498	C48 H91 N O8	Galbeta-Cer(d18:1/24:1(15Z))	552703	3086796	2	20	2	1.14	283	5	456646	2294195	18.6	84	100	0	0	0	809.6745	1	12.505	0.343	1.69	2144	2148353	13422313	7531	0	0	809.6745	12.505	0			LMSP0501AC07
120	717.5316	716.5237	13.052	C39 H76 N O8 P	PE(22:1(11Z)/12:0)	320641	4682485	3	12	2	3.43	122	166	301614	4253203	10.6	0	100	0	0	0	717.5308	1	13.04	0.403	1.407	49430	750630	13407079	992796	0	0	717.5308	13.04	0			LMGP02011040
121	252.2089	251.2016	9.656	C16 H28 O2	"(E)-3,7-Dimethyl-2,6-octadienyl hexanoate"	775037	4591460	2	7	1	0.9	193	95	698615	4307998	12.2	76	100	0	0	0	252.2089	1	9.65	0.108	1.192	43210	2416115	13368800	202096	0	0	252.2089	9.65	0			LMFA07010618
122	298.2508	297.2438	9.396	C18 H34 O3	Ricinoleic acid	590539	2902218	2	12	2	1.28	158	130	425602	2521263	11.8	46	100	0	0	0	298.2508	1	9.406	0.18	1.351	103451	3353869	13227614	492950	0	0	298.2508	9.406	0	2443-39-2		LMFA02000098
123	529.3164	528.3094	9.716	C27 H48 N O7 P	"PE(22:4(7Z,10Z,13Z,16Z)/0:0)"	909085	4256833	2	10	2	2.5	139	149	816852	3816164	14.6	69	100	0	0	0	529.3167	1	9.712	0.163	1.037	1025	2911873	13198783	2200	0	0	529.3167	9.712	0			LMGP02050014
124	302.2244	301.2175	10.05	C20 H30 O2	Isopimaric acid	1270967	6532457	2	13	2	4.57	133	155	1329856	6908426	20.2	92	100	0	0	0	302.2247	1	10.006	0.4	1.022	2724	3030093	13109914	13187	0	0	302.2247	10.006	0	106689-24-1		LMPR0104050001
125	791.5467	790.5396	12.224	C45 H78 N O8 P	"PE(P-18:0/22:6(4Z,7Z,10Z,12E,16Z,19Z)(14OH))"	1126697	7726027	2	21	3	1.77	199	89	1085570	7747229	15.6	145	100	0	0	0	791.5466	1	12.224	0.32	1.356	688	2276146	12726515	5937	0	0	791.5466	12.224	0			LMGP20020015
126	527.3008	526.2936	9.413	C27 H46 N O7 P	"LysoPE(22:5(7Z,10Z,13Z,16Z,19Z)/0:0)"	796342	3624324	2	8	2	2.51	193	95	676432	3039004	20.4	77	100	0	0	0	527.301	1	9.411	0.346	0.873	849	3033983	12726163	2349	0	0	527.301	9.411	0		HMDB11525	
127	547.3271	546.3202	9.85			552391	2403309	4	11	1	1.54	227	61	367053	1625809	16.4	51	100	0	0	0	547.3273	1	9.857	0.278	0.796	3571	2704537	12312140	69875	0	0	547.3273	9.857	0			
128	879.6123	878.6035	13.629	C46 H89 N O12 S	C22-OH Sulfatide	114825	3614015	2	10	1	4.36	175	113	119504	3751363	33.5	0	100	0	0	0	879.6124	1	13.636	0.535	2.018	2397	310455	12252486	26498	0	0	879.6124	13.636	0			LMSP06020011
129	523.2546	522.2463	7.153	C26 H33 N7 O5	Arg Tyr Trp	349011	2008142	3	7	1	3.09	200	88	268078	1491801	8.2	18	100	0	0	0	523.2544	1	7.155	0.086	0.704	13132	1784694	12187725	52856	0	0	523.2544	7.155	0			
130	728.5359	773.5337	13.646	C41 H77 O8 P	"PA(18:0/20:2(11Z,14Z))"	155187	3164605	2	11	3	4.01	187	101	132900	2602645	34.1	0	100	0	0	0	728.5353	1	13.645	0.384	1.705	1947	674558	11884622	8548	0	0	728.5353	13.645	0			LMGP10010965
131	813.6234	848.5928	13.851	C46 H88 N O8 P	"PE(22:2(13Z,16Z)/19:0)"	297600	6071592	2	6	1	2.18	134	154	289895	6222784	16.5	0	100	0	0	0	813.6234	1	13.865	0.484	0.621	1976	637239	11722924	28823	0	0	849.6	13.865	0			LMGP02011088
132	763.5144	762.5229	12.154			531901	2756216	2	16	3	4.81	82	206	114726	689835	42.9	21	100	0	0	0	763.5149	1	12.151	0.303	1.613	2577	3381449	12465058	28449	0	0	763.5149	12.151	0			
133	392.2485	437.2466	9.972			469531	3898181	2	9	1	2.64	282	6	417196	3494273	8.3	20	100	0	0	0	392.2484	1	9.985	0.222	0.966	3492	1712329	11601317	9388	0	0	392.2484	9.985	0			
134	527.3011	526.2938	9.487	C27 H46 N O7 P	"LysoPE(22:5(7Z,10Z,13Z,16Z,19Z)/0:0)"	707514	3582594	2	8	1	0.3	221	67	697397	3349126	12.6	74	100	0	0	0	527.3011	1	9.495	0.148	0.94	1733	1913598	11536930	11500	0	0	527.3011	9.495	0		HMDB11525	
135	500.3694	499.3639	10.999			55347	345072	2	15		5.82	154	134	9836	127468	29	3	100	0	0	0	500.3701	1	11.003	0.349	0.924	1185	2546690	11521049	4184	0	0	500.3701	11.003	0			
136	734.5574	733.5503	11.812			693633	5067628	2	10	1	1.76	203	85	702318	5052501	15.1	29	100	0	0	0	734.5575	1	11.817	0.219	1.412	2956	1145306	11492754	4601	0	0	734.5575	11.817	0			
137	326.1364	651.2659	4.099	C16 H22 O7	Citrusin C	165470	802642	2	10	1	0.5	272	16	147433	667675	0	1	100	0	0	0	326.1364	1	4.105	0.091	0.889	9888	1416965	11313355	40633	0	0	326.1364	4.105	0	18604-50-7	HMDB38708	
138	516.3434	515.3362	7.84			286280	4330427	2	4		0.7	172	116	277649	3908279	29.9	1	100	0	0	0	516.3434	1	7.859	0.447	0.647	4029	2317985	11184876	5099	0	0	516.3434	7.859	0			
139	765.5312	810.5298	12.66	C43 H76 N O8 P	"PE(P-18:1(9Z)/20:4(6E,8Z,11Z,14Z)(5OH[S]))"	420839	4911750	2	14	2	1.67	167	121	408198	4945443	15.5	4	100	0	0	0	765.5311	1	12.659	0.518	1.685	5358	910979	11048823	41711	0	0	765.5311	12.659	0			LMGP20020012
140	833.5206	832.5137	12.477	C46 H76 N O10 P	"PS(22:6(4Z,7Z,10Z,13Z,16Z,19Z)/18:1(9Z))"	282224	2222086	2	13	2	2.69	70	218	216358	1519928	17.9	1	100	0	0	0	833.5206	1	12.481	0.257	1.135	95400	802951	10891877	660756	0	0	833.5206	12.481	0			LMGP03010828
141	881.517	880.5046	12.322			259106	1855700	2	12	1	4.9	92	196	180350	1045569	33.9	3	100	0	0	0	881.5186	1	12.32	0.471	1.459	7364	908910	10868343	28144	0	0	881.5186	12.32	0			
142	699.5651	758.579	11.776	C40 H77 N O8	GlcCer(d16:1/18:0)	649116	2978117	2	22	2	1.1	274	14	641298	2842586	21.1	81	95.85	0	0	0	699.565	1	11.784	0.181	1.099	1477	1764740	10815088	9139	0	0	699.565	11.784	0			LMSP0501AA49
143	905.6263	904.619	13.771	C48 H91 N O12 S	C24:1-OH Sulfatide	233175	5568583	2	9	1	1.75	162	126	222678	5459855	17.9	0	100	0	0	0	905.6262	1	13.772	0.361	1.335	1495	479580	10755198	5926	0	0	905.6262	13.772	0			LMSP06020016
144	477.2854	476.2782	9.118	C23 H44 N O7 P	"PE(18:2(9Z,12Z)/0:0)"	811805	3179081	3	12	1	0.45	225	63	604396	2281822	10.3	83	100	0	0	0	477.2854	1	9.119	0.143	0.827	4599	2798550	10738142	13312	0	0	477.2854	9.119	0			LMGP02050011
145	841.5622	886.5532	12.218			104267	838762	2	10	2	3.01	174	114	74279	597039	19.5	5	100	0	0	0	841.5627	1	12.232	0.391	0.827	4405	1128752	10730383	52683	0	0	841.5627	12.232	0			
146	781.6423	816.6128	12.275	C46 H87 N O8	"GlcCer(d16:2(4E,6E)/24:0)"	221518	1670778	3	26	2	2.78	282	6	158102	1135212	31.4	3	100	0	0	0	781.6428	1	12.279	0.534	0.837	1695	1372254	10615515	6658	0	0	781.6428	12.279	0			LMSP0501AA64
147	729.569	728.5602	12.615	C41 H80 N O7 P	PE(P-20:0/16:1(9Z))	483057	2620442	5	19	3	2.72	253	35	275126	1817425	8.9	50	100	0	0	0	729.5685	1	12.616	0.311	0.991	8207	2104648	10583812	55965	0	0	729.5685	12.616	0			LMGP02030069
148	482.2432	481.2359	10.087	C25 H39 O7 P	"PA(22:6(4Z,7Z,10Z,13Z,16Z,19Z)/0:0)"	171330	1912068	2	7		2.42	175	113	117336	1477742	11.2	2	100	0	0	0	482.2431	1	10.089	0.309	1.032	3749	1076284	10521637	40645	0	0	482.2431	10.089	0			LMGP10050019
149	598.3116	597.3045	10.172	C27 H51 O12 P	PI(18:1(9Z)/0:0)	234034	2439071	2	4	1	0.35	280	8	207270	2042928	14.7	1	100	0	0	0	598.3117	1	10.178	0.314	0.806	2400	986955	10362113	15206	0	0	598.3117	10.178	0			LMGP06050005
150	745.5598	780.5272	12.765			309142	2198046	3	15	2	4.89	95	193	253032	2254586	34.7	4	100	0	0	0	745.5598	1	12.783	0.589	1.233	5308	1168585	10226934	62644	0	0	745.5598	12.783	0			
151	837.5303	836.5237	12.008	C49 H76 N O8 P	"PE(22:6(4Z,7Z,10Z,13Z,16Z,19Z)/22:5(7Z,10Z,13Z,16Z,19Z))"	1106325	5378105	2	14	1	2.96	199	89	1095830	5256952	26	158	100	0	0	0	837.5308	1	12.01	0.222	0.899	3286	2130364	10180669	44084	0	0	837.5308	12.01	0		HMDB09704	
152	856.5487	901.5442	12.902			88737	999347	2	12		3.63	90	198	51079	605196	49.9	3	100	0	0	0	856.5481	1	12.889	0.416	1.238	897	1354182	10042969	1555	0	0	856.5481	12.889	0			
153	868.5253	867.5224	12.709			329812	4041804	2	12	1	3.41	177	111	313641	4119207	29	2	100	0	0	0	868.5251	1	12.707	0.588	1.032	1244	990789	10042003	2957	0	0	868.5251	12.707	0			
154	367.1938	402.1632	11.162	C26 H25 N O	JWH145	32112	286428	2	5	1	0.61	95	193	4073	58874	51.8	1	100	0	0	0	367.1938	1	11.158	0.367	0.791	618	1293867	9994827	3782	0	0	403.1705	11.158	0	914458-19-8		
155	767.5469	766.5396	12.34	C43 H78 N O8 P	"PE(P-18:0/20:4(6E,8Z,11Z,14Z)(5OH[S]))"	1129569	6731595	2	15	2	2.19	190	98	1212499	7251271	17.1	149	100	0	0	0	767.5468	1	12.342	0.364	1.084	2009	1866975	9989943	48851	0	0	767.5468	12.342	0			LMGP20020013
156	310.1811	309.174	9.166			145457	1470981	2	6	1	1.17	244	44	117073	1166671	15.3	1	100	0	0	0	310.1811	1	9.197	0.461	0.75	2066	2294296	9883841	8218	0	0	310.1811	9.197	0			
157	774.544	773.546	12.809			85023	1069610	2	8	2	10.09	52	236	54603	498910	41.4	0	100	0	0	0	774.5422	1	12.81	0.442	1.597	2357	632691	9878788	3758	0	0	774.5422	12.81	0			
158	618.3322	653.3016	10.766	C25 H46 N8 O10	Minosaminomycin	528665	4167653	2	5	1	3.53	160	128	426833	3600243	15.1	19	100	0	0	0	618.3322	1	10.782	0.341	0.698	1046	2368280	19461168	6525	0	0	654.3086	10.782	0	51746-09-9		
159	219.1105	218.1035	0.749	C9 H17 N O5	D-Pantothenic acid	158660	1725166	2	8	2	0.52	106	182	133898	1371597	9.8	0	100	0	0	0	219.1105	1	0.75	0.173	0.539	11929	790227	9840949	56635	0	0	219.1105	0.75	0	79-83-4	HMDB00210	
160	870.5609	915.5603	12.979	C47 H83 O12 P	"PI(P-18:0/20:4(5Z,8Z,11Z,14Z))"	167113	2111282	2	9		6.05	110	178	157638	1236893	65.7	0	100	0	0	0	870.5602	1	12.97	0.476	1.376	1303	518706	9820724	4159	0	0	870.5602	12.97	0			LMGP06030091
161	739.5154	738.5081	12.058	C41 H74 N O8 P	"PE(P-16:0/20:4(6E,8Z,11Z,14Z)(5OH[S]))"	756622	4464876	2	11	2	0.88	209	79	760501	4382128	9.5	56	100	0	0	0	739.5154	1	12.064	0.269	1.145	29945	1353608	9781771	132330	0	0	739.5154	12.064	0			LMGP20020011
162	674.4888	673.4814	13.271	C37 H71 O8 P	9-Octadecenoic acid 1-[[(1-oxohexadecyl)oxy]methyl]-2-(phosphonoxy)ethyl ester	150872	3317648	5	12	2	1.51	280	8	137883	3176444	21.6	0	100	0	0	0	674.4887	1	13.275	0.527	2.137	13586	558833	9760080	269630	0	0	674.4887	13.275	0	10015-87-9	HMDB31130	
163	811.5156	810.5084	11.91	C47 H74 N O8 P	"PE(22:6(4Z,7Z,10Z,13Z,16Z,19Z)/20:4(8Z,11Z,14Z,17Z))"	867528	4626275	2	10	2	2.54	196	92	874564	4660986	13.4	110	100	0	0	0	811.5155	1	11.913	0.58	0.524	3983	1493677	9739274	36549	0	0	811.5155	11.913	0		HMDB09697	
164	234.1615	233.153	8.322	C15H22O2	Confertifoline	358282	2422014	2	9	2	3.37	281	7	306272	2088685	10.7	10	100	0	0	0	234.162	1	8.328	0.184	1.418	158181	1207735	9637555	988693	0	0	234.162	8.328	0	1811-23-0		
165	272.2348	271.2281	9.858	C16 H32 O3	2-Hydroxyhexadecanoic acid	486081	2165322	2	10	1	1.17	258	30	373656	1645578	9.6	47	100	0	0	0	272.2349	1	9.865	0.19	0.729	59323	2378081	9484292	343751	0	0	272.2349	9.865	0	764-67-0		LMFA01080013
166	243.0561	242.0491	1.083	C10 H13 N O4 S	Mono-N-depropylprobenecid	37175	300783	2	5	1	1.9	261	27	15792	125963	21	1	125.36	0	0	0	243.0562	1	1.089	0.216	0.904	2350	1344914	9342530	14636	0	0	243.0562	1.089	0	10252-65-0		
167	772.5248	771.5177	13.216	C42 H77 O10 P	"PG(22:2(13Z,16Z)/14:1(9Z))"	130663	1638581	2	8	3	3.84	166	122	95326	1257120	25.5	0	100	0	0	0	772.5252	1	13.212	0.45	1.376	4350	821000	11986967	55357	0	0	772.5252	13.212	0			LMGP04010759
168	741.5309	740.5236	12.137	C41 H76 N O8 P	"PE(19:1(9Z)/17:2(9Z,12Z))"	720149	3689481	2	11	2	0.5	199	89	747352	3873778	13.6	48	100	0	0	0	741.5309	1	12.14	0.301	1.592	3235	1928759	9076689	9317	0	0	741.5309	12.14	0			LMGP02010803
169	775.5516	774.5444	12.371			535721	2759326	2	13	2	6.12	120	168	551601	2527897	25.5	21	100	0	0	0	775.5517	1	12.388	0.563	1.489	854	1380707	9054456	2110	0	0	775.5517	12.388	0			
170	310.2885	309.2794	11.505			732811	2141300	2	12	1	9.4	69	219	41712	232035	42.6	23	82.18	0	0	0	310.287	1	11.486	0.468	1.202	901	3093109	8977620	3468	0	0	310.287	11.486	0			
171	888.56	887.5574	12.705			103650	1021174	2	21		6.18	128	160	20797	247681	38.2	5	100	0	0	0	888.5597	1	12.703	0.427	1.669	875	957336	8875473	4188	0	0	888.5597	12.703	0			
172	176.03	175.0219	0.33			1025222	2681637	2	13	3	5.8	246	42	998551	2549065	22.9	147	204.73	0	0	0	176.0297	1	0.316	0.164	1.068	3885	3801030	8860902	32374	0	0	176.0297	0.316	0			
173	411.2442	410.237	9.911	C22 H37 N O4 S	N-arachidonoyl taurine	271779	2334461	3	6		1.74	142	146	270824	2394197	11.8	1	100	0	0	0	411.2442	1	9.912	0.46	1.094	1855	958145	8824219	15044	0	0	411.2442	9.912	0			LMFA08020075
174	387.2443	386.237	9.901	C20 H37 N O4 S	N-linoleoyl taurine	403132	3102087	3	7	1	0.31	193	95	295243	2251408	11.5	19	100	0	0	0	387.2443	1	9.901	0.206	0.96	33790	2059271	8821875	231129	0	0	387.2443	9.901	0			LMFA08020138
175	268.0807	267.0731	0.617	C10 H12 N4 O5	Inosine	181358	2733658	3	12	3	1.07	217	71	169774	2381854	13	0	184.77	0	0	0	268.0807	1	0.63	0.109	0.93	16451	463713	8780548	272469	0	0	268.0807	0.63	0	58-63-9	HMDB00195	
176	761.5341	806.5341	12.189			536862	2436174	2	13	2	6.19	87	201	497797	3168388	25.7	4	100	0	0	0	761.5359	1	12.234	0.508	1.027	4333	9748428	8750915	62376	0	0	761.5359	12.234	0			
177	825.5283	824.5034	11.997			37325	258700	3	21		4.66	169	119	25050	130850	33.2	0	100	0	0	0	825.5294	1	12.004	0.536	1.079	7154	750307	8692046	56475	0	0	825.5294	12.004	0			
178	509.4808	544.4504	11.847	C32 H63 N O3	Cer(d14:1/18:0)	824520	3281563	2	12	3	0.55	286	2	829524	3368039	33.3	133	100	0	0	0	509.4808	1	11.854	0.271	0.76	1170	2370941	8681277	2470	0	0	509.4808	11.854	0			LMSP02010034
179	569.2752	568.2681	9.683	C28 H44 N O9 P	"PS(22:6(4Z,7Z,10Z,13Z,16Z,19Z)/0:0)"	312948	2843425	2	6	1	0.35	279	9	248798	2239342	11.5	4	100	0	0	0	569.2752	1	9.689	0.234	0.96	1684	948980	8672501	7203	0	0	569.2752	9.689	0			LMGP03050013
180	270.256	269.2485	10.882	C17 H34 O2	"Pentadecanoic acid, 14-methyl-, methyl ester"	1009775	4193857	2	6	1	1.22	266	22	952835	4254698	11.5	173	100	0	0	0	270.256	1	10.892	0.255	1.022	14891	2450318	8670218	90230	0	0	270.256	10.892	0			
181	183.0354	228.0336	1.065	C8 H9 N O2 S	p-Hydroxyphenylacetothiohydroximate	143555	1192747	2	4	1	0.41	127	161	87734	738197	13.5	1	181.29	0	0	0	183.0354	1	1.065	0.039	0.426	22375	978254	8641237	152966	0	0	229.0407	1.065	0			
182	733.5703	792.5842	11.456			291962	3189353	3	17	3	0.3	272	16	269801	2899378	13.7	2	100	0	0	0	733.5703	1	11.462	0.165	1.227	10697	866604	8629510	49262	0	0	733.5703	11.462	0			
183	862.5559	861.5499	13.201	C45 H83 O13 P	"PI(22:2(13Z,16Z)/14:0)"	173724	3572570	2	8	2	1.59	76	212	158417	3347959	36.7	0	100	0	0	0	862.5563	1	13.198	0.462	1.741	1195	363128	9120313	6271	0	0	862.5563	13.198	0			LMGP06010727
184	312.176	311.1688	9.452	C17 H28 O3 S	N-Undecylbenzenesulfonic acid	908881	5396094	2	8	1	1.19	114	174	872880	4667840	35.8	66	100	0	0	0	312.1761	1	9.471	0.282	1.592	24446	2829993	21920834	39257	0	0	312.1761	9.471	0	50854-94-9	HMDB32549	
185	905.6541	904.6465	14.369			98985	3467462	2	7	1	1.72	142	146	94785	3090389	8.7	0	99.66	0	0	0	905.6538	1	14.378	0.499	1.885	4870	204925	8445704	30727	0	0	905.6538	14.378	0			
186	375.1394	374.132	10.575	C24 H22 Cl N O	JWH 398	21123	163067	2	5	1	3.88	128	160	2693	15577	60.9	1	100	0	0	0	375.1392	1	10.574	0.224	0.277	934	1124836	8421203	1251	0	0	375.1392	10.574	0			
187	392.2711	391.262	10.374			440210	3229644	3	8	1	5.05	199	89	443503	2912345	15.3	6	100	0	0	0	392.2706	1	10.381	0.351	1.145	1823	1445222	8379986	11308	0	0	392.2706	10.381	0			
188	555.3228	554.3157	8.975			260332	2537768	2	6	1	1.92	122	166	223069	1845853	19.1	3	100	0	0	0	555.3228	1	8.987	0.489	1.079	1773	1200961	8275466	12779	0	0	555.3228	8.987	0			
189	817.5627	816.5552	12.345	C47 H80 N O8 P	"PE(22:6(4Z,7Z,10Z,13Z,16Z,19Z)/20:1(11Z))"	538394	3104688	3	22	2	2.4	152	136	521201	2963169	16.7	10	100	0	0	0	817.5624	1	12.353	0.334	1.34	5056	3022303	8263447	46832	0	0	817.5624	12.353	0		HMDB09692	
190	705.5388	704.5321	11.13			239884	2383542	2	18	2	1.36	279	9	212356	2112576	19.9	0	100	0	0	0	705.5389	1	11.135	0.176	1.13	1080	800355	8124790	6438	0	0	705.5389	11.135	0			
191	620.2961	619.2891	9.649	C29 H49 O12 P	"PI(20:4(5Z,8Z,11Z,14Z)/0:0)"	414451	3580697	2	4	1	0.22	206	82	374685	3392984	15.8	5	100	0	0	0	620.2961	1	9.693	0.313	1.351	3108	2120597	13023041	21268	0	0	620.2961	9.693	0			LMGP06050006
192	896.5396	895.5317	13.275			164467	4225520	5	10		4.4	110	178	102837	4426777	15.1	0	100	0	0	0	896.5416	1	13.279	0.388	1.875	6097	496691	7983071	174393	0	0	896.5416	13.279	0			
193	619.5901	678.6045	12.604	C40 H77 N O3	"Cer(d16:2(4E,6E)/24:0)"	174956	1412619	2	9	2	1.36	285	3	97754	895782	13.5	4	100	0	0	0	619.5902	1	12.612	0.252	0.652	942	1036566	7869004	1643	0	0	619.5902	12.612	0			LMSP02010067
194	340.2072	339.1997	10.453	C22H28O3	Norethindrone acetate	562338	3855087	2	8	1	1.25	97	191	427979	3212471	27.1	19	100	0	0	0	340.2072	1	10.426	0.289	0.976	8954	2783248	13462840	187072	0	0	340.2072	10.426	0	51-98-9		
195	115.0251	174.0407	0.348			1723120	4717350	3	5	1	8.05	273	15	1696542	4938461	24.5	264	199.14	0	0	0	115.0249	1	0.349	0.105	0.919	2666	3420029	7767624	4693	0	0	115.0249	0.349	0			
196	737.5025	796.5253	12.53			107170	957815	2	10	1	5.08	128	160	68391	784002	15.6	2	100	0	0	0	737.5009	1	12.552	0.539	1.284	3150	1004607	7693487	20721	0	0	737.5009	12.552	0			
197	945.6934	944.6865	15.283			59158	2251529	2	4	1	0.25	271	17	49061	1805096	17.6	0	100	0	0	0	945.6934	1	15.27	0.543	1.325	1650	191305	7682429	21443	0	0	945.6934	15.27	0			
198	794.51	793.5025	13.078	C44 H75 O10 P	"PG(18:1(9Z)/20:5(5Z,8Z,11Z,14Z,17Z))"	217491	2765011	2	13	1	5.55	79	209	194526	2514342	33.2	0	100	0	0	0	794.51	1	13.055	0.44	1.346	1321	758901	7670202	1379	0	0	794.51	13.055	0			LMGP04010878
199	780.5258	779.5183	12.738			312166	2294686	2	11	1	4.48	49	239	40907	872066	57.3	6	100	0	0	0	780.5253	1	12.74	0.435	1.546	1041	1477419	11366017	5042	0	0	780.5253	12.74	0			
200	306.2559	305.2486	10.583	C20 H34 O2	"11(Z),14(Z),17(Z)-Eicosatrienoic Acid"	844633	3103168	3	11	4	0.6	256	32	797200	2812789	16.2	114	100	0	0	0	306.2559	1	10.577	0.198	1.14	109915	2202236	7590583	320548	0	0	306.2559	10.577	0	7019-85-4		
201	541.2799	540.2732	8.253			135960	1363641	2	5	1	0.98	176	112	100576	937769	6.7	0	100	0	0	0	541.2802	1	8.258	0.189	1.33	13997	844582	7589373	143902	0	0	541.2802	8.258	0			
202	809.4995	854.4979	11.838	C47 H72 N O8 P	"PE(22:6(4Z,7Z,10Z,13Z,16Z,19Z)/20:5(5Z,8Z,11Z,14Z,17Z))"	637095	2516778	2	11	2	3.55	186	102	696381	2566540	30.9	68	100	0	0	0	809.4997	1	11.815	0.563	1.176	2430	1860425	7507096	6954	0	0	809.4997	11.815	0		HMDB09698	
203	547.3273	546.3198	9.968			392909	2291726	3	11	1	1.34	151	137	321609	1963670	12.7	10	100	0	0	0	547.3273	1	9.964	0.352	0.791	2156	1289762	7500441	13800	0	0	547.3273	9.964	0			
204	306.1662	305.1607	5.134			104052	494552	2	9	2	4.94	231	57	71030	342766	11.8	1	100	0	0	0	306.1665	1	5.139	0.355	0.621	4047	1256425	7437903	26807	0	0	306.1665	5.139	0			
205	332.2716	331.2643	10.834	C22 H36 O2	Adrenic Acid	682682	3287811	2	16	3	2.56	206	82	608636	2874715	13.5	64	100	0	0	0	332.2715	1	10.831	0.251	1.556	10542	1738839	7315907	68704	0	0	332.2715	10.831	0	28874-58-0	HMDB38910	
206	296.2348	331.2042	9.052	C18 H32 O3	9(S)-HODE	273463	1348947	2	8	1	2.89	199	89	239644	1124886	9.7	2	100	0	0	0	296.235	1	9.06	0.195	1.335	2993	1492452	7211973	37387	0	0	296.235	9.06	0	73543-67-6		LMFA02000287
207	719.5463	718.539	13.686	C39 H78 N O8 P	PE(12:0/22:0)	125613	2688804	2	8	2	2.79	152	136	119264	2307328	16.7	0	100	0	0	0	719.5462	1	13.675	0.483	1.834	4369	283743	7206364	40896	0	0	719.5462	13.675	0			LMGP02011258
208	724.5038	723.4967	13.321	C41 H73 O8 P	"PA(16:0/22:4(7Z,10Z,13Z,16Z))"	134019	2645255	2	6	2	1.68	159	129	139574	2619005	23.6	0	100	0	0	0	724.5039	1	13.322	0.284	1.048	3080	346795	7146555	10743	0	0	724.5039	13.322	0			LMGP10010970
209	339.2233	384.2215	9.479	C19 H33 N O2 S	S-Farnesyl-L-cysteine ME	159191	1573676	2	4	1	1.96	169	119	116042	1184995	9.5	1	100	0	0	0	339.2233	1	9.481	0.143	0.616	1850	865232	7135614	11578	0	0	385.2286	9.481	0	125741-64-2		
210	727.5515	726.5444	12.394	C41 H78 N O7 P	"PE(O-16:0/20:3(8Z,11Z,14Z))"	827923	4065898	2	7	3	4.44	50	238	859276	3878028	20.3	26	98.88	0	0	0	727.5517	1	12.391	0.286	0.76	2700	1221409	7095015	10434	0	0	727.5517	12.391	0			LMGP02020096
211	848.587	907.5924	13.163			82244	1043368	2	8		3.77	111	177	76297	936032	38.8	0	100	0	0	0	848.5872	1	13.152	0.369	1.079	1589	531908	6990990	3999	0	0	848.5872	13.152	0			
212	699.519	698.5135	12.152	C39 H74 N O7 P	"PE(O-16:0/18:3(6Z,9Z,12Z))"	493424	2818870	3	8	2	2.89	188	100	526555	2722545	17	5	100	0	0	0	699.5196	1	12.153	0.496	1.633	1118	1060247	6981894	4705	0	0	699.5196	12.153	0			LMGP02020099
213	656.5014	655.4942	10.029			326532	2936756	2	4	1	0.23	195	93	320827	2557224	5.8	0	100	0	0	0	656.5015	1	10.034	0.149	1.279	162556	546307	6911847	1371780	0	0	656.5015	10.034	0			
214	860.5391	859.5346	12.919	C45 H81 O13 P	"PI(22:2(13Z,16Z)/14:1(9Z))"	297575	2698350	2	16	2	2.63	157	131	256024	2395766	38.3	8	100	0	0	0	860.5396	1	12.93	0.516	1.33	2265	1026630	7556068	10858	0	0	860.5396	12.93	0			LMGP06010728
215	328.2405	655.4732	10.308	C22 H32 O2	"(4Z,7Z,10Z,13Z,16Z,19Z)-4,7,10,13,1 6,19-Docosahexaenoic acid"	806419	2125022	3	13	3	3.49	16	272	55971	301085	31.6	2	100	0	0	0	328.24	1	10.314	0.227	1.299	9500	6735083	19163628	95202	0	0	328.24	10.314	0	6217-54-5	HMDB38908	
216	793.5616	792.5547	12.425	C45 H80 N O8 P	"PE(22:1(11Z)/18:4(6Z,9Z,12Z,15Z))"	449109	3152268	2	14	2	1.88	214	74	457060	3068008	14.8	13	100	0	0	0	793.5619	1	12.436	0.297	1.227	2406	957872	6696891	19695	0	0	793.5619	12.436	0			LMGP02011056
217	268.2403	267.233	10.434	C17 H32 O2	"7-Ethylpentadecane-4,6-dione"	354853	2240492	2	9	1	2.96	209	79	351145	2460141	15.2	1	100	0	0	0	268.2402	1	10.442	0.295	1.181	6007	1096571	6671411	32692	0	0	268.2402	10.442	0			LMFA12000267
218	573.333	572.3263	8.617	C33 H43 N5 O4	Amphibine A	188341	1993456	2	4	1	1.01	241	47	154089	1624887	17.9	1	100	0	0	0	573.3333	1	8.62	0.119	0.904	10634	1393663	6660206	173043	0	0	573.3333	8.62	0	36535-97-4		
219	537.512	596.5259	12.065	C34 H67 N O3	Cer(d16:1/18:0)	142525	1082900	2	13	2	1.41	287	1	98669	762266	21.7	1	100	0	0	0	537.5119	1	12.066	0.391	0.873	908	897163	6640940	1902	0	0	537.5119	12.066	0			LMSP02010046
220	715.5516	714.5444	12.473	C40 H78 N O7 P	PE(P-20:0/15:1(9Z))	489200	3113997	2	12	3	3.57	135	153	504784	3164514	23.3	4	100	0	0	0	715.5515	1	12.477	0.4	1.274	2127	899418	6635160	10269	0	0	715.5515	12.477	0			LMGP02030067
221	529.3161	528.3094	9.787	C27 H48 N O7 P	"PE(22:4(7Z,10Z,13Z,16Z)/0:0)"	480336	2496910	3	12	2	3.17	229	59	425491	2292692	12.8	26	100	0	0	0	529.3167	1	9.766	0.171	1.176	41356	1533421	6628571	226935	0	0	529.3167	9.766	0			LMGP02050014
222	267.0965	302.066	0.959	C10 H13 N5 O4	Adenosine	107247	1522942	2	8	3	0.3	261	27	95643	1378483	12.7	0	177.01	0	0	0	267.0965	1	0.96	0.111	1.423	18534	352609	6620219	321999	0	0	267.0965	0.96	0	58-61-7	HMDB00050	
223	310.2888	309.2797	11.223			787991	2438332	2	15	3	8.8	38	250	49165	237077	44.8	12	100	0	0	0	310.2873	1	11.24	0.285	1.15	3003	5478278	15962613	5572	0	0	310.2873	11.24	0			
224	777.5308	776.5241	12.209	C44 H76 N O8 P	"PE(17:0/22:6(4Z,7Z,10Z,13Z,16Z,19Z))"	587772	3766941	2	12	3	1.25	151	137	609193	3910243	14.3	11	100	0	0	0	777.531	1	12.21	0.251	1.027	6677	986791	6007312	32323	0	0	777.531	12.21	0			LMGP02011210
225	142.0242	141.017	0.241			1441283	1866827	3	4	1	0.66	284	4	1358728	1720696	45.7	277	232.9	0	0	0	142.0242	1	0.241	0.016	0.288	568672	3133989	6462649	609625	0	0	142.0242	0.241	0			
226	342.2194	341.2122	9.624	C22 H30 O3	"2-Hydroxy-6-(8,11,14-pentadecatrienyl)benzoic acid"	330004	1504649	2	15	2	2.31	200	88	263829	1307202	11.8	7	100	0	0	0	342.2194	1	9.626	0.187	1.443	66316	1764650	6450381	513080	0	0	342.2194	9.626	0	103904-73-0	HMDB31059	
227	116.0094	175.022	0.376			519857	1761717	2	6	1	8.63	117	171	405690	1680615	16.8	26	100	0	0	0	116.0092	1	0.371	0.197	0.606	20596	2644825	6442926	102009	0	0	116.0092	0.371	0			
228	458.2436	961.4911	10.058			119621	1416728	2	10		3.37	150	138	94750	1228839	15.7	0	100	0	0	0	458.2433	1	10.061	0.481	1.233	1706	544349	6432519	3443	0	0	458.2433	10.061	0			
229	618.3318	653.3012	10.57	C25 H46 N8 O10	Minosaminomycin	355499	2995284	2	7	1	3.98	145	143	314243	2861469	16.5	4	100	0	0	0	618.3318	1	10.568	0.264	0.652	1964	1666250	7622254	13217	0	0	654.3086	10.568	0	51746-09-9		
230	819.5988	818.5908	12.814	C44 H86 N O10 P	PS(16:0/22:0)	188008	2750808	2	9	1	2.14	210	78	195795	2946522	22.3	0	100	0	0	0	819.5989	1	12.81	0.546	1.392	15244	434064	6420350	53119	0	0	819.5989	12.81	0			LMGP03010966
231	725.5361	724.5292	12.235	C41 H76 N O7 P	"PE(O-18:0/18:4(6Z,9Z,12Z,15Z))"	784026	3722908	2	8	2	3.2	135	153	777990	3754244	16	53	100	0	0	0	725.536	1	12.236	0.371	0.606	2185	1428666	6384704	12718	0	0	725.536	12.236	0			LMGP02020051
232	410.3187	409.311	10.996	C28 H42 O2	28:7(n-6)	388258	2388455	3	5	1	3.67	115	173	262173	1890719	20	13	100	0	0	0	410.3184	1	10.974	0.407	1.022	5021	1573627	6381489	31960	0	0	410.3184	10.974	0			LMFA01030916
233	298.2508	297.2435	9.838	C18 H34 O3	Ricinoleic acid	508664	2784770	2	14	4	1.88	214	74	492504	2578253	15.4	13	100	0	0	0	298.2508	1	9.837	0.202	1.515	13416	1367674	6359716	87680	0	0	298.2508	9.837	0	2443-39-2		LMFA02000098
234	252.2089	251.2018	9.761	C16 H28 O2	"(E)-3,7-Dimethyl-2,6-octadienyl hexanoate"	300031	1633350	2	7	1	1.93	226	62	241860	1224302	21.5	5	100	0	0	0	252.2089	1	9.771	0.187	1.058	4433	1305039	6287664	20625	0	0	252.2089	9.771	0			LMFA07010618
235	600.3274	599.3202	10.788	C27 H53 O12 P	PI(18:0/0:0)	482283	4200680	2	6	1	0.36	124	164	432944	4661980	14.3	14	100	0	0	0	600.3274	1	10.782	0.343	0.77	3478	2083474	11454981	32453	0	0	600.3274	10.782	0			LMGP06050004
236	219.1292	264.1274	4.418	C10 H21 N O2 S	Pentahomomethionine	54500	435017	2	3	1	0.83	259	29	39906	323084	4.2	1	100	0	0	0	219.1292	1	4.421	0.094	0.344	16498	805631	6226642	122439	0	0	265.1346	4.421	0			
237	263.1189	262.1117	4.244	C11 H21 N O4 S	7-Mercaptoheptanoylthreonine	43768	328685	2	4	1	0.65	263	25	27372	212155	5.5	0	100	0	0	0	263.1189	1	4.248	0.101	0.75	5633	834847	6200868	31407	0	0	263.1189	4.248	0			
238	250.1566	249.1498	8.973	C15 H22 O3	"(3beta,8beta)-3-Hydroxy-7(11)-eremophilen-12,8-olide"	180139	954133	2	4	2	2.17	250	38	128609	635925	15.3	3	100	0	0	0	250.1568	1	8.985	0.149	0.411	1425	1334981	6126429	7752	0	0	250.1568	8.985	0	158848-23-8	HMDB40754	
239	1052.5653	1051.5577	7.864			99171	2227681	2	5	1	0.16	233	55	89916	2005663	25.1	0	100	0	0	0	1052.5653	1	7.877	0.277	1.243	53710	148486	6106431	613563	0	0	1052.5653	7.877	0			
240	555.5224	614.5365	11.861	C34 H69 N O4	Cer(d18:0/16:0(2OH))	283721	1205083	2	16	2	1.57	285	3	265434	1131380	36	5	100	0	0	0	555.5225	1	11.868	0.326	0.765	1165	1266836	6081490	1864	0	0	555.5225	11.868	0			LMSP02020029
241	513.2758	512.269	7.876			127972	2053802	2	7	1	0.33	221	67	99280	1713872	15	0	100	0	0	0	513.2759	1	7.878	0.254	0.935	24818	742623	8032234	571223	0	0	513.2759	7.878	0			
242	354.3124	353.3061	11.068	C22 H42 O3	4-oxo-docosanoic acid	159116	1146325	2	9		4.34	220	68	131267	1028857	10.8	0	100	0	0	0	354.3132	1	11.067	0.153	1.109	21603	732891	6041254	121806	0	0	354.3132	11.067	0			LMFA01060143
243	479.3017	478.2939	9.83	C23 H46 N O7 P	PE(18:1(9Z)/0:0)	337473	1647806	2	11	2	2.97	70	218	173270	748410	36.7	9	100	0	0	0	479.3011	1	9.832	0.281	1.099	3118	2407399	6007812	43166	0	0	479.3011	9.832	0	89576-29-4	HMDB11505	
244	751.5517	750.5353	12.396			585870	2925481	5	12	2	1.78	190	98	594353	3104344	10	34	100	0	0	0	751.5516	1	12.4	0.357	1.402	14648	1287316	6002805	189094	0	0	751.5516	12.4	0			
245	789.5315	788.5235	12.164	C45 H76 N O8 P	"PE(22:6(4Z,7Z,10Z,13Z,16Z,19Z)/18:1(9Z))"	399507	1410260	2	26	2	7.27	62	226	65072	456703	55.4	10	100	0	0	0	789.5306	1	12.161	0.222	1.556	1642	3702664	5999579	7850	0	0	789.5306	12.161	0		HMDB09686	
246	700.5044	699.4969	13.338	C39 H73 O8 P	PA(18:1(9Z)/18:1(9Z))	76346	1648225	2	8	2	1.3	279	9	76378	1540210	33.3	0	100	0	0	0	700.5041	1	13.344	0.441	1.895	3001	310366	5977566	42621	0	0	700.5041	13.344	0			LMGP10010962
247	757.5611	792.5306	12.761	C42 H80 N O8 P	PE(22:1(11Z)/15:1(9Z))	177350	2012298	2	15	1	3.16	77	211	144661	1496145	34.8	0	100	0	0	0	757.5614	1	12.751	0.572	1.433	5046	512499	5975524	34309	0	0	757.5614	12.751	0			LMGP02011045
248	670.4572	669.4496	13.052			34237	657375	2	4		1.94	199	89	28537	538471	41.5	0	100	0	0	0	670.457	1	13.079	0.562	1.397	1660	416661	5969236	14602	0	0	670.457	13.079	0			
249	477.2855	476.2782	9.282	C23 H44 N O7 P	"PE(18:2(9Z,12Z)/0:0)"	307832	2070420	2	15	1	2.06	217	71	264735	1852590	17.7	0	100	0	0	0	477.2854	1	9.28	0.185	0.971	949	830145	5942933	2772	0	0	477.2854	9.28	0			LMGP02050011
250	516.3115	515.3047	9.529	C31 H48 O2 S2	Probucol	102331	985675	2	9	1	2.26	123	165	71434	657300	10.1	0	100	0	0	0	516.3116	1	9.533	0.318	0.375	7250	540121	5904788	60031	0	0	516.3116	9.533	0	23288-49-5	HMDB15537	
251	206.1666	205.1598	8.283	C14 H22 O	"2,4-Di-tert-butylphenol"	216830	2003990	2	8	1	4.83	189	99	213355	1879638	17.3	0	100	0	0	0	206.167	1	8.286	0.33	0.806	1548	408276	5897136	10891	0	0	206.167	8.286	0	96-76-4	HMDB13816	
252	813.5308	812.5237	12.003	C47 H76 N O8 P	"PE(22:6(4Z,7Z,10Z,13Z,16Z,19Z)/20:3(8Z,11Z,14Z))"	575156	3052662	3	17	1	3.1	239	49	599424	3098647	19	32	100	0	0	0	813.5312	1	12.009	0.456	1.402	6651	1106922	5895493	44539	0	0	813.5312	12.009	0		HMDB09695	
253	556.28	555.2729	9.999	C28 H45 O9 P	"PG(22:6(4Z,7Z,10Z,13Z,16Z,19Z)/0:0)"	262731	2394036	2	4	1	0.38	191	97	231028	2105022	14.1	3	100	0	0	0	556.28	1	10.001	0.172	1.109	1676	1640451	6625682	8825	0	0	556.28	10.001	0			LMGP04050016
254	282.2557	563.5044	10.925	C18 H34 O2	Petroselinic acid	240183	1912509	2	16	3	0.66	32	256	49058	831926	24.7	1	100	0	0	0	282.2557	1	10.939	0.432	1.536	25587	3351847	17877520	372705	0	0	282.2557	10.939	0	593-39-5		LMFA07040056
255	971.6343	970.6271	14.145	C48 H94 N O16 P	MIPC(d20:0/16:0)	126574	3300423	2	5	1	1.72	185	103	128344	3457928	19.2	0	100	0	0	0	971.6343	1	14.146	0.534	1.695	13277	195953	5785718	76740	0	0	971.6343	14.146	0			LMSP03030078
256	737.5365	736.5288	12.263			449199	2524302	2	12	3	3.9	160	128	453488	2668965	31.2	11	100	0	0	0	737.536	1	12.264	0.347	0.601	2049	1055896	5783468	18083	0	0	737.536	12.264	0			
257	701.536	700.5289	12.357	C39 H76 N O7 P	PnE(16:0/18:1(9Z))	470632	2962710	2	8	1	2.59	203	85	505703	3178208	16.7	5	100	0	0	0	701.536	1	12.362	0.24	1.063	1305	966002	5691072	6419	0	0	701.536	12.362	0			LMGP17010001
258	819.5779	864.576	12.448	C47 H82 N O8 P	"PE(22:1(11Z)/20:5(5Z,8Z,11Z,14Z,17Z))"	228343	2936776	2	16	2	2.24	148	140	249122	3198356	19.7	0	100	0	0	0	819.5779	1	12.446	0.561	1.31	1127	500104	5671690	7637	0	0	819.5779	12.446	0			LMGP02011064
259	366.2746	365.2673	11.187			183697	1978305	2	9	1	1.21	90	198	148018	1676020	24.2	0	100	0	0	0	366.2745	1	11.184	0.175	1.156	5318	672414	5574846	141696	0	0	366.2745	11.184	0			
260	372.2872	431.3013	9.04			178780	1239188	6	10	3	1.74	226	62	164142	1151007	4.3	0	100	0	0	0	372.2874	1	9.043	0.117	1.171	14624	490827	2915695	248270	0	0	372.2874	9.043	0			
261	375.2494	374.2372	9.972			90437	1236180	2	7		8.87	178	110	65826	928604	16.1	0	100	0	0	0	375.2502	1	9.975	0.365	0.93	1660	351245	5501512	5720	0	0	375.2502	9.975	0			
262	867.5051	866.5036	11.35			219110	1264827	2	14		1.72	169	119	170399	953435	17.6	3	100	0	0	0	867.5052	1	11.346	0.347	1.068	924	890974	5399258	6024	0	0	867.5052	11.346	0			
263	647.6215	706.6355	12.805	C42 H81 N O3	Cer(d18:1/24:1(15Z))	236384	1824537	5	11	2	0.44	288	0	219090	1682287	11.1	1	100	0	0	0	647.6216	1	12.814	0.217	0.698	1883	914185	5344282	8210	0	0	647.6216	12.814	0		HMDB04953	LMSP02010009
264	653.5182	698.5131	12.266			346409	1404883	2	6	1	8.77	150	138	408161	1138964	41.6	2	100	0	0	0	653.5151	1	12.213	0.533	0.534	1781	944659	5337753	4081	0	0	653.5151	12.213	0			
265	527.3011	526.294	9.567	C27 H46 N O7 P	"LysoPE(22:5(7Z,10Z,13Z,16Z,19Z)/0:0)"	447064	2513110	2	8	1	0.21	177	111	378313	2119017	9.4	7	100	0	0	0	527.3011	1	9.56	0.127	0.966	11466	980606	6831962	53550	0	0	527.3011	9.56	0		HMDB11525	
266	475.2697	474.2627	8.772	C23 H42 N O7 P	"PE(18:3(9Z,12Z,15Z)/0:0)"	298026	1782836	2	14	1	1.06	222	66	261413	1568557	6.4	1	100	0	0	0	475.2698	1	8.764	0.233	1.243	4663	916507	5297102	21073	0	0	475.2698	8.764	0			LMGP02050029
267	739.5148	784.515	12.757			102475	1303597	2	16	2	1.53	146	142	95163	1268243	34.3	0	100	0	0	0	739.515	1	12.766	0.56	1.69	1100	572350	5282195	5699	0	0	739.515	12.766	0			
268	364.2588	363.2514	10.782			81690	766297	2	4	1	1.87	127	161	71391	589499	39.4	0	100	0	0	0	364.2588	1	10.768	0.476	0.601	4407	343077	5279039	8098	0	0	364.2588	10.768	0			
269	226.2295	271.2279	9.698	C15 H30 O	3-Ethyltridecan-2-one	183663	633904	2	6	1	0.82	274	14	178150	590514	14	3	100	0	0	0	226.2296	1	9.668	0.382	0.365	3227	1495154	5201516	15189	0	0	226.2296	9.668	0			LMFA12000258
270	465.2853	464.2783	9.232	C22 H44 N O7 P	PE(17:1(9Z)/0:0)	222843	1324635	2	8	1	0.34	250	38	155082	995525	11.8	3	100	0	0	0	465.2854	1	9.23	0.222	0.858	893	1047414	5153131	4867	0	0	465.2854	9.23	0			LMGP02050008
271	701.5129	746.513	12.129			265266	933844	2	10	3	6.74	108	180	166584	867779	24.7	3	100	0	0	0	701.5129	1	12.097	0.497	1.453	4173	4249974	5147896	12340	0	0	701.5129	12.097	0			
272	294.1865	353.2003	9.511	C14 H30 O4 S	Sodium Tetradecyl Sulfate	75826	649460	2	3	1	0.38	287	1	59764	526927	6.4	0	100	0	0	0	294.1865	1	9.514	0.163	0.472	6364	544932	5103844	62987	0	0	354.2074	9.514	0	1191-50-0	HMDB14607	
273	389.2598	388.2528	10.409	C20 H39 N O4 S	N-oleoyl taurine	335019	2852734	3	11	1	1.19	89	199	317514	2962625	15	2	100	0	0	0	389.2599	1	10.405	0.183	0.853	2051	1435662	7856154	24299	0	0	389.2599	10.405	0	52514-04-2		LMFA08020081
274	644.296	643.2889	9.725	C31 H49 O12 P	"PI(22:6(4Z,7Z,10Z,13Z,16Z,19Z)/0:0)"	150964	1724296	3	6	1	0.18	269	19	128504	1324443	7.2	0	100	0	0	0	644.296	1	9.729	0.184	1.032	38534	532289	5088716	247218	0	0	644.296	9.729	0			LMGP06050012
275	836.5402	835.5327	13.042	C43 H81 O13 P	PI(22:1(11Z)/12:0)	138366	1483189	2	13	1	2.64	121	167	139871	1314614	38.5	0	100	0	0	0	836.5403	1	13.037	0.437	1.608	1331	355600	5074246	3813	0	0	836.5403	13.037	0			LMGP06010694
276	318.2192	317.2115	8.787	C20 H30 O3	Phytocassane C	114159	978200	3	11	2	3.25	223	65	87501	747432	10.3	0	100	0	0	0	318.2192	1	8.789	0.107	1.356	16440	555158	5065759	132308	0	0	318.2192	8.789	0	166547-23-5	HMDB41058	
277	476.2152	511.185	6.072			102277	1065124	5	16	3	1.27	288	0	105610	1032688	1.7	0	100	0	0	0	476.2155	1	6.075	0.099	1.017	35797	258846	2192042	489104	0	0	476.2155	6.075	0			
278	344.2349	343.2279	9.193	C22 H32 O3	3-Hydroxyneogrifolin	191811	1250667	2	10	1	0.65	185	103	166364	1037416	18.2	0	100	0	0	0	344.235	1	9.193	0.286	1.094	19668	733290	4966586	97639	0	0	344.235	9.193	0		HMDB39885	
279	762.5886	761.5815	12.137			188940	1845854	2	19		1.67	160	128	174433	1828606	15.3	0	100	0	0	0	762.5888	1	12.148	0.394	0.786	28230	494565	4958554	91698	0	0	762.5888	12.148	0			
280	254.2606	299.2593	10.44	C17 H34 O	3-Ethylpentadecan-2-one	560138	1968475	2	9	1	3.51	180	108	563966	1997539	15.5	26	100	0	0	0	254.2609	1	10.465	0.405	0.873	33711	1527957	4902251	132870	0	0	254.2609	10.465	0			LMFA12000263
281	464.3137	463.3066	10.233	C27 H44 O6	22-iso-ecdysone	484992	1937496	2	10	1	1.88	270	18	512506	2156589	20.5	22	100	0	0	0	464.3137	1	10.221	0.436	1.176	1456	1406080	4897685	5132	0	0	464.3137	10.221	0			LMST01010361
282	532.3062	531.2998	9.117	C27 H48 O8 S	5??-Cyprinolsulfate	258231	2375823	2	10	2	4.11	145	143	264345	2656916	45.5	2	100	0	0	0	532.3068	1	9.133	0.35	1.649	806	1030314	4821068	5370	0	0	532.3068	9.133	0			LMST05020004
283	575.4583	574.4511	12.533			50282	405522	2	4	1	1.89	108	180	19115	139796	27.7	0	100	0	0	0	575.4581	1	12.543	0.351	1.217	2024	464946	4807003	2153	0	0	575.4581	12.543	0			
284	437.2598	436.2527	10.263			80037	801587	2	4		1.65	222	66	52367	496418	24.6	0	100	0	0	0	437.2599	1	10.261	0.411	0.647	8746	387029	4782866	44840	0	0	437.2599	10.261	0			
285	790.5375	789.5413	12.066			242815	890851	2	8	2	5.54	142	146	237396	712681	31.5	0	85.3	0	0	0	790.536	1	12.045	0.332	1.212	1564	838888	4746701	13844	0	0	790.536	12.045	0			
286	408.2874	407.2803	8.434	C24 H40 O5	Alloavicholic acid	33010	242443	3	14	1	2.98	269	19	18235	120066	11.5	0	100	0	0	0	408.2875	1	8.431	0.415	1.248	1647	406699	4732872	8399	0	0	408.2875	8.431	0			LMST04010449
287	198.8136	197.8054	0.407			131127	456961	2	3		7.27	156	132	82199	321439	26.3	0	185.66	0	0	0	198.8135	1	0.387	0.291	0.257	1797	829037	4722156	6815	0	0	198.8135	0.387	0			
288	658.2631	657.2561	6.977			80017	818369	2	10	3	0.84	153	135	73985	509132	13.6	0	100	0	0	0	658.2633	1	6.93	0.288	0.832	13518	581360	4704815	30184	0	0	658.2633	6.93	0			
289	545.9733	544.9662	8.801			215393	1638939	3	3	1	0.49	288	0	210602	1611854	3.5	1	100	0	0	0	545.9735	1	8.807	0.171	0.801	132724	1136248	4701557	502788	0	0	545.9735	8.807	0			
290	388.2824	387.2752	9.74			360984	2222341	3	5	1	0.4	242	46	364162	2109827	6.6	0	100	0	0	0	388.2824	1	9.75	0.094	0.74	27643	599736	4699771	148065	0	0	388.2824	9.75	0			
291	797.6378	856.6524	12.173	C46 H87 N O9	"GlcCer(d16:2(4E,6E)/24:0(2OH))"	46464	569306	2	13		1.49	258	30	28931	411600	32.2	0	100	0	0	0	797.6378	1	12.181	0.552	1.176	1232	433409	4687051	4574	0	0	797.6378	12.181	0			LMSP0501AA81
292	748.526	747.5182	13.638	C40 H77 O10 P	LBPA(16:0/18:1(9Z))	143144	899003	2	12	3	6.85	46	242	5548	62433	76.9	2	80	0	0	0	748.5251	1	13.621	0.372	1.972	920	897372	4679354	6594	0	0	748.5251	13.621	0			LMGP04100002
293	416.3138	415.3144	10.37			409607	2917772	2	4	1	1.22	261	27	415137	2890681	6.7	0	100	0	0	0	416.3137	1	10.378	0.214	0.981	1495	660911	4672851	18688	0	0	416.3137	10.378	0			
294	499.2689	498.262	8.79	C25 H42 N O7 P	"PE(20:5(5Z,8Z,11Z,14Z,17Z)/0:0)"	286428	1262949	2	7	1	1.42	173	115	278090	1117823	28.7	1	100	0	0	0	499.2689	1	8.791	0.295	0.96	2847	881112	4655292	13516	0	0	499.2689	8.791	0			LMGP02050027
295	877.6901	876.6839	14.349			87449	2189530	3	4		1.11	173	115	89138	2126752	17	0	100	0	0	0	877.6902	1	14.35	0.498	0.981	25474	154521	4627842	81365	0	0	877.6902	14.35	0			
296	872.5056	931.5192	12.213			74703	1298465	3	21		2.67	166	122	65905	1252010	16.9	0	100	0	0	0	872.5052	1	12.224	0.278	0.909	4966	218836	4627776	48126	0	0	872.5052	12.224	0			
297	310.1775	309.1708	6.776	C17 H26 O5	Valdiate	297455	1493472	3	9	2	4.28	288	0	297692	1486510	9.7	1	100	0	0	0	310.1779	1	6.778	0.173	0.837	6235	999030	4626749	49867	0	0	310.1779	6.778	0	162232-32-8	HMDB40980	
298	188.1047	187.0976	3.966	C9 H16 O4	Butyl ethyl malonate	129829	460052	2	4	1	0.85	284	4	91313	331997	9.9	6	100	0	0	0	188.1048	1	3.97	0.27	0.462	4525	1407023	4626266	18934	0	0	188.1048	3.97	0	17373-84-1	HMDB36233	
299	132.0786	131.0715	1.17	C6 H12 O3	butoxyacetic acid	316820	1622650	2	3	1	1.38	280	8	215969	1098331	12.6	1	183.41	0	0	0	132.0785	1	1.171	0.239	0.375	1649	968729	4616961	8308	0	0	132.0785	1.171	0	2516-93-0	HMDB41844	
300	519.3004	518.2934	10.644			38110	573510	4	6		3.48	152	136	27836	445159	20.8	0	100	0	0	0	519.3005	1	10.649	0.333	1.079	1375	384624	4585259	28832	0	0	519.3005	10.649	0			
301	943.6779	942.6707	14.901			39336	1449995	2	4	1	0.15	263	25	33751	1257277	18	0	100	0	0	0	943.6779	1	14.893	0.462	1.253	1815	120093	4579890	26926	0	0	943.6779	14.893	0			
302	161.8473	160.8421	0.36			61586	419600	5	5	1	5.89	198	90	38723	235246	32.2	0	209.74	0	0	0	161.847	1	0.359	0.459	0.642	5856	358248	4557654	17180	0	0	161.847	0.359	0			
303	763.515	762.5083	11.964	C43 H74 N O8 P	"PE(P-16:0/22:6(4Z,7Z,10Z,12E,16Z,19Z)(14OH))"	521821	2942616	2	15	2	2.96	233	55	583013	3337843	30.2	5	100	0	0	0	763.5153	1	11.963	0.526	1.269	2185	1885075	5951991	21056	0	0	763.5153	11.963	0			LMGP20020014
304	837.5297	836.522	12.004			515639	2427132	2	12	1	4.69	100	188	432805	2604441	34.1	19	100	0	0	0	837.5304	1	11.98	0.499	0.919	3249	2350549	9614611	31515	0	0	837.5304	11.98	0			
305	717.5815	716.5762	13.062			33135	609505	2	11	1	5.62	117	171	19496	212780	38.8	0	100	0	0	0	717.5815	1	13.045	0.463	1.13	1192	225914	4498488	11929	0	0	717.5815	13.045	0			
306	687.5201	686.5132	12.244	C38 H74 N O7 P	PE(P-18:0/15:1(9Z))	406161	2450864	4	8	2	0.97	185	103	395474	2447481	12.6	0	100	0	0	0	687.5202	1	12.249	0.262	0.919	7670	789302	4492445	52463	0	0	687.5202	12.249	0			LMGP02030039
307	438.2981	437.2906	9.933	C25 H42 O6	"3beta-(3-methyl-butanoyloxy)-villanovane-13alpha,17-diol"	502032	2495980	2	5	1	2.34	268	20	497638	2456387	15.3	1	100	0	0	0	438.2981	1	9.942	0.363	0.806	3657	943321	4460524	8787	0	0	438.2981	9.942	0			LMPR0104150002
308	420.2506	419.244	8.304	C24 H36 O6	"Dimethyl 3-methoxy-4-oxo-5-(8,11,14-pentadecatrienyl)-2-hexenedioate"	208219	1027663	2	4	1	1.6	235	53	184087	915652	6.6	0	100	0	0	0	420.251	1	8.311	0.121	0.452	5513	850408	4448853	36509	0	0	420.251	8.311	0		HMDB32099	
309	356.3289	355.3217	11.523	C22 H44 O3	13-methoxy-heneicosanoic acid	95955	373779	2	10	1	0.39	269	19	74485	287598	18	1	100	0	0	0	356.3289	1	11.531	0.128	1.269	12028	931710	4444345	43357	0	0	356.3289	11.531	0			LMFA01080015
310	577.3377	576.3305	9.465	C28 H52 N O9 P	"PS(22:2(13Z,16Z)/0:0)"	159711	1235552	3	11	2	0.95	125	163	144447	1153827	11.1	0	100	0	0	0	577.3377	1	9.463	0.294	1.376	10807	543464	4437974	53234	0	0	577.3377	9.463	0			LMGP03050024
311	306.2559	305.2486	10.583	C20 H34 O2	"11(Z),14(Z),17(Z)-Eicosatrienoic Acid"	637950	2243535	2	12	4	1.15	240	48	584716	2222030	24.1	64	100	0	0	0	306.2559	1	10.585	0.308	1.022	2530	1578109	4628068	7950	0	0	306.2559	10.585	0	7019-85-4		
312	415.2754	414.2682	10.652			86393	785942	3	7		0.86	184	104	65486	593589	8.1	0	100	0	0	0	415.2754	1	10.656	0.229	1.012	6635	470579	4425748	74955	0	0	415.2754	10.656	0			
313	783.5052	782.4978	12.361	C42 H74 N O10 P	"PS(18:0/18:4(6Z,9Z,12Z,15Z))"	228841	1943957	2	4		1.25	164	124	211359	1834991	11.7	0	100	0	0	0	783.5051	1	12.404	0.44	1.032	832	531836	4392959	2170	0	0	783.5051	12.404	0			LMGP03010886
314	219.1293	264.1275	4.763	C10 H21 N O2 S	Pentahomomethionine	95397	759271	2	3		1.16	81	207	62794	536541	3.4	1	100	0	0	0	219.1293	1	4.767	0.077	0.354	32497	850228	4366670	304570	0	0	265.1346	4.767	0			
315	298.2519	631.473	10.197	C18 H34 O3	Ricinoleic acid	193730	2217506	2	13	4	5.12	219	69	204433	2237303	13.5	0	100	0	0	0	298.2516	1	10.223	0.425	1.464	24174	373441	4354032	90930	0	0	298.2516	10.223	0	2443-39-2		LMFA02000098
316	356.2923	391.262	10.514	C21 H40 O4	Monoolein	74747	399328	2	9	1	7.08	47	241	12882	71474	46.4	0	94.44	0	0	0	356.2922	1	10.539	0.578	0.801	1513	750025	4336466	12003	0	0	356.2922	10.539	0	111-03-5		LMGL01010005
317	362.2054	397.1685	9.445	C24 H22 N4 O2	L-365260	78150	381511	2	6		12.87	17	271	14876	96607	44.1	1	80	0	0	0	362.2052	1	9.398	0.538	0.935	1748	895146	4323803	10649	0	0	362.2052	9.398	0	118101-09-0		
318	972.3171	1007.2865	0.363	C36 H60 O30	Alpha-cyclodextrin	35859	250771	4	6		2.22	261	27	21330	143515	25.6	0	180.09	0	0	0	972.3171	1	0.361	0.089	0.621	2310	493205	4310532	19773	0	0	1008.2935	0.361	0			
319	465.2854	464.278	9.377	C22 H44 N O7 P	PE(17:1(9Z)/0:0)	186628	1337871	2	9	1	1	279	9	194835	1269001	17.6	0	100	0	0	0	465.2854	1	9.381	0.303	1.495	1026	538980	4309420	4126	0	0	465.2854	9.381	0			LMGP02050008
320	434.1686	469.1381	4.289			129880	1316620	6	7	2	0.37	287	1	132080	1255316	1.8	0	100	0	0	0	434.1687	1	4.29	0.099	0.96	61776	430751	4269087	817847	0	0	434.1687	4.29	0			
321	511.2593	510.2524	6.969			49261	637798	2	5	1	1.81	258	30	33190	457192	10.6	0	100	0	0	0	511.2598	1	6.966	0.262	0.93	4477	442493	4264346	68814	0	0	511.2598	6.966	0			
322	439.2737	498.2893	8.976			124769	1020011	2	9	1	3.69	201	87	109059	904693	19	0	100	0	0	0	439.2743	1	8.98	0.353	1.15	2900	583139	4261446	34537	0	0	439.2743	8.98	0			
323	530.2909	529.2839	8.905			56157	659792	2	3	1	1.53	263	25	44199	508566	11.5	0	100	0	0	0	530.2911	1	8.905	0.363	1.212	1549	374238	4241619	4162	0	0	530.2911	8.905	0			
324	263.1189	262.112	4.566	C11 H21 N O4 S	7-Mercaptoheptanoylthreonine	30870	216789	2	3	1	2.16	239	49	18407	122889	14.1	0	100	0	0	0	263.1189	1	4.568	0.209	0.329	1952	550710	4235902	6783	0	0	263.1189	4.568	0			
325	390.274	389.2661	10.926			80131	478216	2	4	1	2.46	105	183	70325	338508	38.6	0	100	0	0	0	390.2742	1	10.929	0.323	0.462	1132	507957	4232036	4742	0	0	390.2742	10.929	0			
326	294.1825	293.1759	6.64	C17 H26 O4	Myrsinone	280836	1375918	2	9	1	2.96	288	0	227698	1095176	4	0	100	0	0	0	294.183	1	6.641	0.155	0.606	10014	819727	4222961	69325	0	0	294.183	6.641	0	145040-57-9	HMDB40646	
327	622.3424	621.3344	11.106			68064	765492	2	7		2.36	235	53	45590	526988	15.1	0	100	0	0	0	622.3419	1	11.109	0.473	1.582	2172	385725	4210707	16923	0	0	622.3419	11.109	0			
328	807.5042	806.4979	12.49			257012	1890459	2	8	1	3.93	80	208	251213	1881960	34.7	0	100	0	0	0	807.5049	1	12.468	0.394	0.457	3040	780102	4210106	17187	0	0	807.5049	12.468	0			
329	787.5347	786.5292	12.685	C42 H78 N O10 P	"PS(18:2(9Z,12Z)/18:0)"	158190	1927444	2	9	2	5.46	155	133	155171	1879432	23.2	0	100	0	0	0	787.5361	1	12.705	0.517	1.063	8345	554484	4195967	19133	0	0	787.5361	12.705	0			LMGP03010876
330	837.5514	836.5443	12.903			186982	1239084	2	11	2	5.09	69	219	60162	385217	64.8	1	100	0	0	0	837.5511	1	12.898	0.436	1.073	1032	888942	5363642	4832	0	0	837.5511	12.898	0			
331	558.3923	557.3856	9.235			235732	2684154	2	4		1.28	150	138	260022	2651409	14.4	0	100	0	0	0	558.3924	1	9.236	0.181	0.678	113336	306063	4175699	1230758	0	0	558.3924	9.236	0			
332	275.1524	274.145	8.133	C16 H21 N O3	"2,3-Methylenedioxy pyrovalerone"	85565	544152	2	10	1	4.71	240	48	58791	446165	42.3	0	100	0	0	0	275.1521	1	8.117	0.565	1.294	1193	603050	4158031	2263	0	0	275.1521	8.117	0			
333	338.2434	337.2359	10.544			72535	588782	2	3	1	1.09	237	51	54298	412517	13.1	0	100	0	0	0	338.2433	1	10.546	0.355	0.996	5150	493937	4139415	37896	0	0	338.2433	10.546	0			
334	398.3396	443.3378	10.923	C24 H46 O4	Axillarenic acid	295012	1400837	2	4	1	1.45	271	17	275650	1271890	11	0	100	0	0	0	398.3396	1	10.935	0.217	0.945	1194	701368	4114035	3062	0	0	444.345	10.935	0			LMFA01050418
335	775.5514	774.5441	12.273	C45 H78 N O7 P	"PE(P-18:1(9Z)/22:5(7Z,10Z,13Z,16Z,19Z))"	511922	2775868	3	14	3	2.67	160	128	564957	3071943	20.3	15	100	0	0	0	775.5515	1	12.277	0.408	1.469	2872	1194302	6932410	19495	0	0	775.5515	12.277	0		HMDB11459	
336	903.6103	902.6032	13.407			78423	1410460	2	8	2	3.79	166	122	75954	1323054	26	0	100	0	0	0	903.6106	1	13.418	0.55	1.474	2438	229671	4105126	15336	0	0	903.6106	13.418	0			
337	298.2871	297.28	11.399	C19 H38 O2	3-Methyl-3-butenyl tetradecanoate	369146	1656796	2	6	1	0.41	240	48	359673	1582526	10.6	0	100	0	0	0	298.2871	1	11.409	0.155	0.806	10035	829728	4103461	36380	0	0	298.2871	11.409	0			LMFA07010582
338	358.2862	357.2798	11.031	C24 H38 O2	"1-Phenyl-1,3-octadecanedione"	243369	892932	2	11		3.92	268	20	192401	740948	22	6	100	0	0	0	358.2869	1	11.034	0.131	0.966	12235	1395130	4101579	44920	0	0	358.2869	11.034	0		HMDB35583	
339	771.5051	770.4974	11.56	C41 H74 N O10 P	"PS(20:3(8Z,11Z,14Z)/15:0)"	184681	1178695	4	12	1	1.07	227	61	135950	1062979	13.3	1	100	0	0	0	771.5049	1	11.558	0.246	1.479	1119	944532	4098085	15247	0	0	771.5049	11.558	0			LMGP03010593
340	807.5414	806.5342	11.848	C45 H78 N O9 P	"PE(18:0/22:6(4Z,7Z,10Z,12E,16Z,19Z)(14OH))"	220978	1385142	2	14	2	2.88	240	48	205505	1344596	20.2	0	100	0	0	0	807.5411	1	11.849	0.325	1.798	887	776640	4089250	5235	0	0	807.5411	11.849	0			LMGP20020004
341	805.5624	864.5759	12.443	C46 H80 N O8 P	"PE(22:6(4Z,7Z,10Z,13Z,16Z,19Z)/19:0)"	129612	961088	2	18	3	2.44	138	150	124807	804207	13.5	0	100	0	0	0	805.5619	1	12.454	0.349	1.068	4332	435112	4067554	41291	0	0	805.5619	12.454	0			LMGP02011148
342	475.2694	474.2624	8.907	C23 H42 N O7 P	"PE(18:3(9Z,12Z,15Z)/0:0)"	179986	1222169	2	13	1	3	194	94	164750	1059502	13.5	0	100	0	0	0	475.2696	1	8.896	0.29	1.212	2254	478442	4067006	2941	0	0	475.2696	8.896	0			LMGP02050029
343	130.0261	175.0232	0.461			124003	639930	2	9	2	9.79	110	178	57338	430513	42.9	1	136.54	0	0	0	130.0263	1	0.426	0.507	0.729	2052	1111518	4065908	5723	0	0	130.0263	0.426	0			
344	298.2508	297.2436	9.338	C18 H34 O3	Ricinoleic acid	632073	3088414	2	12	2	0.72	222	66	642226	3291999	13.4	42	100	0	0	0	298.2508	1	9.337	0.152	1.212	101874	1347189	5984772	581138	0	0	298.2508	9.337	0	2443-39-2		LMFA02000098
345	196.8158	195.8083	0.374			172793	764826	3	12	2	5.3	246	42	123951	501937	25	2	218.34	0	0	0	196.8156	1	0.374	0.215	0.811	6838	893908	4037646	17438	0	0	196.8156	0.374	0			
346	152.1202	197.1184	5.514	C10 H16 O	(-)-trans-Carveol	246332	937123	2	3	1	3.43	275	13	190934	726849	7.5	4	100	0	0	0	152.1202	1	5.516	0.113	0.426	1254	1041214	4006268	9419	0	0	198.1255	5.516	0	1197-07-5	HMDB03450	LMPR0102090005
347	654.3403	713.3519	10.754			42295	358600	2	13		3.95	202	86	47783	282560	34.3	0	100	0	0	0	654.3399	1	10.77	0.431	1.212	996	363008	3967971	11767	0	0	654.3399	10.77	0			
348	450.2744	509.2883	10.434	C22 H43 O7 P	PA(19:1(9Z)/0:0)	134414	1119738	2	6	1	0.26	121	167	108543	909377	13.1	0	100	0	0	0	450.2745	1	10.439	0.46	1.577	3562	630889	3953375	81003	0	0	450.2745	10.439	0			LMGP10050025
349	440.2698	439.2622	10.211			176794	985995	2	6	1	2.76	214	74	146829	807542	16.3	0	100	0	0	0	440.2696	1	10.225	0.315	0.986	2089	736728	3945347	13560	0	0	440.2696	10.225	0			
350	745.4893	744.4822	11.522	C39 H72 N O10 P	"PS(15:0/18:2(9Z,12Z))"	175623	868266	2	6	2	1.71	271	17	119958	655965	14.9	2	100	0	0	0	745.4892	1	11.531	0.137	1.007	34341	913280	3918819	116748	0	0	745.4892	11.531	0			LMGP03010913
351	1301.0275	1300.0206	12.062			140943	1196306	3	10	1	0.59	257	31	154390	1307885	19.3	0	100	0	0	0	1301.0275	1	12.066	0.202	0.678	1017	451850	3909572	4074	0	0	1301.0275	12.066	0			
352	717.5319	716.5236	12.278	C39 H76 N O8 P	PE(22:1(11Z)/12:0)	476408	1945598	2	12	3	1.94	253	35	504661	1939887	18.8	14	100	0	0	0	717.5317	1	12.286	0.487	1.962	2266	1148068	3901725	5712	0	0	717.5317	12.286	0			LMGP02011040
353	833.5013	832.4982	12.315			626426	2318101	2	12	2	3.38	23	265	30521	492915	34	3	100	0	0	0	833.4998	1	12.324	0.311	0.93	4268	4838807	16667256	36013	0	0	833.4998	12.324	0			
354	481.3166	480.3093	10.811	C23 H48 N O7 P	LysoPE(0:0/18:0)	78107	801622	2	3		0.65	276	12	56768	572963	19	0	100	0	0	0	481.3166	1	10.817	0.376	0.765	995	362267	3882659	4298	0	0	481.3166	10.817	0		HMDB11129	
355	426.3709	471.3691	11.38	C26 H50 O4	Hexacosanedioic acid	257753	957926	2	4	1	0.32	260	28	229464	803586	14.2	1	100	0	0	0	426.3709	1	11.392	0.212	0.344	2170	867695	3864966	4249	0	0	472.3762	11.392	0			LMFA01170040
356	477.2854	476.2782	9.686			89449	828393	2	15	2	2.34	182	106	58700	601928	27.4	1	100	0	0	0	477.2853	1	9.694	0.376	1.048	1244	1513185	3859659	5599	0	0	477.2853	9.694	0			
357	575.5274	610.4968	12.208			136531	797838	2	9		1.88	273	15	80950	513105	24	0	100	0	0	0	575.5275	1	12.212	0.324	0.411	1185	581056	3859568	3545	0	0	575.5275	12.212	0			
358	620.4805	679.4943	9.972	C41 H64 O4	1-(6-[5]-ladderane-hexanoyl)-2-(8-[3]-ladderane-octanyl)-sn-glycerol	279286	1858752	3	4	1	0.21	272	16	271191	1839583	4	0	100	0	0	0	620.4805	1	9.981	0.125	0.329	17257	603344	3859559	92575	0	0	680.5015	9.981	0			LMGL02070007
359	746.5079	745.5017	13.057	C40 H75 O10 P	LBPA(16:1(9Z)/18:1(9Z))	176991	1883942	2	12	2	4.62	117	171	171825	1913794	34.8	0	100	0	0	0	746.5079	1	13.05	0.417	1.685	974	539377	5919788	4061	0	0	746.5079	13.05	0			LMGP04100004
360	348.046	347.0383	0.488	C10 H13 N4 O8 P	IMP / Inosine 5'-monophosphate	196433	1805811	2	5	1	2.81	151	137	194207	1711180	27.9	0	185.46	0	0	0	348.046	1	0.498	0.251	0.642	8864	471905	3827401	19219	0	0	348.046	0.498	0	131-99-7		
361	168.0274	167.0211	0.402			376179	1469305	2	5	1	7.96	172	116	398909	1526408	19.2	0	185.8	0	0	0	168.0273	1	0.399	0.166	0.483	16895	801791	3819980	221566	0	0	168.0273	0.399	0			
362	278.1872	277.1808	7.977	C17 H26 O3	Panaxacol	50184	433188	2	6	3	6.72	213	75	29835	383094	24.8	1	100	0	0	0	278.188	1	7.983	0.385	0.503	2383	879124	3778090	27962	0	0	278.188	7.983	0	106828-96-0	HMDB39251	
363	298.1601	297.1529	9.028			360075	2517355	2	5	1	1.13	109	179	352586	2735669	10.5	0	100	0	0	0	298.1602	1	9.038	0.232	0.596	83140	828550	4269317	587770	0	0	298.1602	9.038	0			
364	484.2801	483.2727	10.281	C22 H45 O9 P	PG(16:0/0:0)	147552	1328902	4	8		1.66	223	65	127352	1071857	14.8	1	100	0	0	0	484.2799	1	10.275	0.338	1.859	22435	865071	3765226	132571	0	0	484.2799	10.275	0			LMGP04050008
365	316.2401	315.2331	10.232	C21 H32 O2	Eicosapentaenoic Acid methyl ester	311440	1097519	2	4	3	2.26	213	75	307099	930685	30.9	0	100	0	0	0	316.2401	1	10.231	0.434	1.346	921	853672	3759119	1458	0	0	316.2401	10.231	0	2734-47-6		
366	326.2086	325.2019	8.528	C18 H30 O5	"(3b,6b,8a,12a)-8,12-Epoxy-7(11)-eremophilene-6,8,12-trimethoxy-3-ol"	97722	402644	2	8	1	2.84	269	19	66957	281822	13.6	1	100	0	0	0	326.209	1	8.53	0.267	0.976	1533	930690	3754379	15463	0	0	326.209	8.53	0		HMDB31963	
367	513.2517	512.2446	11.122			119276	1624463	2	4	1	0.2	227	61	124109	1580110	9.1	0	100	0	0	0	513.2517	1	11.123	0.185	0.647	43404	180277	3749758	531921	0	0	513.2517	11.123	0			
368	902.5516	901.5262	12.604			78614	932714	2	12		2.25	128	160	56954	844079	20.3	0	100	0	0	0	902.5515	1	12.615	0.474	1.618	1672	529446	3733296	4987	0	0	902.5515	12.615	0			
369	783.6582	842.6727	12.512	C46 H89 N O8	GlcCer(d16:1/24:0)	180766	1016360	2	20	1	2.39	276	12	136078	721542	27.4	0	100	0	0	0	783.6585	1	12.517	0.333	1.31	1469	677114	3718226	4895	0	0	783.6585	12.517	0			LMSP0501AA51
370	527.3009	526.294	9.659	C27 H46 N O7 P	"LysoPE(22:5(7Z,10Z,13Z,16Z,19Z)/0:0)"	345282	1839857	2	8	2	1.03	238	50	337219	1749902	15.8	0	100	0	0	0	527.301	1	9.656	0.323	0.863	2866	719081	3717693	63180	0	0	527.301	9.656	0		HMDB11525	
371	505.3163	504.3098	9.945	C25 H48 N O7 P	"PE(20:2(11Z,14Z)/0:0)"	283838	1680824	2	14	1	2.9	264	24	253495	1655792	10.1	1	100	0	0	0	505.3166	1	9.951	0.176	1.027	1237	855439	3713883	2892	0	0	505.3166	9.951	0			LMGP02050021
372	243.1827	242.1763	6.816			115942	439694	2	5	1	4.09	287	1	91766	351695	6.2	1	100	0	0	0	243.1833	1	6.817	0.194	0.272	5462	996170	3702124	16148	0	0	243.1833	6.817	0			
373	356.2713	355.2644	10.771	C24 H36 O2	"5beta-Chola-3,11-dien-24-oic Acid"	148922	681463	3	4	1	0.62	272	16	132011	543356	7.8	0	100	0	0	0	356.2713	1	10.782	0.139	0.36	11309	579830	3694979	44312	0	0	356.2713	10.782	0			LMST04010388
374	880.5098	879.5026	12.553	C47 H77 O13 P	"PI(16:1(9Z)/22:6(4Z,7Z,10Z,13Z,16Z,19Z))"	142623	971658	2	12		2.78	125	163	55949	672919	34.1	3	100	0	0	0	880.5098	1	12.568	0.594	1.33	1885	1403457	6170045	8718	0	0	880.5098	12.568	0			LMGP06010869
375	761.521	760.5136	12.654	C40 H76 N O10 P	PS(18:1(9Z)/16:0)	355456	2588463	2	11	3	2.9	92	196	403618	3075102	30.3	0	100	0	0	0	761.521	1	12.648	0.362	1.911	772	674809	4951778	1012	0	0	761.521	12.648	0			LMGP03010959
376	727.5511	726.5446	12.453	C41 H78 N O7 P	"PE(O-16:0/20:3(8Z,11Z,14Z))"	358277	1934217	2	7	2	1.83	125	163	368260	2018081	13.1	2	100	0	0	0	727.5513	1	12.455	0.222	1.217	20381	921164	3847013	111675	0	0	727.5513	12.455	0			LMGP02020096
377	346.2505	345.2432	9.429	C22 H34 O3	"(R)-3,4-Dihydro-8-hydroxy-3-tridecyl-1H-2-benzopyran-1-one"	115821	931560	3	7	1	1.91	228	60	98674	771540	4.5	0	100	0	0	0	346.2506	1	9.434	0.218	0.349	7083	428299	3640258	29487	0	0	346.2506	9.434	0	158627-93-1	HMDB41302	
378	523.4962	558.4655	11.934	C33 H65 N O3	Cer(d16:1/17:0)	92413	912852	2	12	2	0.52	266	22	88037	857924	19.3	0	100	0	0	0	523.4962	1	11.947	0.328	1.012	1487	314015	3630652	5652	0	0	523.4962	11.947	0			LMSP02010015
379	276.1757	321.1741	9.298			88476	905285	2	8	1	0.74	281	7	71970	725421	14.7	0	100	0	0	0	276.1758	1	9.315	0.376	1.037	1918	382412	3627807	10189	0	0	276.1758	9.315	0			
380	349.2285	348.2214	9.721			43009	391932	2	3		0.55	273	15	28771	270061	12.8	0	100	0	0	0	349.2285	1	9.727	0.31	0.801	1568	380054	3606546	6730	0	0	349.2285	9.727	0			
381	703.5461	738.5076	12.5	C41 H74 N O8 P	"PE(P-16:0/20:4(6E,8Z,11Z,14Z)(5OH[S]))"	53332	429177	2	8	2	6.37	148	140	52209	364514	37.4	0	100	0	0	0	703.5485	1	12.454	0.566	0.95	921	314832	3585285	4645	0	0	703.5485	12.454	0			LMGP20020011
382	717.576	776.5894	11.581			206460	1393291	2	19	2	1.77	272	16	194357	1348672	21	0	100	0	0	0	717.5757	1	11.586	0.252	1.089	5023	625641	3581113	42612	0	0	717.5757	11.586	0			
383	118.0628	117.0556	0.614	C5 H10 O3	(+/-)-alpha-Hydroxyisovaleric acid	143165	985616	2	2	1	1.12	278	10	135005	887886	17.7	0	185.84	0	0	0	118.0628	1	0.614	0.213	0.395	22121	541674	3573313	47706	0	0	118.0628	0.614	0	600-37-3		
384	418.2719	453.2412	8.918	C25 H38 O5	Cavipetin D	64232	889738	5	11	2	3.32	266	22	60629	839766	5.9	0	100	0	0	0	418.2718	1	8.924	0.168	0.719	11620	239885	3571523	127190	0	0	418.2718	8.924	0	128530-04-1	HMDB30365	
385	666.5794	665.5727	10.906	C41 H78 O6	TG(12:0/13:0/13:0)[iso3]	73904	500083	3	5		2.5	205	83	43381	248439	14.7	0	100	0	0	0	666.5794	1	10.905	0.124	0.406	2410	367643	3569180	13976	0	0	666.5794	10.905	0			LMGL03012659
386	448.1412	447.1345	7.697			165782	674798	2	3	1	1.21	240	48	108490	570505	11.4	0	100	0	0	0	448.1414	1	7.72	0.381	1.474	34205	813176	3530831	132980	0	0	448.1414	7.72	0			
387	193.0598	192.0526	0.661	C7 H7 N5 O2	Toxoflavine	151454	1525189	2	4	2	0.67	268	20	152308	1399593	19.3	0	185.52	0	0	0	193.0598	1	0.67	0.317	0.55	6009	292880	3519026	8432	0	0	193.0598	0.67	0	84-82-2		
388	146.0196	145.012	0.375			137308	864159	2	8	4	6.7	132	156	111255	751710	20.3	0	197.77	0	0	0	146.0193	1	0.376	0.128	0.909	21994	681458	3512981	119386	0	0	146.0193	0.376	0			
389	713.5361	712.5289	12.262	C40 H76 N O7 P	"PE(P-18:0/17:2(9Z,12Z))"	394422	1823591	2	5	2	2.19	194	94	395510	1881391	23.4	0	100	0	0	0	713.536	1	12.273	0.291	0.514	2446	782546	3504403	21530	0	0	713.536	12.273	0			LMGP02030044
390	553.5064	612.5208	11.771	C34 H67 N O4	Cer(d14:1(4E)/20:0(2OH))	27335	220825	3	13		1.93	152	136	16287	147361	22.1	0	100	0	0	0	553.5066	1	11.78	0.419	1.299	2945	446156	3498617	30232	0	0	553.5066	11.78	0			LMSP02010068
391	536.311	535.3042	10.635	C26 H49 O9 P	"PG(20:2(11Z,14Z)/0:0)"	73678	861914	2	11		2.31	190	98	58112	755664	25.3	0	100	0	0	0	536.311	1	10.639	0.363	0.991	1559	293817	3490988	7283	0	0	536.311	10.639	0			LMGP04050024
392	384.3238	419.2932	10.931	C23 H44 O4	Tetrahydropersin	190131	1016281	2	5	1	1.42	214	74	166421	884014	17.6	0	100	0	0	0	384.3238	1	10.939	0.307	0.683	798	553290	3477497	3476	0	0	420.3005	10.939	0	163955-67-7	HMDB36344	
393	689.4995	688.4922	12.71	C37 H72 N O8 P	PE(20:1(11Z)/12:0)	121960	1178047	2	6	1	2	103	185	114336	1140244	21.7	0	100	0	0	0	689.4995	1	12.705	0.557	0.986	1439	332747	3453392	5397	0	0	689.4995	12.705	0			LMGP02010841
394	290.1894	625.3778	8.734			58106	606601	2	8	1	1.59	271	17	43780	440765	14.2	0	100	0	0	0	290.1896	1	8.737	0.245	0.611	1043	292563	3449967	1885	0	0	290.1896	8.737	0			
395	368.2924	413.2906	9.986	C22 H40 O4	Octadecyl fumarate	240542	2036494	2	3	1	0.36	282	6	250683	2068204	14.2	0	100	0	0	0	368.2924	1	9.993	0.206	0.39	693	445416	3434286	1255	0	0	414.298	9.993	0	1741-93-1	HMDB38073	
396	290.2224	325.1929	10.087			119145	999678	2	8	2	3.02	150	138	113706	838469	18.2	0	100	0	0	0	290.2221	1	10.076	0.371	1.063	28062	285832	3427104	344306	0	0	290.2221	10.076	0			
397	751.4907	750.4829	12.382			146641	1362761	2	11	2	3.22	122	166	128612	1126743	22.4	0	100	0	0	0	751.4905	1	12.373	0.408	1.525	1385	423516	4048732	8094	0	0	751.4905	12.373	0			
398	249.1727	248.1657	7.968	C15 H23 N O2	Nupharidine	51788	376114	2	8		2.7	187	101	37586	264167	35.8	0	100	0	0	0	249.1728	1	7.961	0.371	0.858	925	509441	3302150	2083	0	0	249.1728	7.961	0	468-89-3		
399	895.5003	894.4927	11.747			56439	587285	2	10	1	3.69	193	95	38114	418748	18.8	0	100	0	0	0	895.5002	1	11.766	0.498	0.842	974	281924	3389593	7647	0	0	895.5002	11.766	0			
400	597.479	596.472	12.527			279856	1110676	2	12	1	0.62	276	12	192935	775862	19	1	100	0	0	0	597.479	1	12.534	0.364	0.93	3984	924925	3382739	7694	0	0	597.479	12.534	0			
401	237.0859	236.0788	0.645	C9 H11 N5 O3	Deoxyeritadenine	79656	988578	2	7	2	0.79	271	17	70765	854571	20.6	0	185.19	0	0	0	237.086	1	0.653	0.313	0.508	3080	241696	3359102	14452	0	0	237.086	0.653	0	31701-90-3	HMDB29928	
402	573.3332	572.3262	8.815	C33 H43 N5 O4	Amphibine A	103117	1056591	2	4	1	0.45	160	128	89460	848336	14.4	0	100	0	0	0	573.3333	1	8.82	0.205	0.416	5484	338596	3348168	22272	0	0	573.3333	8.82	0	36535-97-4		
403	592.3965	591.3903	11.206	C34 H56 O8	Tuberoside	58447	302660	2	9		5.62	268	20	36527	208677	21.3	0	100	0	0	0	592.3967	1	11.211	0.501	1.335	968	699913	3346397	2399	0	0	592.3967	11.211	0	140447-21-8	HMDB39054	
404	382.241	381.2315	10.404			34157	460057	3	8	1	3.21	288	0	27710	364954	10.6	0	100	0	0	0	382.2409	1	10.407	0.206	1.448	3291	225058	3335665	14418	0	0	382.2409	10.407	0			
405	420.2508	419.2432	8.733	C24 H36 O6	"Dimethyl 3-methoxy-4-oxo-5-(8,11,14-pentadecatrienyl)-2-hexenedioate"	184192	796491	2	5	1	1.03	251	37	154985	644649	6.8	0	100	0	0	0	420.2509	1	8.736	0.097	0.544	11902	816815	3313197	57889	0	0	420.2509	8.736	0		HMDB32099	
406	423.1146	422.1082	9.448			8583	84986	2	13		5.46	89	199	1841	16019	75.8	0	100	0	0	0	423.1148	1	9.465	0.306	0.935	871	278154	3309338	2846	0	0	423.1148	9.465	0			
407	973.6499	972.6429	14.805			55457	2060248	2	4	1	0.12	166	122	56926	2168739	17.4	0	100	0	0	0	973.6498	1	14.803	0.297	1.186	9401	118511	3298664	280970	0	0	973.6498	14.803	0			
408	759.5047	758.4977	11.631	C40 H74 N O10 P	"PS(16:0/18:2(9Z,12Z))"	104465	710457	2	8	2	1.66	226	62	80732	582646	14.3	0	100	0	0	0	759.5049	1	11.639	0.313	1.058	2008	520145	3289089	20488	0	0	759.5049	11.639	0			LMGP03010976
409	1030.6436	1029.6375	7.838			84047	644219	2	5		4.61	68	220	92418	482601	35.2	0	100	0	0	0	1030.6451	1	7.852	0.297	0.406	7094	211506	3035973	41078	0	0	1030.6451	7.852	0			
410	342.1214	341.1143	4.288	C18 H18 N2 O5	Dictyoquinazol C	207033	1225178	2	3	1	0.45	287	1	212259	1259691	2.8	0	100	0	0	0	342.1214	1	4.288	0.099	0.437	13274	473510	3254123	68681	0	0	342.1214	4.288	0		HMDB40442	
411	270.2558	269.2486	10.825	C17 H34 O2	"Pentadecanoic acid, 14-methyl-, methyl ester"	529455	2412734	2	6	1	0.52	84	204	503984	2330778	14.8	0	100	0	0	0	270.2559	1	10.834	0.15	0.986	290166	842164	3253819	973287	0	0	270.2559	10.834	0			
412	861.6585	860.6522	13.496			111963	1803642	2	8	1	3.38	100	188	111836	1766236	31.1	0	100	0	0	0	861.6581	1	13.517	0.479	1.469	5260	209118	3234635	67048	0	0	861.6581	13.517	0			
413	350.2814	349.2747	10.939	C22 H38 O3	"12,15-epoxy-13,14-dimethyleicosa-12,14-dienoic acid"	186301	688787	2	7	1	4.04	215	73	144777	525986	19	1	100	0	0	0	350.2819	1	10.946	0.218	0.811	4344	972252	3229180	22083	0	0	350.2819	10.946	0			LMFA01150002
414	825.6697	884.6834	12.416			55603	532035	2	13		3.07	208	80	41953	409510	21.1	0	100	0	0	0	825.6692	1	12.42	0.367	0.745	1028	387212	3228425	1457	0	0	825.6692	12.42	0			
415	322.1625	321.1556	2.677	C14 H26 O8	Butyl 3-O-beta-D-glucopyranosyl-butanoate	41456	218672	2	5	1	0.38	272	16	32654	168241	0.3	0	100	0	0	0	322.1625	1	2.681	0.074	0.277	7725	484136	3227793	36572	0	0	322.1625	2.681	0			LMFA13010043
416	727.4417	726.4335	10.895			20672	312628	2	11		2.29	272	16	17182	294385	29	0	100	0	0	0	727.4416	1	10.897	0.395	1.577	827	378674	3214670	1613	0	0	727.4416	10.897	0			
417	787.5322	786.5285	12.837			89145	962373	2	8	2	8.05	52	236	87832	552288	51	0	100	0	0	0	787.5357	1	12.852	0.371	1.13	1498	303198	3212575	7936	0	0	787.5357	12.852	0			
418	777.5831	776.5457	12.772			40601	505325	2	10	2	5.88	189	99	37161	441531	35.5	0	100	0	0	0	777.5841	1	12.771	0.52	0.74	2937	126202	3177563	9334	0	0	777.5841	12.771	0			
419	720.5414	719.5343	11.683			104369	1045095	4	8	1	0.45	269	19	102293	998881	9.9	0	100	0	0	0	720.5415	1	11.688	0.356	1.053	1683	309771	3175144	21856	0	0	720.5415	11.688	0			
420	366.3496	365.3426	11.969	C24 H46 O2	Nervonic acid	259597	954883	2	6	1	2.48	263	25	248611	932231	23.2	1	100	0	0	0	366.3497	1	11.973	0.35	0.755	2522	898480	3170399	8315	0	0	366.3497	11.973	0	506-37-6		LMFA07040060
421	466.3115	465.3044	12.689	C27 H46 O4 S	cholesterol sulfate	92194	799352	2	3		0.26	99	189	76638	590856	13.1	0	100	0	0	0	466.3116	1	12.685	0.23	1.15	22874	424629	3166111	185545	0	0	466.3116	12.685	0	1256-86-6	HMDB00653	LMST05020016
422	901.6276	960.6335	14.398			86182	1561849	2	10	1	5.27	86	202	45526	578983	51.8	0	100	0	0	0	901.6281	1	14.414	0.384	1.448	3123	495147	6730055	15696	0	0	901.6281	14.414	0			
423	594.5584	593.5513	11.195	C38 H74 O4	Ethylene glycol distearate	129888	1147323	2	3	1	0.66	131	157	140049	1129718	15.9	0	100	0	0	0	594.5585	1	11.19	0.27	0.447	897	200493	3142400	1920	0	0	594.5585	11.19	0	627-83-8	HMDB32260	
424	474.2245	473.2171	7.258	C26 H34 O8	Methylprednisolone succinate	183962	925830	2	4	1	2.05	282	6	153289	735297	13.1	0	100	0	0	0	474.2251	1	7.259	0.085	0.483	691	636140	3138802	1457	0	0	474.2251	7.259	0	2921-57-5		
425	945.6189	944.6113	14.11			43074	1295652	2	4	1	1.5	273	15	43090	1291320	27.5	0	100	0	0	0	945.6186	1	14.121	0.567	1.212	961	98214	3108289	4859	0	0	945.6186	14.121	0			
426	581.3689	580.3617	10.056	C28 H56 N O9 P	PS(22:0/0:0)	135527	1447070	2	4	1	1.36	234	54	137283	1470203	14.8	0	100	0	0	0	581.369	1	10.061	0.235	1.073	2189	271449	3102627	10718	0	0	581.369	10.061	0			LMGP03050025
427	508.28	507.2728	9.954	C24 H45 O9 P	"PG(18:2(9Z,12Z)/0:0)"	101767	835091	2	3		0.24	167	121	84964	606267	14.7	0	100	0	0	0	508.28	1	9.956	0.148	0.539	15688	381391	3102509	84552	0	0	508.28	9.956	0			LMGP04050014
428	671.5346	730.5473	11.491	C38 H73 N O8	GlcCer(d14:1/18:0)	217326	1218099	3	17	2	2.88	271	17	203111	1167416	19.1	0	100	0	0	0	671.5338	1	11.499	0.123	1.027	16000	853450	3100664	152478	0	0	671.5338	11.499	0			LMSP0501AA40
429	90.03	89.0224	0.365	C3H6O3	D-Lactic acid	1000364	2143145	2	6	3	8.28	134	154	695542	2176611	24.9	59	168.57	0	0	0	90.0297	1	0.371	0.235	0.462	106402	2451660	3090947	526689	0	0	90.0297	0.371	0	10326-41-7		
430	789.5316	834.529	12.818	C45 H76 N O8 P	"PE(22:6(4Z,7Z,10Z,13Z,16Z,19Z)/18:1(9Z))"	72157	751859	2	11	2	2.34	152	136	68466	725841	20.3	0	100	0	0	0	789.5313	1	12.823	0.328	1.828	2216	587942	3087438	43827	0	0	789.5313	12.823	0		HMDB09686	
431	191.0981	236.0963	1.907	C8 H17 N O2 S	Trihomomethionine	37794	242491	2	3	1	0.51	272	16	24278	157342	7.2	0	100	0	0	0	191.0981	1	1.911	0.074	0.349	5567	448895	3079513	31059	0	0	237.1033	1.911	0			
432	97.9682	96.96	0.434			134206	676439	2	3	1	11.76	37	251	28213	292866	40.1	1	100	0	0	0	97.968	1	0.461	0.507	1.109	4807	962079	3070538	24264	0	0	97.968	0.461	0			
433	737.5002	736.492	11.943			194969	1108775	2	10	2	3.32	161	127	192054	1046222	25.4	0	100	0	0	0	737.4995	1	11.939	0.45	1.566	8135	391325	3063178	29455	0	0	737.4995	11.939	0			
434	436.2601	435.2513	10.618	C21 H41 O7 P	DHAP(18:0)	82869	999003	2	12		4.23	225	63	60186	740408	23.9	0	100	0	0	0	436.2594	1	10.605	0.261	1.402	3218	353187	3157848	26411	0	0	436.2594	10.605	0		HMDB11133	
435	704.5014	703.4943	9.965	C38 H73 O9 P	PG(P-18:0/14:1(9Z))	205323	1336443	3	4	1	0.24	272	16	199452	1317959	5.5	0	100	0	0	0	704.5014	1	9.974	0.115	0.786	11540	473253	3051886	57434	0	0	704.5014	9.974	0			LMGP04030031
436	422.2337	421.2263	9.825	C20 H38 O7 S	Docusate	57276	492610	3	5	1	1.65	179	109	42462	381400	13.8	0	100	0	0	0	422.2337	1	9.826	0.344	0.971	7286	371882	3023182	66243	0	0	422.2337	9.826	0	10041-19-7	HMDB32386	LMFA07010721
437	540.2564	539.2496	5.753	C27 H40 O11	Tetrahydroaldosterone-3-glucuronide	51831	296489	3	5	1	1.13	272	16	38679	225469	5	0	100	0	0	0	540.2566	1	5.752	0.076	0.729	7726	530010	3021282	24005	0	0	540.2566	5.752	0	20605-81-6	HMDB10357	
438	366.2746	365.2672	11.283			78878	822659	2	6	1	1.67	181	107	68974	651677	22.1	0	100	0	0	0	366.2745	1	11.282	0.183	0.678	3665	285217	3446997	81847	0	0	366.2745	11.282	0			
439	276.2183	275.2018	9.68	C18 H28 O2	19-Norandrosterone	185227	1014321	2	12	1	8.16	80	208	38426	234505	65.2	0	95.51	0	0	0	276.2188	1	9.66	0.242	1.115	6579	745609	3015993	17042	0	0	276.2188	9.66	0	1225-01-0	HMDB02697	LMST02010042
440	852.5123	851.5061	11.401			133331	769029	2	15	1	3.01	157	131	126068	658112	28.1	0	100	0	0	0	852.5129	1	11.393	0.44	1.012	1793	527444	3007827	41799	0	0	852.5129	11.393	0			
441	324.1754	383.1892	11.268	C18 H28 O3 S	Piperonyl sulfoxide	13129	130989	2	4	1	0.6	285	3	6442	77481	33.2	0	100	0	0	0	324.1754	1	11.276	0.473	1.207	1721	467084	3006295	17360	0	0	384.1965	11.276	0	120-62-7		
442	811.69	870.7043	12.735	C48 H93 N O8	Galbeta-Cer(d18:1/24:0)	135957	756902	2	10	1	3.43	238	50	116772	672966	21.6	0	100	0	0	0	811.6901	1	12.73	0.363	0.827	3028	478431	3003615	16695	0	0	811.6901	12.73	0			LMSP0501AC05
443	434.2427	433.2359	10.099	C21 H39 O7 P	"PA(18:2(9Z,12Z)/0:0)"	72609	710428	2	7		1.91	218	70	44708	502456	21.8	0	100	0	0	0	434.2429	1	10.098	0.31	1.104	1367	507529	4144423	9804	0	0	434.2429	10.098	0			LMGP10050017
444	434.1684	469.138	4.958			54144	496223	4	8	2	0.99	288	0	56959	510843	5.9	0	100	0	0	0	434.1686	1	4.958	0.125	0.596	8254	126621	882528	42239	0	0	434.1686	4.958	0			
445	761.5354	760.5287	12.229			277585	1753545	2	13	3	4.99	188	100	289320	1809955	15.1	0	100	0	0	0	761.5359	1	12.225	0.525	0.894	5245	783057	4831318	38117	0	0	761.5359	12.225	0			
446	396.2065	395.1993	8.745	C23 H28 N2 O4	Echitovenine	122541	676372	3	6	1	2.15	215	73	103432	556215	11.3	0	100	0	0	0	396.2066	1	8.747	0.291	1.207	937	533343	2994902	6604	0	0	396.2066	8.747	0			
447	649.4682	648.4607	11.369	C34 H68 N O8 P	PE(17:0/12:0)	158590	628998	3	6	1	1.59	242	46	102178	413562	18.9	0	100	0	0	0	649.468	1	11.378	0.402	0.842	729	820850	2976448	4977	0	0	649.468	11.378	0			LMGP02010539
448	805.526	804.5182	11.603			154295	1289627	2	17	3	2.08	135	153	150008	1302134	14.5	0	100	0	0	0	805.5257	1	11.608	0.148	1.222	7287	373576	2945900	44116	0	0	805.5257	11.608	0			
449	417.2914	416.284	11.102			117668	966114	2	6		1.18	257	31	94028	759290	14	0	100	0	0	0	417.2913	1	11.102	0.234	1.022	17855	486922	3146172	126684	0	0	417.2913	11.102	0			
450	218.0104	217.0031	0.219			1077224	2091123	2	4	1	0.44	284	4	1114921	2129385	24.4	271	213.09	0	0	0	218.0104	1	0.219	0.133	0.262	6437	1337784	2938348	34818	0	0	218.0104	0.219	0			
451	399.2018	398.1948	4.786			52232	426671	2	4	1	1.64	272	16	31683	267831	8.2	0	100	0	0	0	399.2019	1	4.784	0.127	0.39	779	279869	2922439	3407	0	0	399.2019	4.784	0			
452	326.281	325.2743	10.419			121498	867439	2	8		4.07	218	70	150159	715649	32.8	0	100	0	0	0	326.2815	1	10.42	0.287	1.228	2041	203634	2910420	10744	0	0	326.2815	10.42	0			
453	972.3168	1031.3309	0.489	C36 H60 O30	Alpha-cyclodextrin	13117	162221	2	6		1.71	280	8	8089	109730	40.2	0	199.91	0	0	0	972.3166	1	0.492	0.304	1.104	1734	254567	2902230	4302	0	0	972.3166	0.492	0			
454	120.033	119.0259	0.392			100100	321129	2	4		10.44	78	210	34690	133548	15.4	4	157.24	0	0	0	120.0328	1	0.387	0.122	0.39	7054	1064004	2898561	36309	0	0	120.0328	0.387	0			
455	545.2748	544.268	9.48	C26 H44 N O9 P	"PS(20:4(5Z,8Z,11Z,14Z)/0:0)"	44425	334383	2	3		3.55	233	55	35481	267122	17.1	0	100	0	0	0	545.275	1	9.486	0.358	0.478	1238	200662	2897990	8041	0	0	545.275	9.486	0			LMGP03050007
456	689.544	748.5583	11.269			155322	1115310	2	14	2	1.11	271	17	137935	1032264	15.1	0	100	0	0	0	689.544	1	11.273	0.218	1.31	12146	450841	2893193	56943	0	0	689.544	11.273	0			
457	761.4995	760.4932	11.868	C43 H72 N O8 P	"PE(22:6(4Z,7Z,10Z,13Z,16Z,19Z)/16:1(9Z))"	446497	1964710	2	7	1	2.32	234	54	447279	2071897	21.9	1	100	0	0	0	761.4995	1	11.871	0.442	0.935	2534	1014798	2888211	15218	0	0	761.4995	11.871	0		HMDB09683	
458	799.6088	834.5873	12.769	C43 H84 N O9 P	PS(P-20:0/17:0)	48347	602092	2	9	1	5.17	211	77	53128	426243	34.3	0	100	0	0	0	799.6087	1	12.778	0.361	1.443	863	120561	2862586	2783	0	0	799.6087	12.778	0			LMGP03030064
459	493.3168	492.3094	9.937	C24 H48 N O7 P	PE(19:1(9Z)/0:0)	121499	1228771	2	9	1	1.44	218	70	109290	1217078	9.5	0	100	0	0	0	493.3166	1	9.932	0.317	1.017	15354	396202	2854094	222386	0	0	493.3166	9.932	0			LMGP02050019
460	1082.6242	1081.617	9.211			151105	1218837	3	5		1.64	255	33	158402	1198826	10.3	0	100	0	0	0	1082.6241	1	9.216	0.173	0.704	1660	346447	2835770	11910	0	0	1082.6241	9.216	0			
461	491.2637	536.2628	7.542			90544	490295	2	7	1	3.19	174	114	67113	363968	17.4	0	100	0	0	0	491.2643	1	7.54	0.466	1.305	2052	552078	2827509	23437	0	0	491.2643	7.54	0			
462	786.4157	785.4091	10.936			77120	998466	3	6	1	1.42	240	48	74539	919787	8.5	0	100	0	0	0	786.4158	1	10.94	0.211	0.863	3330	185601	2825853	53823	0	0	786.4158	10.94	0			
463	342.1212	341.1142	4.956	C18 H18 N2 O5	Dictyoquinazol C	186077	920138	2	3	1	1.34	287	1	181744	896478	0	0	100	0	0	0	342.1214	1	4.956	0.1	0.272	93067	288107	1446734	508304	0	0	342.1214	4.956	0		HMDB40442	
464	793.5548	838.5394	12.326	C49 H78 N O8 P	"PE(22:4(7Z,10Z,13Z,16Z)/22:6(4Z,7Z,10Z,13Z,16Z,19Z))"	148121	813671	2	13	3	10.07	57	231	84074	651396	41.5	0	100	0	0	0	793.5557	1	12.332	0.595	1.505	3476	598149	3186518	16230	0	0	793.5557	12.332	0		HMDB09605	
465	226.1932	225.1861	9.36	C14 H26 O2	5-Methyl-2E-tridecenoic acid	98197	446164	2	3	1	0.55	192	96	65172	346168	22	0	100	0	0	0	226.1932	1	9.371	0.161	0.467	6027	631075	2813455	24361	0	0	226.1932	9.371	0			LMFA01020108
466	523.2907	522.2836	9.934	C24 H46 N O9 P	PS(18:1(9Z)/0:0)[U]	73110	703943	2	6	1	0.33	227	61	54611	551688	8.3	0	100	0	0	0	523.2907	1	9.938	0.142	0.704	1958	265756	2799585	14377	0	0	523.2907	9.938	0			LMGP03050004
467	499.2695	498.2623	8.925	C25 H42 N O7 P	"PE(20:5(5Z,8Z,11Z,14Z,17Z)/0:0)"	266695	1448309	2	7	1	4.46	146	142	266058	1415359	28.8	0	100	0	0	0	499.2694	1	8.909	0.477	1.197	1070	561364	3402949	1763	0	0	499.2694	8.909	0			LMGP02050027
468	128.0084	187.0221	0.337			616582	1588107	2	6	2	5.37	137	151	645709	1582244	20.8	32	181.28	0	0	0	128.0082	1	0.328	0.069	0.565	41246	1302195	2779017	152653	0	0	128.0082	0.328	0			
469	1058.6237	1057.6173	9.158			157003	1055402	3	5		1.07	216	72	143706	932647	13.8	0	100	0	0	0	1058.624	1	9.166	0.367	0.822	1717	373696	2775637	24387	0	0	1058.624	9.166	0			
470	297.0893	332.0587	2.409	C11 H15 N5 O3 S	5'-Methylthioadenosine	65220	912488	2	11	3	0.62	273	15	58635	829464	4.7	0	100	0	0	0	297.0893	1	2.406	0.165	1.053	2856	218258	2772826	12999	0	0	297.0893	2.406	0	2457-80-9	HMDB01173	
471	242.2246	241.2173	10.244	C15 H30 O2	Undecyl isobutyrate	475903	1497050	3	4	1	0.39	85	203	486098	1463367	19.6	0	100	0	0	0	242.2246	1	10.248	0.239	0.211	39226	822481	2771757	202876	0	0	242.2246	10.248	0			LMFA07010680
472	495.9761	494.9694	8.159			107285	844991	2	2	1	1.48	288	0	106758	841083	6.8	0	100	0	0	0	495.9765	1	8.16	0.085	0.837	78548	442395	2770647	411260	0	0	495.9765	8.16	0			
473	434.1692	469.138	4.565			13119	110190	2	7	2	3.86	44	244	4997	36191	67.8	0	100	0	0	0	434.1687	1	4.568	0.305	0.827	2331	313624	2763082	6966	0	0	434.1687	4.568	0			
474	537.2722	536.2622	7.578			99328	592973	3	11	2	2.66	146	142	67531	423024	15.8	0	100	0	0	0	537.2729	1	7.572	0.486	1.284	2318	555962	2755264	33325	0	0	537.2729	7.572	0			
475	298.1966	297.1911	9.005			41119	497920	2	7	1	5.73	227	61	27776	373570	24	0	100	0	0	0	298.1964	1	9.017	0.335	0.991	2025	171115	2749139	9695	0	0	298.1964	9.017	0			
476	647.4524	646.4452	11.036	C34 H66 N O8 P	PE(17:1(9Z)/12:0)	104813	642711	6	8		1.58	275	13	64858	500352	15.4	0	100	0	0	0	647.4523	1	11.041	0.255	0.657	1483	609794	2746883	16083	0	0	647.4523	11.041	0			LMGP02010561
477	527.2909	526.2843	8.535			20954	251355	2	5	1	2.13	240	48	13781	183597	21.5	0	100	0	0	0	527.2912	1	8.532	0.2	0.786	2226	272667	2746800	16171	0	0	527.2912	8.532	0			
478	349.2074	408.2213	9.531	C20 H31 N O2 S	Cetiedil	53628	419925	2	4		0.45	246	42	34078	251883	14.7	0	100	0	0	0	349.2074	1	9.535	0.535	0.755	2665	315656	2741786	19371	0	0	409.2285	9.535	0	14176-10-4		
479	334.1982	333.192	6.855	C16 H30 O7	3-O-alpha-L-rhamnopyranosyl-3-hydroxydecanoic acid	28561	127500	2	6	1	2.91	269	19	15314	64515	12	0	100	0	0	0	334.1988	1	6.855	0.075	0.36	3824	560084	2735878	15537	0	0	334.1988	6.855	0			LMFA13030003
480	453.2854	452.2785	10.047	C21 H44 N O7 P	Glycerophospho-N-Palmitoyl Ethanolamine	220108	1609588	2	8	1	0.51	100	188	197998	1630775	17.5	0	100	0	0	0	453.2854	1	10.053	0.196	0.817	2479	789595	2732983	9697	0	0	453.2854	10.053	0	100575-09-5	HMDB11473	
481	936.5214	981.5195	11.46			21943	466902	2	8		1.82	255	33	14675	310824	36.8	0	100	0	0	0	936.5212	1	11.462	0.358	0.77	848	94434	2727135	1519	0	0	936.5212	11.462	0			
482	329.2829	328.2766	10.317	C21 H35 N3	(-)-Jamine	128189	1027984	2	5		3.92	164	124	143679	977917	16.7	0	100	0	0	0	329.2832	1	10.321	0.321	0.637	2050	210049	2724509	9926	0	0	329.2832	10.321	0	10550-80-8		
483	284.3089	283.3017	11.135	C19 H40 O	1-Nonadecanol	141458	854055	2	2		0.9	96	192	142126	748796	13	0	100	0	0	0	284.3089	1	11.125	0.304	0.673	82832	171030	2724282	65707	0	0	284.3089	11.125	0	1454-84-8		
484	296.2347	295.2276	9.393	C18H32O3	9(S)-HODE	193777	1023657	2	10	1	3.03	116	172	175070	884767	15.1	0	100	0	0	0	296.2349	1	9.388	0.258	1.186	3952	525894	2892171	15517	0	0	296.2349	9.388	0	73543-67-6		
485	545.3133	604.3252	9.928			36386	323373	2	11		4.01	232	56	25712	276495	10.9	0	100	0	0	0	545.3128	1	9.924	0.303	1.109	5131	695115	2717935	33935	0	0	545.3128	9.924	0			
486	539.5268	574.4964	12.142	C34 H69 N O3	Cer(d18:0/16:0)	54327	376104	2	10		1.19	245	43	33129	266853	29.7	0	100	0	0	0	539.5269	1	12.155	0.354	0.796	1060	359359	2715064	1922	0	0	539.5269	12.155	0			LMSP02020001
487	525.3329	524.3278	9.325			88188	907638	2	7	1	2.89	255	33	83332	801747	12.8	0	100	0	0	0	525.3332	1	9.339	0.339	1.356	1895	170125	2711456	11122	0	0	525.3332	9.339	0			
488	338.1629	383.1611	6.071	C20 H22 N2 O3	beta-Cyclopiazonate	283253	1348507	3	3	1	1.72	288	0	271391	1319775	0.1	0	100	0	0	0	338.1629	1	6.074	0.098	0.827	93317	463064	2262093	343291	0	0	384.1683	6.074	0			
489	515.2993	560.2967	9.569			31995	323269	2	9	2	4.88	236	52	22312	254320	34.7	0	100	0	0	0	515.2992	1	9.555	0.376	1.084	1810	320984	2703077	10716	0	0	515.2992	9.555	0			
490	785.5	830.5091	11.822	C44 H78 N O9 P	"PS(P-18:0/20:4(5Z,8Z,11Z,14Z))"	323346	1761993	2	13	2	3.41	194	94	327895	1860798	24	1	100	0	0	0	785.4995	1	11.825	0.308	1.495	3674	1034393	4652943	34488	0	0	785.4995	11.825	0			LMGP03030090
491	527.4912	586.5051	11.595			194637	1335706	9	14	3	0.25	272	16	187330	1275522	18.7	0	100	0	0	0	527.4912	1	11.604	0.11	0.94	23696	549628	2671164	163131	0	0	527.4912	11.604	0			
492	606.413	605.4058	11.333			93305	463385	3	9		1.96	216	72	72403	336734	18.8	0	100	0	0	0	606.4129	1	11.341	0.308	0.796	870	499858	2651875	1674	0	0	606.4129	11.341	0			
493	769.5613	768.5539	12.425	C43 H80 N O8 P	"PE(22:2(13Z,16Z)/16:1(9Z))"	178506	1499359	3	11	2	2.68	65	223	184561	1539815	20.2	0	100	0	0	0	769.5612	1	12.408	0.347	0.837	8791	468914	2650620	28446	0	0	769.5612	12.408	0		HMDB09551	
494	807.6586	842.6281	12.379			62920	434036	2	14		4.09	240	48	40429	335364	41.4	1	100	0	0	0	807.6582	1	12.375	0.376	0.878	1154	999639	2646546	2830	0	0	807.6582	12.375	0			
495	839.5682	838.5599	12.939	C46 H82 N O10 P	"PS(18:0/22:4(7Z,10Z,13Z,16Z))"	171666	1540308	2	12	2	2.72	156	132	165429	1609688	21.7	0	100	0	0	0	839.5677	1	12.931	0.314	1.546	1138	455620	2645933	9489	0	0	839.5677	12.931	0			LMGP03010883
496	719.5526	718.5475	11.321			62154	941271	3	17	4	6.46	152	136	55557	938876	19.1	0	100	0	0	0	719.5544	1	11.298	0.398	1.053	9676	192184	2642702	24478	0	0	719.5544	11.298	0			
497	861.517	860.5032	11.514			13742	140651	2	11		6.63	161	127	8136	96292	92.7	0	80	0	0	0	861.5171	1	11.514	0.528	1.325	867	404471	2624618	2360	0	0	861.5171	11.514	0			
498	692.5952	691.5881	10.916	C43 H80 O6	TG(12:0/14:0/14:1(9Z))[iso6]	103723	437827	3	4	1	0.31	270	18	87719	336828	23	0	100	0	0	0	692.5952	1	10.928	0.131	0.652	5113	541311	2619308	20048	0	0	692.5952	10.928	0			LMGL03013208
499	166.0562	201.0256	0.228	C8 H10 N2 S	Ethionamide	340430	798231	2	4	1	0.32	280	8	334324	776325	21.7	0	211.93	0	0	0	166.0562	1	0.228	0.098	0.827	2413	805246	2613537	11381	0	0	202.0327	0.228	0	536-33-4		
500	590.5272	635.5254	10.367	C38 H70 O4	Polyoxyethylene dioleate	138482	1127366	3	4	1	0.2	272	16	132383	1116421	2	0	100	0	0	0	590.5272	1	10.376	0.115	0.365	6864	294655	2609146	31237	0	0	636.5327	10.376	0	6/07/9005	HMDB32475	
501	448.278	447.2702	11.244			36074	301484	2	3	1	3.55	50	238	13899	97329	43.6	0	100	0	0	0	448.2775	1	11.249	0.394	1.037	3512	236320	2600187	8690	0	0	448.2775	11.249	0			
502	702.5676	747.5659	11.975	C39 H79 N2 O6 P	PE-Cer(d16:1(4E)/21:0)	130167	929834	2	4	1	0.35	270	18	129355	857325	10.1	0	100	0	0	0	702.5676	1	11.978	0.255	0.354	4884	322985	2587917	15558	0	0	748.573	11.978	0			LMSP03020023
503	481.3166	480.3095	10.066	C23 H48 N O7 P	LysoPE(0:0/18:0)	251160	1303049	2	11	2	0.35	267	21	238110	1236761	11	0	100	0	0	0	481.3167	1	10.072	0.099	1.212	1671	536640	2585098	5246	0	0	481.3167	10.072	0		HMDB11129	
504	753.5307	752.5237	12.2	C42 H76 N O8 P	"PE(20:4(5Z,8Z,11Z,14Z)/17:0)"	215321	1599550	2	9	1	1.05	133	155	212501	1587375	8.6	0	100	0	0	0	753.5309	1	12.206	0.128	0.991	88085	384439	2569497	601526	0	0	753.5309	12.206	0			LMGP02010940
505	382.3446	381.3376	11.553	C24 H46 O3	3-oxo-tetracosanoic acid	103467	498857	2	9	1	0.39	266	22	80636	414647	12.7	0	100	0	0	0	382.3446	1	11.559	0.184	1.376	2139	526845	2553103	8177	0	0	382.3446	11.559	0			LMFA01060147
506	413.2591	412.2525	10.242			45501	424701	2	6		3.15	228	60	32020	281192	24.3	0	100	0	0	0	413.2595	1	10.265	0.392	1.289	2587	264162	2549580	39289	0	0	413.2595	10.265	0			
507	621.4367	620.4295	10.978	C32 H64 N O8 P	PE(15:0/12:0)	115749	446472	2	5		1.24	270	18	76490	283112	25	0	100	0	0	0	621.4367	1	10.986	0.107	0.74	1545	739434	2548066	3648	0	0	621.4367	10.986	0			LMGP02010452
508	450.1569	449.1499	7.74	C20 H26 N4 O6 S	Asp Met Trp	175152	755788	3	5	1	2.06	227	61	134866	739579	11.6	0	100	0	0	0	450.157	1	7.762	0.569	0.93	1023	755217	2543583	7925	0	0	450.157	7.762	0			
509	741.5664	740.5597	12.518	C42 H80 N O7 P	"PE(P-20:0/17:2(9Z,12Z))"	50983	384777	2	8	1	3.21	243	45	37391	286116	16.3	0	100	0	0	0	741.5667	1	12.519	0.327	0.765	1366	439831	2539243	14413	0	0	741.5667	12.519	0			LMGP02030072
510	451.215	510.2288	10.7	C22 H33 N3 O5 S	Formylmethionyl-leucyl-phenylalanine methyl ester	104827	1454000	2	3	1	1.49	172	116	108805	1432540	16.6	0	100	0	0	0	451.215	1	10.7	0.206	0.971	1632	158794	2531062	11227	0	0	511.2361	10.7	0	65929-03-5		
511	430.2635	489.2773	11.173	C17 H34 N8 O5	Arg Lys Gln	30280	361151	2	3		0.8	283	5	22212	252775	18.1	0	100	0	0	0	430.2635	1	11.176	0.167	0.96	1343	187879	2525066	8602	0	0	490.2845	11.176	0			
512	687.5283	746.5423	11.371			104627	1148310	10	15	3	0.31	160	128	95141	1066668	9.5	0	100	0	0	0	687.5283	1	11.373	0.084	2.018	28746	310871	2520981	746905	0	0	687.5283	11.373	0			
513	706.5266	705.5188	11.513			99667	692159	2	7	1	2.56	255	33	91225	619003	17.8	0	100	0	0	0	706.5261	1	11.519	0.209	0.863	1059	299576	2516710	3694	0	0	706.5261	11.519	0			
514	627.3535	626.346	9.642			102809	912792	2	9	1	0.94	264	24	97051	855774	14	0	100	0	0	0	627.3534	1	9.65	0.289	1.233	1243	255980	2492035	16900	0	0	627.3534	9.65	0			
515	877.6231	876.6164	13.903			103397	960846	2	7	1	2.1	97	191	100110	808009	23.7	0	87	0	0	0	877.6233	1	13.894	0.451	1.017	8192	193758	2490015	39792	0	0	877.6233	13.894	0			
516	456.217	455.21	10.807	C26 H32 O7	Kurarinol	48014	625839	2	8	1	2.41	152	136	53182	626060	27.2	0	100	0	0	0	456.2171	1	10.788	0.409	1.515	1231	112699	2488659	4918	0	0	456.2171	10.788	0			
517	795.5767	794.5704	12.535	C45 H82 N O8 P	"PE(22:1(11Z)/18:3(9Z,12Z,15Z))"	91935	935823	2	8	2	3.51	129	159	81091	906361	23.5	0	100	0	0	0	795.5772	1	12.537	0.427	0.955	2288	224387	2479025	17687	0	0	795.5772	12.537	0			LMGP02011055
518	406.293	465.3075	11.313			164787	920888	2	15	1	2.56	278	10	161091	871525	12.2	0	100	0	0	0	406.2932	1	11.323	0.199	0.544	1657	453176	2473500	6890	0	0	406.2932	11.323	0			
519	300.2663	299.2592	10.302	C18 H36 O3	9-methoxy-heptadecanoic acid	267107	1274769	2	10	1	0.43	252	36	260442	1241632	11	0	100	0	0	0	300.2664	1	10.31	0.189	1.15	2185	597204	2473468	9374	0	0	300.2664	10.31	0			LMFA01080014
520	360.2293	359.222	8.702	C22 H32 O4	7(R)-Maresin 1	49698	452423	2	9	2	2	158	130	39390	369377	16.1	0	100	0	0	0	360.2295	1	8.692	0.424	1.561	2449	224215	2466795	9795	0	0	360.2295	8.692	0	1268720-28-0		
521	242.0793	241.0716	0.912	C11 H14 O6	Elenaic acid	72794	652869	2	6	2	2.71	270	18	62887	581005	27	0	144.83	0	0	0	242.0791	1	0.911	0.215	0.801	2489	297795	2459338	12231	0	0	242.0791	0.911	0	34422-12-3	HMDB39136	
522	451.2697	450.2624	9.008	C21 H42 N O7 P	PE(16:1(9Z)/0:0)	183472	1269571	2	9	1	1.02	130	158	198558	1351649	22.9	0	100	0	0	0	451.2698	1	8.992	0.373	0.889	1457	569183	2456401	4922	0	0	451.2698	8.992	0			LMGP02050010
523	197.078	196.0715	0.306			690061	1186945	2	6	1	3.24	251	37	647473	1122856	22.7	70	219.89	0	0	0	197.0779	1	0.306	0.02	0.704	228163	1507878	2447580	468341	0	0	197.0779	0.306	0			
524	859.4848	858.4773	10.454			68649	1136758	2	11	1	1.43	197	91	72000	1217400	22.7	0	100	0	0	0	859.4848	1	10.448	0.172	0.94	1084	152096	2444722	4099	0	0	859.4848	10.448	0			
525	1090.6538	1135.6519	9.171			55926	744627	2	7	1	1.05	200	88	50966	549839	18.4	0	100	0	0	0	1090.6537	1	9.213	0.34	0.693	3139	130544	2441138	40365	0	0	1090.6537	9.213	0			
526	789.5245	788.512	11.726			114665	1313964	2	16	3	5.89	159	129	89409	1225248	18	0	100	0	0	0	789.5235	1	11.726	0.366	1.079	771	443521	2428528	3597	0	0	789.5235	11.726	0			
527	989.8106	988.8035	11.125			127485	628265	4	5	1	0.27	272	16	113457	556771	26.1	0	100	0	0	0	989.8106	1	11.133	0.093	0.334	35395	415551	2424147	175478	0	0	989.8106	11.133	0			
528	280.2775	279.27	10.34	C19 H36 O	"6S,7R-Epoxy-9Z-nonadecene"	120827	1132670	2	5		0.66	240	48	122299	1058120	21.9	0	100	0	0	0	280.2774	1	10.342	0.151	0.606	35471	174423	2416944	283777	0	0	280.2774	10.342	0			LMFA12000293
529	763.5193	762.5083	13.017			25984	301120	2	10	3	5.85	97	191	16397	178306	68.8	0	100	0	0	0	763.5183	1	13.017	0.512	1.674	773	138113	2401665	5182	0	0	763.5183	13.017	0			
530	443.3067	442.2993	11.679			37978	605690	2	8		2.16	184	104	27964	471212	19.8	0	100	0	0	0	443.3066	1	11.685	0.45	0.93	898	160531	2392675	1894	0	0	443.3066	11.685	0			
531	833.5679	832.5613	13.093			125006	1356469	2	10	1	5.1	95	193	121190	1546128	57.4	0	100	0	0	0	833.569	1	13.063	0.511	1.181	1476	367917	7982628	4617	0	0	833.569	13.063	0			
532	958.5559	957.5484	6.714	C53 H83 O13 P	"PI(22:6(4Z,7Z,10Z,13Z,16Z,19Z)/22:4(7Z,10Z,13Z,16Z))"	220557	997138	4	4	1	0.18	288	0	214614	962641	7.8	0	100	0	0	0	958.5559	1	6.716	0.113	0.282	110263	563982	2387036	492780	0	0	958.5559	6.716	0			LMGP06010814
533	495.3327	494.3155	9.907			178073	1196247	2	11	2	5.71	196	92	189295	1302760	18.3	0	100	0	0	0	495.3323	1	9.911	0.447	1.222	12939	672367	2708921	85438	0	0	495.3323	9.911	0			
534	620.2958	619.2888	9.712	C29 H49 O12 P	"PI(20:4(5Z,8Z,11Z,14Z)/0:0)"	230423	1591180	2	4	1	2.04	44	244	252279	1652376	22.3	0	100	0	0	0	620.296	1	9.722	0.521	0.847	1196	563236	4109705	13048	0	0	620.296	9.722	0			LMGP06050006
535	1545.8749	1544.8677	7.825	C73 H131 N3 O31	Ganglioside GM1 (18:1/18:0)	32144	666805	2	6	1	1.1	196	92	24972	415917	23.7	0	100	0	0	0	1545.8748	1	7.829	0.269	0.447	2320	108703	2373424	41368	0	0	1545.8748	7.829	0		HMDB04856	
536	608.5013	607.494	10.031	C37 H68 O6	Muricatenol	99074	788211	2	3	1	0.4	256	32	100125	676349	6.6	0	100	0	0	0	608.5013	1	10.037	0.094	0.303	4575	212065	2371372	16952	0	0	608.5013	10.037	0		HMDB35900	
537	396.2628	395.2565	10.743	C19 H41 O6 P	1-Hexadecyl Lysophosphatidic Acid	31360	442317	2	9		4.43	252	36	21128	332172	28.2	0	100	0	0	0	396.2632	1	10.736	0.539	1.613	1086	190662	2370054	12895	0	0	396.2632	10.736	0	52603-03-9		
538	1345.034	1390.0315	11.876			94839	689345	3	11		1.78	271	17	91601	686200	24.9	0	99.21	0	0	0	1345.0341	1	11.881	0.154	0.586	1479	351685	2359996	10525	0	0	1345.0341	11.881	0			
539	745.5612	780.5298	12.555	C41 H80 N O8 P	PE(22:1(11Z)/14:0)	213275	1164123	2	18	2	3.59	139	149	202082	1111542	23.5	0	100	0	0	0	745.5616	1	12.564	0.49	1.34	6970	563600	2992834	36711	0	0	745.5616	12.564	0			LMGP02011042
540	787.5005	832.4998	11.477			80289	391152	2	17	2	2.86	126	162	50162	266047	28.7	0	100	0	0	0	787.5002	1	11.487	0.35	0.811	854	497006	2344596	4064	0	0	787.5002	11.487	0			
541	826.7055	871.7037	12.975	C53 H94 O6	"TG(16:0/17:2(9Z,12Z)/17:2(9Z,12Z))[iso3]"	41184	482758	2	6	1	3.21	196	92	34551	373798	22.6	0	100	0	0	0	826.7055	1	12.996	0.581	1.433	1311	175934	2337612	9052	0	0	872.6983	12.996	0			LMGL03010046
542	248.1774	247.1703	8.915	C16 H24 O2	2-Phenylethyl octanoate	94089	515284	2	6	1	2.84	268	20	67187	429683	18.5	0	100	0	0	0	248.1775	1	8.918	0.485	0.858	1463	487057	2329446	8046	0	0	248.1775	8.918	0	5457-70-5	HMDB37719	
543	569.2751	568.2681	9.536	C28 H44 N O9 P	"PS(22:6(4Z,7Z,10Z,13Z,16Z,19Z)/0:0)"	84441	576979	2	3	1	0.27	264	24	58838	408486	24.8	0	100	0	0	0	569.2751	1	9.542	0.381	0.38	1543	306635	2309266	6009	0	0	569.2751	9.542	0			LMGP03050013
544	449.2802	484.2494	11.146			52392	813652	3	6	1	0.36	263	25	54805	746783	9.6	0	100	0	0	0	449.2801	1	11.151	0.325	0.93	13145	90761	2305713	228650	0	0	449.2801	11.151	0			
545	212.1407	211.1339	6.201	C12 H20 O3	12-oxo-10E-dodecenoic acid	84452	362800	2	3	1	3.9	279	9	81763	336477	11.3	0	100	0	0	0	212.1412	1	6.201	0.324	0.344	3139	556756	2295654	7305	0	0	212.1412	6.201	0			
546	100.0134	145.0114	0.32	C2 H3 F3 O	ETF	332913	917581	4	6	1	4.17	250	38	300817	863066	25.2	2	212.36	0	0	0	100.0133	1	0.319	0.08	0.914	55192	900315	2294523	467083	0	0	100.0133	0.319	0		HMDB59596	
547	773.5932	808.5563	12.789			38228	384487	2	10		6.69	44	244	22798	202958	57.3	0	100	0	0	0	773.5926	1	12.781	0.462	1.469	1036	323435	2293235	2870	0	0	773.5926	12.781	0			
548	660.5088	659.5019	13.351	C37 H73 O7 P	PA(P-20:0/14:0)	42621	776925	2	4		0.4	177	111	38755	687576	16.2	0	100	0	0	0	660.5088	1	13.363	0.324	1.058	9074	113922	2292216	92327	0	0	660.5088	13.363	0			LMGP10030058
549	296.2715	295.2643	11.018	C19 H36 O2	(E)-9-Octadecenoic acid methyl ester	249595	902565	2	10	1	2.6	252	36	234158	786173	27.3	1	100	0	0	0	296.2715	1	11.016	0.43	2.388	4263	1002616	2288580	28104	0	0	296.2715	11.016	0			
550	779.5094	778.5026	11.573			158825	1317103	2	9	1	0.97	216	72	149883	1321321	9.3	0	100	0	0	0	779.5095	1	11.58	0.348	1.002	6767	519942	2417546	51275	0	0	779.5095	11.58	0			
551	644.3265	643.3188	10.659			34943	424498	2	7		1.48	272	16	21180	283623	20	0	100	0	0	0	644.3264	1	10.665	0.338	1.012	1041	234610	2285900	4258	0	0	644.3264	10.665	0			
552	654.361	653.3554	10.774			64622	817048	2	9		4.15	242	46	55669	662553	12.3	0	100	0	0	0	654.3617	1	10.776	0.287	1.279	4450	163114	2284144	78080	0	0	654.3617	10.776	0			
553	482.3389	481.3321	10.495	C31 H46 O4	Adlupone	60152	430334	2	12	1	1.6	255	33	35218	238708	30.2	0	100	0	0	0	482.339	1	10.484	0.319	1.233	1643	544233	2278377	24799	0	0	482.339	10.484	0	16595-43-0	HMDB32111	
554	364.2381	363.2306	9.751			156216	942871	2	6	2	2.82	189	99	145850	859766	10.9	0	100	0	0	0	364.238	1	9.756	0.363	0.781	3900	402107	2267807	11146	0	0	364.238	9.756	0			
555	762.3956	821.4096	11.15			30114	417395	2	7		0.71	273	15	26144	363475	14.4	0	100	0	0	0	762.3956	1	11.152	0.26	1.31	1046	112449	2264131	9127	0	0	762.3956	11.152	0			
556	793.5367	792.5299	12.747			143652	1142639	2	9	2	3.93	80	208	120687	1167602	20.5	0	100	0	0	0	793.5372	1	12.751	0.381	1.089	13320	533127	2263735	130936	0	0	793.5372	12.751	0			
557	466.329	465.322	10.474	C27 H46 O6	"3alpha,7alpha,12alpha,16alpha-Tetrahydroxy-5beta-cholestan-26-oic acid"	162412	829584	3	9	1	3.29	260	28	150170	762496	17.8	0	100	0	0	0	466.329	1	10.478	0.492	1.628	964	502754	2258402	2449	0	0	466.329	10.478	0			LMST04030210
558	268.2402	267.233	10.4	C17 H32 O2	"7-Ethylpentadecane-4,6-dione"	297884	1643543	2	9	1	1.54	164	124	304301	1613941	14.6	0	100	0	0	0	268.2402	1	10.409	0.425	1.299	62958	549398	4139222	389079	0	0	268.2402	10.409	0			LMFA12000267
559	579.3528	578.3461	9.589	C28 H54 N O9 P	PS(22:1(11Z)/0:0)	67859	651540	2	9	2	4.79	164	124	70383	681486	23.3	0	100	0	0	0	579.3533	1	9.593	0.378	0.74	883	158317	1546028	9553	0	0	579.3533	9.593	0			LMGP03050023
560	741.4942	786.4928	11.45	C40 H72 N O9 P	"PS(P-16:0/18:3(9Z,12Z,15Z))"	109246	668143	2	9	2	1.77	155	133	77693	530282	14.1	0	100	0	0	0	741.4944	1	11.44	0.507	0.452	2465	473929	2240833	20032	0	0	741.4944	11.44	0			LMGP03030014
561	809.5934	808.5861	10.363	C46 H84 N O8 P	"PE(22:4(7Z,10Z,13Z,16Z)/19:0)"	28897	334746	4	7		2.36	264	24	23231	279735	15.6	0	100	0	0	0	809.5931	1	10.355	0.303	0.796	1970	126992	2239053	18506	0	0	809.5931	10.355	0			LMGP02011119
562	715.5598	774.5734	11.663	C40 H77 N O9	GlcCer(d14:1(4E)/20:0(2OH))	103831	865084	2	11	3	0.73	231	57	94122	798331	15.6	0	100	0	0	0	715.5598	1	11.67	0.199	1.459	12173	284158	2233430	267045	0	0	715.5598	11.67	0			LMSP0501AA65
563	467.301	466.2937	9.882	C22 H46 N O7 P	PE(17:0/0:0)	142963	670993	2	4	1	1.41	227	61	133324	624437	12.1	0	100	0	0	0	467.301	1	9.879	0.431	0.354	1637	379419	2231046	11410	0	0	467.301	9.879	0			LMGP02050030
564	368.2927	413.2909	9.87	C22 H40 O4	Octadecyl fumarate	292499	980784	2	3	1	0.4	276	12	278768	954384	29.1	0	100	0	0	0	368.2927	1	9.88	0.394	0.935	1670	684118	2228357	3185	0	0	414.298	9.88	0	1741-93-1	HMDB38073	
565	358.308	393.2774	10.853	C21 H42 O4	MG(0:0/18:0/0:0)	133195	655347	2	4	1	1.23	201	87	121368	572378	18.8	0	100	0	0	0	358.308	1	10.859	0.232	0.442	2271	350692	2213587	5881	0	0	394.2848	10.859	0		HMDB11535	
566	254.2599	299.2588	10.11	C17 H34 O	3-Ethylpentadecan-2-one	151058	960188	2	8	1	2.38	246	42	157989	982624	21.1	0	100	0	0	0	254.26	1	10.109	0.211	1.474	11407	194563	2207410	29395	0	0	254.26	10.109	0			LMFA12000263
567	465.3215	464.3142	10.019	C23 H48 N O6 P	PE(O-18:1(9Z)/0:0)	115150	606402	2	3		1.68	180	108	97054	526874	12.6	0	100	0	0	0	465.3215	1	10.029	0.225	0.324	1907	349313	2206953	8551	0	0	465.3215	10.029	0			LMGP02060004
568	507.3321	506.3242	10.181			144507	868155	2	15	1	1.28	230	58	131458	814028	16.4	0	100	0	0	0	507.3322	1	10.18	0.237	1.33	7774	361847	2204314	240302	0	0	507.3322	10.18	0			
569	765.5326	824.5547	12.894			42375	550794	2	12	2	6.18	93	195	31215	418892	44.9	0	100	0	0	0	765.5305	1	12.887	0.455	1.418	1546	168377	2129237	4392	0	0	765.5305	12.887	0			
570	730.6134	789.6289	13.557	C46 H82 O6	"TG(12:0/14:1(9Z)/17:2(9Z,12Z))[iso6]"	57200	515676	2	15	1	3.22	275	13	47275	471136	19.8	0	100	0	0	0	730.6141	1	13.556	0.292	1.068	1085	303190	2183862	2862	0	0	730.6141	13.556	0			LMGL03013244
571	882.5047	927.4902	12.047			28941	319465	2	10	1	4.14	207	81	20262	248044	44.4	0	100	0	0	0	882.5046	1	12.069	0.538	1.628	827	172204	2179205	2349	0	0	882.5046	12.069	0			
572	204.0898	203.0819	0.694	C11 H12 N2 O2	L-Tryptophan	77479	679345	2	3	1	0.53	239	49	74224	668543	20.6	0	185.52	0	0	0	204.0898	1	0.693	0.268	0.426	29482	235129	2174757	132392	0	0	204.0898	0.693	0	73-22-3	HMDB00929	
573	673.5045	672.4971	12.117	C37 H72 N O7 P	PE(P-18:1(9Z)/14:0)	173768	976179	2	4	1	2.63	197	91	167351	977269	13.2	0	100	0	0	0	673.5046	1	12.118	0.37	0.365	2641	388618	2169616	18804	0	0	673.5046	12.118	0		HMDB11434	
574	801.5895	836.5775	12.083			143135	618852	2	10		7.25	108	180	58994	379148	28.7	0	100	0	0	0	801.5905	1	12.074	0.572	0.508	3577	530545	2164107	15062	0	0	801.5905	12.074	0			
575	761.4846	760.4771	11.408			117924	510469	2	8	1	1.99	244	44	81976	361470	23.5	0	100	0	0	0	761.4843	1	11.411	0.392	1.053	1397	555944	2147414	5555	0	0	761.4843	11.411	0			
576	710.3645	709.3571	11.122			36187	503646	2	7		2.65	279	9	29877	435044	21	0	100	0	0	0	710.3643	1	11.121	0.292	1.356	948	160855	2139363	9433	0	0	710.3643	11.121	0			
577	294.2192	293.2116	9.051	C18 H30 O3	"3,4-Dimethyl-5-pentyl-2-furanheptanoic acid"	84520	405329	2	5	2	2.99	236	52	58585	285065	8.1	0	100	0	0	0	294.2193	1	9.053	0.391	1.428	5611	445277	2122298	15241	0	0	294.2193	9.053	0	92745-17-0	HMDB39603	
578	541.5066	600.5209	11.725			64348	596544	2	15	4	0.88	272	16	61144	572418	18.3	0	100	0	0	0	541.5066	1	11.736	0.431	1.068	2338	238461	2111437	9046	0	0	541.5066	11.736	0			
579	495.4649	554.479	11.708			108231	780747	5	9	3	0.23	155	133	106469	793672	10.9	0	100	0	0	0	495.4649	1	11.719	0.129	0.678	45141	254176	2109301	335243	0	0	495.4649	11.719	0			
580	731.5625	776.5596	12.444	C46 H73 N3 O4	"N-tryptophanyl-35-aminobacteriohopane-32,33,34-triol"	142625	843737	2	13	3	5.12	172	116	147713	750808	44.7	0	100	0	0	0	731.5622	1	12.459	0.4	1.161	2610	410751	2105461	4854	0	0	731.5622	12.459	0			LMPR04000016
581	284.1438	283.1372	8.495	C14 H24 O4 Si	TBS-Corey Lactone Aldehyde	14679	186529	3	4		3.24	276	12	11658	150834	18.9	0	100	0	0	0	284.1444	1	8.49	0.391	1.171	2902	166879	2101613	22979	0	0	284.1444	8.49	0	64091-14-1		
582	541.2797	540.2718	8.176			63405	550511	2	5	1	1.13	253	35	48198	351671	20.2	0	100	0	0	0	541.2801	1	8.153	0.341	1.551	928	293796	2272386	3239	0	0	541.2801	8.153	0			
583	914.5296	913.5223	6.55			175131	765214	4	4	1	0.23	288	0	169526	744792	7.5	0	100	0	0	0	914.5296	1	6.552	0.115	0.262	84024	541410	2094980	326384	0	0	914.5296	6.552	0			
584	190.1204	189.1131	2.83			21989	83637	2	3	1	0.66	266	22	14356	55062	5.2	0	100	0	0	0	190.1204	1	2.833	0.153	0.493	4723	534825	2092528	21392	0	0	190.1204	2.833	0			
585	399.2017	398.1947	5.004			76687	368707	2	6	1	1.2	270	18	46888	239860	9.4	0	100	0	0	0	399.2019	1	5.005	0.072	0.38	9793	531746	2239783	62833	0	0	399.2019	5.005	0			
586	420.2461	419.2388	10.622			18076	279163	2	9	1	5.95	207	81	8539	205366	50.5	0	100	0	0	0	420.2462	1	10.619	0.488	1.166	1305	200790	2077490	16632	0	0	420.2462	10.619	0			
587	376.2241	435.2373	7.54	C22 H32 O5	9alpha-(3-Methyl-2E-butenoyloxy)-4S-hydroxy-10(14)-oplopen-3-one 4-acetate	18647	348948	3	8	1	3.05	155	133	16824	299014	19.3	0	100	0	0	0	376.2246	1	7.543	0.264	1.32	5750	94297	2075866	97252	0	0	376.2246	7.543	0	147742-09-4	HMDB40956	
588	771.5204	770.5126	12.008			243851	929319	2	8	3	1.06	231	57	236302	897390	31.4	0	100	0	0	0	771.5204	1	12.011	0.302	0.945	25946	562305	2070083	239398	0	0	771.5204	12.011	0			
589	298.2508	297.2435	9.932	C18 H34 O3	Ricinoleic acid	249361	1412933	2	12	3	3.9	180	108	250605	1369245	25.2	0	100	0	0	0	298.2507	1	9.931	0.329	1.52	48564	535264	2812205	450170	0	0	298.2507	9.931	0	2443-39-2		LMFA02000098
590	411.2441	410.2369	9.958	C22 H37 N O4 S	N-arachidonoyl taurine	121823	910647	2	6		0.34	190	98	103660	806474	18	0	100	0	0	0	411.2442	1	9.959	0.209	0.883	26866	381832	2065888	193975	0	0	411.2442	9.959	0			LMFA08020075
591	344.2954	389.2907	10.26			268768	1102195	3	12	1	8.95	210	78	277210	1150049	15.5	0	100	0	0	0	344.2958	1	10.261	0.39	1.387	2321	481850	2056699	11288	0	0	344.2958	10.261	0			
592	803.5092	802.5027	11.678			40163	664190	2	15		4.25	192	96	34729	599779	33.7	0	100	0	0	0	803.5098	1	11.699	0.4	0.621	975	157131	2050034	2877	0	0	803.5098	11.699	0			
593	685.5488	744.563	11.603	C39 H75 N O8	GlcCer(d15:1/18:0)	81674	741706	5	14	1	1.14	246	42	79054	744121	10.6	0	100	0	0	0	685.549	1	11.61	0.169	1.027	10178	267546	2049843	138366	0	0	685.549	11.61	0			LMSP0501AA46
594	787.536	786.5288	12.608	C42 H78 N O10 P	"PS(18:2(9Z,12Z)/18:0)"	117852	1106097	2	7	2	2.51	213	75	104574	1162758	29.7	0	100	0	0	0	787.536	1	12.61	0.547	1.166	908	289051	2034625	3536	0	0	787.536	12.61	0			LMGP03010876
595	543.486	542.479	11.384			83842	749297	10	11	2	0.28	272	16	79982	712665	15.1	0	100	0	0	0	543.486	1	11.391	0.089	0.904	21721	266737	2033760	214928	0	0	543.486	11.391	0			
596	565.543	600.5124	12.357	C36 H71 N O3	Cer(d16:1/20:0)	75448	492951	2	12	2	1.27	260	28	53350	386334	29	0	100	0	0	0	565.5432	1	12.37	0.357	1.027	1176	346932	2033444	1775	0	0	565.5432	12.37	0			LMSP02010047
597	300.2663	299.2591	10.527	C18 H36 O3	DL-2-hydroxy stearic acid	177025	786999	2	6	1	0.52	131	157	141203	714048	20.2	0	100	0	0	0	300.2664	1	10.526	0.412	1.33	4137	568152	2052437	24749	0	0	300.2664	10.526	0	629-22-1		LMFA01080014
598	594.5587	639.5569	10.83	C38 H74 O4	Ethylene glycol distearate	97129	454998	3	4	1	0.29	272	16	85901	355688	17.3	0	100	0	0	0	594.5587	1	10.841	0.138	0.462	10830	339143	2014958	42692	0	0	640.564	10.841	0	627-83-8	HMDB32260	
599	597.2943	596.2872	7.989			63566	906419	2	3	1	0.41	232	56	54115	710401	12.3	0	100	0	0	0	597.2944	1	7.991	0.232	1.022	17267	117108	2010399	121020	0	0	597.2944	7.991	0			
600	509.2382	508.2316	6.338			54589	309709	2	4	1	1.46	267	21	35426	208579	6.7	0	100	0	0	0	509.2386	1	6.335	0.076	0.467	5976	346041	2005378	24854	0	0	509.2386	6.335	0			
601	437.2903	436.2832	9.806			136617	573407	2	3	1	0.52	194	94	117078	466734	14.9	0	100	0	0	0	437.2903	1	9.81	0.193	0.339	33568	516049	2000087	223105	0	0	437.2903	9.81	0			
602	312.2297	311.2227	9.044	C18 H32 O4	10S-HpODE	73845	417706	3	9	1	2.21	226	62	50692	308266	15.5	0	100	0	0	0	312.2298	1	9.047	0.373	0.806	3458	398503	1999274	17871	0	0	312.2298	9.047	0			LMFA02000286
603	235.157	234.1502	8.435	C14 H21 N O2	Stovaine	59361	341976	2	5	1	6.05	272	16	48260	309193	24.4	0	100	0	0	0	235.1573	1	8.439	0.435	1.084	1477	392873	1995198	7396	0	0	235.1573	8.439	0	644-26-8		
604	411.2437	470.2576	10.362	C22 H37 N O4 S	N-arachidonoyl taurine	46688	491376	2	5		5.98	141	147	34892	424150	19.9	0	100	0	0	0	411.2451	1	10.37	0.471	1.022	1931	208593	1987289	14655	0	0	411.2451	10.37	0			LMFA08020075
605	537.3793	582.3775	10.638	C27 H56 N O7 P	PE(22:0/0:0)	49770	458164	2	3	1	0.52	274	14	42169	414015	10.1	0	100	0	0	0	537.3793	1	10.64	0.249	0.786	4190	207032	1974093	25699	0	0	583.3845	10.64	0			LMGP02050025
606	529.3166	528.3095	9.871	C27 H48 N O7 P	"PE(22:4(7Z,10Z,13Z,16Z)/0:0)"	191497	1091957	3	12	2	1.73	184	104	183652	1017596	9.1	0	100	0	0	0	529.3166	1	9.874	0.195	1.212	9816	395315	1973249	126241	0	0	529.3166	9.874	0			LMGP02050014
607	442.2848	441.2775	10.479			67068	302826	2	6	1	1.63	268	20	53530	255933	22.5	0	100	0	0	0	442.2848	1	10.488	0.297	0.801	713	537107	1972114	7647	0	0	442.2848	10.488	0			
608	792.474	791.4664	12.735	C47 H69 O8 P	"PA(22:6(4Z,7Z,10Z,13Z,16Z,19Z)/22:6(4Z,7Z,10Z,13Z,16Z,19Z))"	55959	582979	2	7		1.93	124	164	43437	460530	49.7	0	100	0	0	0	792.4736	1	12.719	0.471	0.914	2487	254182	1969095	20752	0	0	792.4736	12.719	0			LMGP10010041
609	284.2503	283.2431	10.31			106115	872331	2	5	1	0.55	239	49	109650	819050	12.8	0	100	0	0	0	284.2503	1	10.318	0.265	1.192	1624	167856	1963844	8696	0	0	284.2503	10.318	0			
610	392.2901	391.283	11.21			72057	526502	2	4	1	1.92	206	82	63663	480165	21.4	0	100	0	0	0	392.2901	1	11.21	0.276	0.457	5555	226463	1959478	14956	0	0	392.2901	11.21	0			
611	899.6149	898.6078	13.808			47511	858467	2	6	1	1.21	73	215	43632	804844	19	0	100	0	0	0	899.6151	1	13.806	0.385	0.606	791	117986	2449096	8928	0	0	899.6151	13.806	0			
612	678.462	677.455	10.311	C39 H67 O7 P	"PA(P-16:0/20:5(5Z,8Z,11Z,14Z,17Z))"	45245	368805	2	12	1	1.62	257	31	38878	322869	10.5	0	100	0	0	0	678.462	1	10.318	0.26	1.094	4022	185405	1943859	26045	0	0	678.462	10.318	0			LMGP10030022
613	497.2753	496.268	9.918	C22 H44 N O9 P	PS(16:0/0:0)	73735	588565	2	5		0.52	183	105	68852	526762	6.5	0	100	0	0	0	497.2752	1	9.922	0.168	1.007	35954	229260	1943645	79924	0	0	497.2752	9.922	0			LMGP03050002
614	711.5193	710.5126	12.136			53597	403825	2	7	2	2	196	92	41483	394114	12.8	1	100	0	0	0	711.5193	1	12.142	0.383	0.704	2497	2159878	986341	19190	0	0	711.5193	12.142	0			
615	747.585	806.5998	11.567			54078	687500	3	10	2	1.63	271	17	46018	602578	11.3	0	100	0	0	0	747.5853	1	11.575	0.195	0.519	6544	166319	1936142	73152	0	0	747.5853	11.575	0			
616	797.6732	856.6886	12.667	C47 H91 N O8	GalCer(d18:1/23:0)	49612	399770	2	12	1	5.61	222	66	35060	329129	40.1	0	100	0	0	0	797.674	1	12.639	0.413	0.822	1777	254381	1935222	14933	0	0	797.674	12.639	0			LMSP0501AC17
617	326.2312	325.224	9.971			117981	873456	2	3		2.06	254	34	133590	816144	14.4	0	100	0	0	0	326.2314	1	9.981	0.252	0.596	33903	172776	1935199	272323	0	0	326.2314	9.981	0			
618	342.1214	341.1141	4.42	C18 H18 N2 O5	Dictyoquinazol C	214899	1215925	2	3	1	0.3	2	286	214899	1215925	9.8	0	100	0	0	0	342.1214	1	4.42	0.038	0.226	78033	351766	1931858	499991	0	0	342.1214	4.42	0		HMDB40442	
619	1277.0277	1276.0208	12.057			53761	311934	2	6		2.23	272	16	54759	308806	29.3	0	100	0	0	0	1277.0273	1	12.057	0.185	0.503	2109	314204	1931138	11534	0	0	1277.0273	12.057	0			
620	523.2907	522.2834	10.111	C24 H46 N O9 P	PS(18:1(9Z)/0:0)[U]	81212	724948	2	6	1	0.48	75	213	66173	554802	23.9	0	100	0	0	0	523.2907	1	10.112	0.342	0.889	1029	284748	2297856	9326	0	0	523.2907	10.112	0			LMGP03050004
621	821.5218	820.5132	12.558	C45 H76 N O10 P	"PS(17:0/22:6(4Z,7Z,10Z,13Z,16Z,19Z))"	83207	837075	2	8		3.25	195	93	77171	815484	25.1	0	100	0	0	0	821.5208	1	12.578	0.47	1.258	1167	264011	1927682	5529	0	0	821.5208	12.578	0			LMGP03010892
622	851.6024	850.5972	12.673	C48 H86 N O9 P	"PS(P-20:0/22:4(7Z,10Z,13Z,16Z))"	61213	617843	2	12	2	4.58	129	159	53589	554811	29.4	0	100	0	0	0	851.6033	1	12.68	0.522	1.279	10565	177831	1926107	100743	0	0	851.6033	12.68	0			LMGP03030085
623	533.3479	532.3409	10.42	C27 H52 N O7 P	"PE(22:2(13Z,16Z)/0:0)"	85182	552102	2	10	2	0.56	233	55	75974	500564	13.5	0	100	0	0	0	533.3479	1	10.419	0.268	1.171	1372	283766	1919995	6934	0	0	533.3479	10.419	0			LMGP02050024
624	330.2767	389.2907	10.124	C19 H38 O4	MG(16:0/0:0/0:0)[rac]	112636	632988	2	8	2	5.17	219	69	114332	612150	21.3	0	100	0	0	0	330.2768	1	10.116	0.384	0.883	4213	307159	1916801	19062	0	0	330.2768	10.116	0			LMGL01010001
625	771.5766	770.5706	12.508	C43 H82 N O8 P	PE(22:1(11Z)/16:1(9Z))	84799	577440	2	17	3	5.42	138	150	49985	373942	39	0	100	0	0	0	771.5773	1	12.518	0.438	1.546	986	329841	2882586	2188	0	0	771.5773	12.518	0			LMGP02011047
626	158.13	157.1235	7.047	C9 H18 O2	(+)-6-Methyl caprylic acid	131420	523483	2	2	1	6.33	286	2	134481	511849	3.4	0	100	0	0	0	158.1307	1	7.049	0.159	0.324	5309	446494	1899951	36992	0	0	158.1307	7.049	0	504-99-4		LMFA01020002
627	739.5144	784.513	11.654	C41 H74 N O8 P	"PE(P-16:0/20:4(6E,8Z,11Z,14Z)(5OH[S]))"	64985	644508	2	20	2	2.89	166	122	47097	539164	20	0	100	0	0	0	739.5145	1	11.647	0.364	1.895	7905	287135	1898811	100645	0	0	739.5145	11.647	0			LMGP20020011
628	200.1773	199.1693	9.002	C12H24O2	Isolauric acid	148576	540618	2	3	1	2.41	273	15	145209	516463	14.9	0	100	0	0	0	200.1776	1	9.008	0.267	0.324	5751	459511	1898279	16001	0	0	200.1776	9.008	0	2724-56-3		
629	328.2978	327.2905	11.045	C20 H40 O3	Polyoxyethylene 40 monostearate	90960	409250	2	8		2.16	228	60	68874	332538	19.1	0	100	0	0	0	328.2976	1	11.048	0.292	0.863	8495	532128	1896451	73093	0	0	328.2976	11.048	0	9004-99-3	HMDB32477	
630	663.4472	662.4402	10.922	C34 H66 N O9 P	PS(P-16:0/12:0)	71353	341109	2	4		1.63	270	18	45123	228118	14.5	0	100	0	0	0	663.4471	1	10.931	0.166	0.524	2018	475097	1890025	13399	0	0	663.4471	10.931	0			LMGP03030001
631	270.2558	269.2486	10.809	C17 H34 O2	"Pentadecanoic acid, 14-methyl-, methyl ester"	309249	1408366	2	5	1	1.1	193	95	320683	1501013	11.3	0	98.73	0	0	0	270.2558	1	10.822	0.27	0.935	4505	460712	1884009	33772	0	0	270.2558	10.822	0			
632	969.6182	968.6111	13.781			30413	602369	2	7		3.01	142	146	22337	546604	17	0	100	0	0	0	969.6182	1	13.779	0.485	1.022	1044	99380	1881998	5500	0	0	969.6182	13.779	0			
633	757.6007	756.5901	12.815	C43 H84 N O7 P	PE(P-20:0/18:1(9Z))	32418	477123	2	15		5.47	183	105	31529	415291	21.6	0	100	0	0	0	757.6003	1	12.822	0.545	1.145	3555	120895	1869802	46285	0	0	757.6003	12.822	0			LMGP02030074
634	684.5326	683.5255	10.358			84548	669399	2	5	1	0.25	272	16	79461	581452	4.5	0	100	0	0	0	684.5327	1	10.365	0.168	1.305	10461	195262	1852996	65447	0	0	684.5327	10.365	0			
635	390.2536	389.2464	10.007	C20 H39 O5 P	Palmitoyl 3-carbacyclic Phosphatidic Acid	128641	859666	2	6	1	1.31	146	142	122500	796902	13.9	0	100	0	0	0	390.2536	1	10.006	0.325	0.447	1878	344610	1850851	5221	0	0	390.2536	10.006	0	476310-22-2		
636	757.5615	802.56	13.083	C42 H80 N O8 P	PE(22:1(11Z)/15:1(9Z))	36088	497873	2	10	2	2.69	196	92	31493	377437	27.8	0	100	0	0	0	757.5617	1	13.085	0.42	1.402	1440	182351	1847953	11538	0	0	757.5617	13.085	0			LMGP02011045
637	819.5777	818.5704	12.456	C47 H82 N O8 P	"PE(22:1(11Z)/20:5(5Z,8Z,11Z,14Z,17Z))"	132117	840902	2	12	2	1.14	127	161	131226	735091	20.1	0	100	0	0	0	819.5776	1	12.471	0.22	0.981	16829	404900	2466171	217065	0	0	819.5776	12.471	0			LMGP02011064
638	812.4329	811.425	11.163			19586	347658	2	6		1.42	241	47	17732	294123	23.4	0	100	0	0	0	812.4326	1	11.169	0.289	0.971	3463	61628	1841408	85462	0	0	812.4326	11.169	0			
639	1327.0434	1326.036	12.083			142114	945277	2	5	1	1.08	223	65	150800	965767	14.4	0	100	0	0	0	1327.0433	1	12.086	0.146	0.36	3167	273726	1832119	9667	0	0	1327.0433	12.086	0			
640	577.3377	576.3305	9.406	C28 H52 N O9 P	"PS(22:2(13Z,16Z)/0:0)"	159669	1064048	2	11	2	0.33	163	125	154815	1059298	11.9	0	100	0	0	0	577.3377	1	9.409	0.102	1.443	45775	343230	2087285	290516	0	0	577.3377	9.409	0			LMGP03050024
641	600.3781	599.3725	10.734			48252	463655	2	4		4.81	210	78	41902	416318	24.3	0	100	0	0	0	600.3778	1	10.743	0.244	0.621	2615	137414	1822006	11814	0	0	600.3778	10.743	0			
642	313.215	312.2116	9.513			20698	233249	2	3		3.65	287	1	14675	140041	29.8	0	100	0	0	0	313.2147	1	9.515	0.17	0.503	1880	235547	1821674	13977	0	0	313.2147	9.515	0			
643	366.2746	365.2671	11.119			94600	942710	2	9	1	1.13	202	86	84673	897925	19.2	0	100	0	0	0	366.2746	1	11.119	0.146	1.043	25422	284196	1817660	277925	0	0	366.2746	11.119	0			
644	654.4986	653.491	12.596			35449	333275	2	10		0.65	223	65	19671	214417	29.1	0	100	0	0	0	654.4987	1	12.602	0.456	1.166	1153	276196	1811422	2277	0	0	654.4987	12.602	0			
645	339.2771	338.2698	10.08	C20 H37 N O3	N-Oleoyl Glycine	80394	433196	2	5	1	1.82	258	30	55287	297979	5.6	0	100	0	0	0	339.2772	1	10.087	0.173	0.693	9817	294294	1805287	41846	0	0	339.2772	10.087	0	2601-90-3		LMFA08020082
646	453.2853	452.2782	9.399	C21 H44 N O7 P	LysoPE(0:0/16:0)	226403	1114669	2	9	1	0.34	215	73	233343	1138616	11.7	0	100	0	0	0	453.2854	1	9.408	0.168	1.325	33666	405128	1796239	130168	0	0	453.2854	9.408	0		HMDB11473	
647	446.2972	445.2951	11.302			24423	212474	2	8		5.98	213	75	13337	153099	22.5	0	100	0	0	0	446.2965	1	11.305	0.238	0.95	3416	529148	1794648	31806	0	0	446.2965	11.305	0			
648	781.5618	780.5551	12.447	C44 H80 N O8 P	"PE(22:4(7Z,10Z,13Z,16Z)/17:0)"	75303	892691	2	16	1	3.73	109	179	78254	842995	16.7	0	100	0	0	0	781.5619	1	12.446	0.507	0.945	3507	130049	1789478	27609	0	0	781.5619	12.446	0			LMGP02011110
649	330.2399	329.2332	6.985	C18 H34 O5	"9S,10S,11R-trihydroxy-12Z-octadecenoic acid"	48065	335841	2	5	1	3.26	189	99	35726	251441	7.2	0	100	0	0	0	330.2404	1	6.988	0.077	0.272	2390	242068	1788982	13582	0	0	330.2404	6.988	0			LMFA02000011
650	569.3328	568.3226	9.717			115722	818814	2	5	1	2.21	235	53	111700	805331	8.4	0	100	0	0	0	569.3328	1	9.719	0.186	0.452	29064	209001	1782688	131038	0	0	569.3328	9.719	0			
651	795.6584	854.6729	12.416	C47 H89 N O8	GalCer(d18:2/23:0)	41162	311097	2	10		4.35	215	73	36293	241751	28.3	0	100	0	0	0	795.6586	1	12.416	0.291	0.442	971	248476	1780837	2016	0	0	795.6586	12.416	0			LMSP0501AC23
652	531.3309	530.3248	10.015			82964	781820	2	10	1	5.29	137	151	75707	733104	14.6	0	100	0	0	0	531.3315	1	10.012	0.338	0.996	5603	218198	1771581	14681	0	0	531.3315	10.012	0			
653	720.4735	719.4666	13.139	C41 H69 O8 P	"PA(18:1(9Z)/20:5(5Z,8Z,11Z,14Z,17Z))"	58599	1108328	2	10	2	3.58	41	247	50124	1324705	35.8	0	100	0	0	0	720.473	1	13.156	0.308	1.644	6932	180873	1768339	92023	0	0	720.473	13.156	0			LMGP10010878
654	532.2798	531.2728	9.968	C26 H45 O9 P	"PG(20:4(5Z,8Z,11Z,14Z)/0:0)"	29347	312797	2	4		0.52	268	20	20695	201618	22.4	0	100	0	0	0	532.2798	1	9.975	0.217	1.073	2061	141460	1759138	20175	0	0	532.2798	9.975	0			LMGP04050010
655	414.2537	413.2495	9.951			144073	819459	4	6	1	0.94	195	93	120343	705511	13	0	100	0	0	0	414.2536	1	9.959	0.154	0.411	22109	353411	1753723	305917	0	0	414.2536	9.959	0			
656	481.4493	540.4634	11.544	C30 H59 N O3	Cer(d14:1/16:0)	106353	619029	8	9	2	0.27	272	16	93883	578956	22.7	0	100	0	0	0	481.4493	1	11.553	0.101	0.56	28955	382111	1750246	185816	0	0	481.4493	11.553	0			LMSP02010033
657	607.348	606.3406	8.924			27294	192709	2	3		1.29	258	30	23226	170111	11.4	0	100	0	0	0	607.3481	1	8.927	0.166	0.385	1338	271640	1750047	17234	0	0	607.3481	8.927	0			
658	845.5942	844.5857	12.542	C49 H84 N O8 P	"PE(22:6(4Z,7Z,10Z,13Z,16Z,19Z)/22:1(11Z))"	54301	556816	2	9	1	3.22	204	84	51929	555484	31.8	0	100	0	0	0	845.5933	1	12.551	0.435	0.96	1245	160490	1747785	3082	0	0	845.5933	12.551	0			LMGP02011158
659	354.2226	353.2153	10.658			32467	377465	2	3		0.58	167	121	23522	265655	18.7	0	100	0	0	0	354.2226	1	10.656	0.359	1.037	1268	175041	1745859	4903	0	0	354.2226	10.656	0			
660	620.3266	619.3188	10.708			28432	307326	2	4		2.73	259	29	18112	210881	26.2	0	100	0	0	0	620.3263	1	10.711	0.202	0.75	687	185091	1745529	1472	0	0	620.3263	10.711	0			
661	841.5074	886.5095	10.995			23364	587185	2	21		3.55	166	122	22052	471716	34.3	0	100	0	0	0	841.5087	1	11.007	0.465	0.781	910	97013	1741211	7576	0	0	841.5087	11.007	0			
662	340.2476	339.2407	10.333			101062	837423	2	5		2.36	258	30	100945	771410	20.9	0	100	0	0	0	340.2479	1	10.339	0.392	1.125	2502	174428	1740829	9112	0	0	340.2479	10.339	0			
663	372.324	417.3222	10.84	C22 H44 O4	"13,14-dihydroxy-docosanoic acid"	192975	822828	2	5	1	0.4	258	30	196273	802692	14.6	0	100	0	0	0	372.324	1	10.852	0.185	0.894	3053	342631	1737715	9852	0	0	418.3293	10.852	0			LMFA01050211
664	463.2694	462.2623	9.012	C22 H42 N O7 P	"PE(17:2(9Z,12Z)/0:0)"	37830	358865	2	7		2.3	222	66	31760	311508	19.8	0	100	0	0	0	463.2694	1	9.002	0.408	1.525	2793	288115	1727086	15657	0	0	463.2694	9.002	0			LMGP02050016
665	864.676	863.6708	14.191			42976	759670	2	5		2.54	114	174	48198	705722	44.5	0	100	0	0	0	864.6756	1	14.174	0.439	0.801	3371	85664	1721573	17161	0	0	864.6756	14.174	0			
666	777.5601	776.5526	14.15			34974	682840	2	7	1	2.28	109	179	34471	679442	36.2	0	100	0	0	0	777.5598	1	14.158	0.317	0.77	1966	98394	1718492	11780	0	0	777.5598	14.158	0			
667	360.2298	395.1992	8.309	C22 H32 O4	5-cis Iloprost	83958	505345	4	6	1	2.59	139	149	70668	431666	4.8	0	100	0	0	0	360.2298	1	8.313	0.308	0.919	10031	300197	1709987	78135	0	0	396.2065	8.313	0			
668	392.2699	391.2618	10.27			164436	705803	3	8	2	4.47	182	106	159482	611180	23.1	0	100	0	0	0	392.2693	1	10.265	0.401	1.073	1556	475082	1709547	16008	0	0	392.2693	10.265	0			
669	168.0279	167.0182	0.507			141727	984330	2	5	1	4.47	190	98	130115	951478	25.4	0	184.21	0	0	0	168.0279	1	0.514	0.192	0.601	19920	337122	2254069	301013	0	0	168.0279	0.514	0			
670	890.4849	889.4779	6.551			43238	281260	4	5	1	0.33	288	0	40875	256106	4.9	0	100	0	0	0	890.485	1	6.552	0.116	0.272	15618	259505	1705655	94450	0	0	890.485	6.552	0			
671	406.2834	451.2816	11.418	C23 H38 N2 O4	N-linolenoyl-glutamine	21912	249784	2	3		4.91	283	5	17657	214420	32.1	0	100	0	0	0	406.2834	1	11.415	0.413	1.037	733	140865	1704724	2746	0	0	452.2885	11.415	0			LMFA00000004
672	251.1518	250.1443	8.771	C14 H21 N O3	Furmecyclox	58634	371978	2	3	1	1.86	286	2	48477	326279	11.1	0	100	0	0	0	251.152	1	8.783	0.429	0.37	2843	239898	1702628	15520	0	0	251.152	8.783	0	60568-05-0		
673	381.1731	416.1426	9.355	C18 H27 N3 O4 S	Phe Leu Cys	20993	163052	2	9	1	5.96	31	257	9313	50036	44.2	0	100	0	0	0	381.1731	1	9.36	0.464	0.334	1002	178492	1701002	4166	0	0	381.1731	9.36	0			
674	665.6322	724.6458	12.608			42292	341666	2	13	1	1.97	283	5	24710	226282	26	0	100	0	0	0	665.6319	1	12.613	0.397	1.125	1168	227473	1695042	5671	0	0	665.6319	12.613	0			
675	538.3251	537.3194	11.054	C26 H51 O9 P	PG(20:1(11Z)/0:0)	47266	595215	3	6	1	3.75	186	102	38175	500903	12.2	0	100	0	0	0	538.3257	1	11.066	0.31	1.258	13397	195354	1693580	212970	0	0	538.3257	11.066	0			LMGP04050023
676	798.5396	797.5338	13.046	C44 H79 O10 P	"PG(20:0/18:4(6Z,9Z,12Z,15Z))"	43311	618888	2	17		5.3	145	143	40268	541509	46.2	0	100	0	0	0	798.5405	1	13.061	0.541	1.803	1364	174619	4178004	11534	0	0	798.5405	13.061	0			LMGP04010950
677	394.2247	429.1941	10.643	C24 H30 N2 O3	Chromafenozide	52761	498225	2	5	1	4.49	115	173	57004	469849	34.1	0	100	0	0	0	394.2247	1	10.608	0.363	0.411	1004	153190	1686122	5632	0	0	430.2016	10.608	0	143807-66-3		
678	567.2958	566.2886	10.267			21157	251699	2	4		1.38	249	39	14948	185096	27.6	0	100	0	0	0	567.2958	1	10.269	0.305	0.663	2529	101580	1684076	17404	0	0	567.2958	10.269	0			
679	144.1149	189.1131	2.614	C8 H16 O2	Caprylic acid	20226	76788	2	2	1	0.56	250	38	13050	49865	2.4	0	100	0	0	0	144.1149	1	2.616	0.079	0.211	5594	446156	1683118	19541	0	0	190.1204	2.616	0	124-07-2	HMDB00482	LMFA01010008
680	857.5036	856.4951	10.728			20050	496779	2	12		2.06	252	36	19023	427776	28.2	0	100	0	0	0	857.504	1	10.727	0.452	0.981	903	49855	1679076	4180	0	0	857.504	10.727	0			
681	821.5238	820.5167	9.93	C45 H76 N O10 P	"PS(17:2(9Z,12Z)/22:4(7Z,10Z,13Z,16Z))"	29146	263237	2	4		2.62	148	140	21645	211471	17	0	100	0	0	0	821.5236	1	9.944	0.443	0.421	3125	196432	1678659	4141	0	0	821.5236	9.944	0			LMGP03010306
682	310.3258	309.319	11.243			141104	625390	2	8	1	2.47	178	110	149770	606825	24.7	0	100	0	0	0	310.326	1	11.245	0.433	0.847	3253	188793	1675938	14555	0	0	310.326	11.245	0			
683	344.235	343.2274	9.502	C22 H32 O3	3-Hydroxyneogrifolin	98117	680541	2	16	1	2.54	164	124	93148	611835	15	0	100	0	0	0	344.235	1	9.49	0.395	1.12	3842	323770	2115549	40173	0	0	344.235	9.49	0		HMDB39885	
684	775.597	774.5653	12.224			38919	883186	4	31	1	4.61	154	134	42064	929691	23.3	0	100	0	0	0	775.597	1	12.231	0.502	0.868	4616	228925	1671050	24610	0	0	775.597	12.231	0			
685	114.0302	113.0224	0.422			140807	595316	2	6	1	8.25	77	211	121950	554367	13.6	0	100	0	0	0	114.0301	1	0.423	0.122	0.745	35526	375823	1670120	212645	0	0	114.0301	0.423	0			
686	481.9772	480.9701	8.802			61267	458107	2	2	1	0.67	288	0	62087	463085	3.6	0	100	0	0	0	481.9773	1	8.808	0.171	0.401	35825	262664	1666884	194607	0	0	481.9773	8.808	0			
687	458.2332	457.2257	11.212			67552	816054	2	10	1	1.8	39	249	64433	688089	25.1	0	100	0	0	0	458.233	1	11.212	0.128	1.022	7775	119384	1665887	52380	0	0	458.233	11.212	0			
688	475.1992	474.1919	9.532			47319	248286	2	4	1	2	201	87	42411	212434	17.4	0	100	0	0	0	475.1992	1	9.538	0.284	0.647	1926	167004	1662004	3497	0	0	475.1992	9.538	0			
689	382.2029	381.1955	9.497			23484	261359	3	7		2.87	261	27	17588	174476	36.4	0	100	0	0	0	382.2026	1	9.506	0.362	1.037	1751	157511	1659187	24017	0	0	382.2026	9.506	0			
690	1002.5822	1001.5749	6.867			145928	663625	3	4	1	0.2	288	0	137636	634964	8.3	0	100	0	0	0	1002.5821	1	6.869	0.114	0.503	77221	411827	1653178	356763	0	0	1002.5821	6.869	0			
691	750.5899	1546.1665	12.176			35451	657865	2	16	1	3.48	193	95	36744	695044	23.6	0	100	0	0	0	750.5897	1	12.183	0.456	1.263	3444	92137	1647614	2845	0	0	750.5897	12.183	0			
692	340.334	339.3267	11.953	C22 H44 O2	Docosanoic acid	120425	419405	2	5	1	0.4	272	16	103841	359832	18.6	0	100	0	0	0	340.334	1	11.958	0.313	0.247	3161	468260	1647181	8870	0	0	340.334	11.958	0	112-85-6		LMFA07010678
693	741.5261	786.5252	11.769			46194	351115	2	12	3	5.02	172	116	29361	252800	33.7	0	100	0	0	0	741.5269	1	11.759	0.559	0.745	5210	335552	1646734	26307	0	0	741.5269	11.759	0			
694	600.4519	645.4501	12.982	C41 H60 O3	OH-Spheroidenone	22522	412016	2	4	1	1.37	123	165	21053	375548	33.1	0	100	0	0	0	600.4519	1	12.982	0.572	1.058	3424	87105	1645129	22365	0	0	646.4571	12.982	0			LMPR01070151
695	329.9938	374.992	0.218	C8 H15 N2 O4 P S3	Athidathion	566184	864928	2	7	1	0.46	280	8	574530	848463	41.6	4	226.94	0	0	0	329.9938	1	0.218	0.127	1.058	690	940391	1644135	1578	0	0	375.9994	0.218	0	19691-80-6		
696	396.2048	441.203	11.287	C23 H28 N2 O4	Echitovenine	39276	210646	2	3		0.88	204	84	24853	140259	23.7	0	100	0	0	0	396.2048	1	11.301	0.232	0.313	1347	334853	1643195	6905	0	0	442.2102	11.301	0			
697	716.4307	715.4247	8.948			28062	262892	3	5	2	2.33	235	53	15747	174335	27.9	0	100	0	0	0	716.431	1	8.957	0.462	0.58	1278	259330	1642290	21162	0	0	716.431	8.957	0			
698	294.1459	293.1395	6.222	C16 H22 O5	Tocopheronic acid	32869	146446	2	3	1	3.04	240	48	15960	83574	35.8	0	100	0	0	0	294.1463	1	6.23	0.233	0.745	1044	408242	1639306	3935	0	0	294.1463	6.23	0	1948-76-1	HMDB30555	
699	835.5931	834.5876	12.748			68832	709860	2	12	1	4.75	152	136	74644	812695	39.2	0	100	0	0	0	835.5944	1	12.709	0.531	1.109	2151	149281	1629668	13476	0	0	835.5944	12.709	0			
700	773.5243	772.5123	12.729			46058	448626	2	6	3	6.77	130	158	40416	331704	42.6	0	100	0	0	0	773.5241	1	12.709	0.562	0.457	826	176475	1629536	6757	0	0	773.5241	12.709	0			
701	771.5767	770.5702	13.516	C43 H82 N O8 P	PE(22:1(11Z)/16:1(9Z))	23500	585625	2	8	3	1.76	199	89	21237	511365	30	0	100	0	0	0	771.5769	1	13.512	0.48	1.649	1152	89302	1627852	2688	0	0	771.5769	13.512	0			LMGP02011047
702	163.0492	371.0967	0.649	C6 H5 N5 O	Pterine	31753	606322	2	5	2	0.63	153	135	28838	532847	11.7	0	184	0	0	0	163.0492	1	0.654	0.214	0.647	1915	76924	1626824	11101	0	0	163.0492	0.654	0	2236-60-4	HMDB00802	
703	665.4628	664.4559	11.27	C34 H68 N O9 P	PS(O-16:0/12:0)	79561	330443	2	6	1	0.47	274	14	50060	222116	18.5	0	100	0	0	0	665.4628	1	11.281	0.212	0.591	1904	370747	1625171	18394	0	0	665.4628	11.281	0			LMGP03020001
704	439.215	484.2132	10.556	C21 H33 N3 O5 S	Pivmecillinam	83476	725362	2	3	1	0.51	204	84	88757	752919	7.5	0	100	0	0	0	439.215	1	10.554	0.388	0.36	3030	155565	1624056	25806	0	0	485.2204	10.554	0	32886-97-8	HMDB15543	
705	999.6653	998.6583	14.717	C50 H98 N O16 P	MIPC(d20:0/18:0)	18699	701478	2	4	1	0.24	224	64	17587	658019	20.9	0	100	0	0	0	999.6653	1	14.717	0.454	1.407	1992	39577	1621244	29931	0	0	999.6653	14.717	0			LMSP03030079
706	658.2633	657.2563	7.185			35045	382678	3	10	3	0.67	206	82	32559	359905	11.9	0	100	0	0	0	658.2635	1	7.189	0.198	0.853	6261	91000	794260	17314	0	0	658.2635	7.189	0			
707	731.3944	730.3866	10.95			35898	395429	2	4		0.91	241	47	32486	372721	13.3	0	100	0	0	0	731.3943	1	10.954	0.157	0.827	1646	144966	1599012	14666	0	0	731.3943	10.954	0			
708	324.3026	323.2954	11.46	C21 H40 O2	"4,8,12,16-Tetramethylheptadecan-4-olide"	75949	512151	4	7		0.35	162	126	63988	442151	9.7	0	100	0	0	0	324.3027	1	11.465	0.185	1.166	16266	242006	1598563	127520	0	0	324.3027	11.465	0			
709	1026.5707	1025.5636	9.196			61007	360198	3	7		0.4	206	82	50823	299970	17.2	0	100	0	0	0	1026.5708	1	9.196	0.198	0.991	2464	226447	1598319	11685	0	0	1026.5708	9.196	0			
710	461.1768	460.1682	9.081			13515	137232	3	9		4.93	39	249	9413	87878	36.4	0	100	0	0	0	461.1757	1	9.071	0.228	0.282	1572	67331	607565	6243	0	0	461.1757	9.071	0			
711	837.5146	836.5068	11.253			40166	871554	2	17		1.8	147	141	32752	858427	28.8	0	98.87	0	0	0	837.5147	1	11.256	0.325	1.053	1584	388699	2548868	38384	0	0	837.5147	11.256	0			
712	609.5329	644.5023	11.422			115022	808637	2	10	2	0.98	246	42	109978	792557	18.8	0	100	0	0	0	609.533	1	11.427	0.503	0.966	2325	275600	1593594	5645	0	0	609.533	11.427	0			
713	136.038	135.0308	0.572	C5 H4 N4 O	Hypoxanthine	54945	471772	2	5	1	4.16	152	136	51937	415844	26.5	0	100	0	0	0	136.0381	1	0.578	0.221	0.503	5499	151077	1589850	41310	0	0	136.0381	0.578	0	68-94-0	HMDB00157	
714	633.3629	632.3565	9.988			33673	639101	5	15		3.76	243	45	30837	609524	12.1	0	100	0	0	0	633.3631	1	9.989	0.303	1.084	4114	77512	1588680	73236	0	0	633.3631	9.989	0			
715	959.6343	958.627	14.5			33941	986479	2	4	1	0.94	168	120	34344	1030904	20.6	0	100	0	0	0	959.6342	1	14.504	0.323	1.202	6887	73274	1585272	24430	0	0	959.6342	14.504	0			
716	412.2378	411.2307	9.667	C24 H32 N2 O4	Trandolapril lactam (RU 46178)	80199	397888	3	5		0.41	205	83	60839	331131	13.1	0	100	0	0	0	412.2379	1	9.677	0.1	0.94	5286	331527	1584223	47051	0	0	412.2379	9.677	0	149881-40-3		
717	658.517	657.5097	10.195			161021	567001	2	6	2	0.52	267	21	148086	522173	30.3	0	100	0	0	0	658.517	1	10.204	0.177	1.202	5227	585613	1581258	15626	0	0	658.517	10.204	0			
718	821.5919	866.5908	12.637	C47 H84 N O8 P	"PE(22:1(11Z)/20:4(5Z,8Z,11Z,14Z))"	51847	528379	2	8	1	4.45	183	105	51823	529125	44	0	100	0	0	0	821.5916	1	12.636	0.57	0.55	1199	154665	1578461	4921	0	0	821.5916	12.636	0			LMGP02011063
719	298.287	297.2799	11.394	C19 H38 O2	3-Methyl-3-butenyl tetradecanoate	165993	722538	2	6	1	0.52	92	196	182407	782443	17.7	0	100	0	0	0	298.2871	1	11.379	0.416	1.166	4122	590071	2084231	18319	0	0	298.2871	11.379	0			LMFA07010582
720	302.2631	301.2561	9.964	C18 H35 F O2	"Octadecanoic acid, 18-fluoro-"	122190	717363	3	4		1.33	211	77	130569	733349	11.5	0	100	0	0	0	302.2631	1	9.973	0.294	0.354	22215	166927	1569958	77853	0	0	302.2631	9.973	0			LMFA01090045
721	531.286	530.2791	6.91			32357	286169	2	3	1	3.27	241	47	23191	216091	20.7	0	100	0	0	0	531.2862	1	6.909	0.316	0.493	2109	186988	1569755	10930	0	0	531.2862	6.909	0			
722	342.2768	341.2695	11.136	C20 H38 O4	MEDICA 16	45271	262760	2	4		0.39	206	82	38052	231296	9.3	0	100	0	0	0	342.2768	1	11.143	0.251	0.437	3686	256796	1566544	7499	0	0	342.2768	11.143	0	87272-20-6		
723	272.2336	271.2265	9.007			88010	462343	2	7	1	5.05	170	118	64481	364278	16.8	0	100	0	0	0	272.234	1	9.005	0.12	0.729	7783	372664	1562051	44556	0	0	272.234	9.005	0			
724	877.6881	876.6827	14.551			47242	1034935	3	4		4.9	85	203	47554	1205756	30.2	0	100	0	0	0	877.6879	1	14.546	0.257	0.693	702	93826	1555613	1799	0	0	877.6879	14.546	0			
725	482.2639	481.257	9.66	C22 H43 O9 P	PG(16:1(9Z)/0:0)	27277	269243	2	3		0.68	257	31	16989	181299	23.4	0	100	0	0	0	482.264	1	9.666	0.213	0.719	2676	182987	1547166	18730	0	0	482.264	9.666	0			LMGP04050013
726	708.4713	753.4715	13.016	C40 H69 O8 P	"PA(22:4(7Z,10Z,13Z,16Z)/15:1(9Z))"	29951	336979	2	9	2	4.91	170	118	8003	113821	61.1	0	100	0	0	0	708.4712	1	13.017	0.445	0.76	1598	218849	1546002	6135	0	0	708.4712	13.017	0			LMGP10010791
727	696.6265	695.6335	11.376			59576	271689	2	5	1	1.31	266	22	41732	179640	18.5	0	100	0	0	0	696.6265	1	11.386	0.16	0.637	2355	280139	1544850	6454	0	0	696.6265	11.386	0			
728	412.2823	411.2752	9.68	C23 H40 O6	3-methoxy Limaprost	172667	777816	3	4	1	0.51	255	33	172273	777158	8.2	0	100	0	0	0	412.2823	1	9.691	0.104	0.534	5229	380032	1543407	26496	0	0	412.2823	9.691	0			
729	777.565	776.5584	12.386	C45 H80 N O7 P	"PE(P-20:0/20:5(5Z,8Z,11Z,14Z,17Z))"	160969	1045191	2	15	2	3.97	106	182	165587	1019148	14.7	0	100	0	0	0	777.5656	1	12.392	0.523	0.683	10823	300177	1540995	83900	0	0	777.5656	12.392	0			LMGP02030086
730	358.2896	715.573	11.314			28136	268601	2	7		2.66	255	33	21140	199210	24.2	0	100	0	0	0	358.2899	1	11.323	0.242	0.503	2023	159175	1536801	23332	0	0	358.2899	11.323	0			
731	334.1576	379.1558	9.012	C19 H23 F O4	"9-Fluoro-16alpha-hydroxyandrost-4-ene-3,11,17-trione"	15867	150794	2	2		1.16	242	46	14224	131217	12.9	0	100	0	0	0	334.1576	1	9.02	0.232	0.406	8104	104013	1535516	41339	0	0	380.1629	9.02	0			
732	481.3166	480.3092	10.338	C23 H48 N O7 P	LysoPE(0:0/18:0)	71073	368088	2	6	2	1.31	68	220	33862	166230	34.8	0	100	0	0	0	481.3165	1	10.335	0.303	1.068	1336	278115	1534452	2559	0	0	481.3165	10.335	0		HMDB11129	
733	438.272	437.267	11.187			83525	553616	2	8	1	5.23	161	127	64004	446681	36.8	0	100	0	0	0	438.2728	1	11.19	0.49	1.14	2778	368986	1534327	9397	0	0	438.2728	11.19	0			
734	757.5213	756.5156	11.876			49612	340893	2	14	3	7.59	178	110	39728	315389	38.3	0	100	0	0	0	757.5225	1	11.859	0.463	0.842	1015	322872	1530466	5650	0	0	757.5225	11.859	0			
735	503.3009	502.2935	9.492	C25 H46 N O7 P	"PE(20:3(8Z,11Z,14Z)/0:0)"	128501	866108	2	9	2	2.24	112	176	121856	859309	13.8	0	100	0	0	0	503.3008	1	9.461	0.325	0.94	1694	498346	2245703	21565	0	0	503.3008	9.461	0			LMGP02050022
736	745.5045	804.5183	11.974	C43 H72 N O7 P	1-(6-[3]-ladderane-hexanoyl)-2-(8-[3]-ladderane-octanyl)-sn-glycerophosphoethanolamine	40642	401240	2	13	1	1.7	232	56	35710	366394	14.9	0	100	0	0	0	745.5047	1	11.973	0.432	1.315	9158	267767	1520964	117599	0	0	745.5047	11.973	0			LMGP02080008
737	887.6717	886.6692	13.769			82717	907150	2	9		4.07	71	217	84210	872998	45.4	0	100	0	0	0	887.6719	1	13.777	0.584	0.842	1196	197272	1766997	13658	0	0	887.6719	13.777	0			
738	759.5047	818.5341	11.458	C46 H78 N O9 P	"PS(P-18:0/22:6(4Z,7Z,10Z,13Z,16Z,19Z))"	79325	447456	3	7	2	0.99	252	36	61114	406757	14.3	0	100	0	0	0	759.5047	1	11.463	0.212	0.791	984	334025	1514906	4750	0	0	759.5047	11.463	0			LMGP03030089
739	799.654	834.6232	12.428			38417	348303	2	11		2.55	175	113	32398	285378	22.3	0	100	0	0	0	799.6536	1	12.432	0.349	0.303	1399	191624	1512379	6727	0	0	799.6536	12.432	0			
740	210.9971	209.99	0.677			60575	452771	2	2	1	0.63	266	22	56260	402217	29.7	0	189.55	0	0	0	210.9971	1	0.71	0.185	0.472	11716	172475	1507680	62465	0	0	210.9971	0.71	0			
741	375.2459	374.237	9.996			59991	663677	2	7		4.63	108	180	56312	541193	11.8	0	100	0	0	0	375.2452	1	10.002	0.524	0.909	7666	179832	1506646	33287	0	0	375.2452	10.002	0			
742	516.2936	561.2918	6.786	C26 H44 O10	L-Olivosyl-oleandolide	19998	115056	2	3	1	3.3	274	14	18541	108152	24.2	0	100	0	0	0	516.2936	1	6.782	0.279	0.421	683	335528	1500985	2316	0	0	562.2989	6.782	0			LMPK04000032
743	316.2603	315.2532	8.835			92532	417826	2	8	1	4.17	259	29	78379	352239	11.8	0	100	0	0	0	316.2609	1	8.841	0.406	1.161	3300	293916	1499536	16372	0	0	316.2609	8.841	0			
744	583.5536	618.523	12.11	C36 H73 N O4	Cer(t20:0/16:0)	28282	185072	3	10		1.41	232	56	16264	125853	29.7	0	100	0	0	0	583.5536	1	12.124	0.364	1.109	1344	223042	1498473	4278	0	0	583.5536	12.124	0			LMSP02030009
745	342.2767	341.2696	10.066	C20 H38 O4	MEDICA 16	31577	474568	2	14	1	2.26	244	44	32020	443935	15.6	0	100	0	0	0	342.2767	1	10.065	0.456	0.981	3744	186917	1498073	22968	0	0	342.2767	10.065	0	87272-20-6		
746	270.2188	269.212	8.499	C16 H30 O3	15-oxo-hexadecanoic acid	49810	246205	2	5	1	3.26	224	64	26936	137341	13.3	0	100	0	0	0	270.2193	1	8.505	0.097	1.479	2013	293066	1299467	2439	0	0	270.2193	8.505	0			LMFA01060105
747	799.6535	858.6676	12.11			21009	192481	2	11		2.36	211	77	17053	161501	30.8	0	100	0	0	0	799.6533	1	12.114	0.128	0.354	1829	175014	1489797	7960	0	0	799.6533	12.114	0			
748	84.0191	167.021	0.4	C5 H4 N4 O3	Uric acid	93353	714357	2	5	2	9.09	96	192	80618	671463	15.2	0	100	0	0	0	84.0189	1	0.394	0.138	0.457	16193	297708	1489699	84585	0	0	84.0189	0.394	0	69-93-2	HMDB00289	
749	240.0662	239.0596	6.199	C9 H20 O S3	Propyl 1-(propylsulfinyl)propyl disulfide	41229	609235	2	3	1	3.47	287	1	41158	605198	14.3	0	100	0	0	0	240.0668	1	6.197	0.183	1.094	2541	114660	1488229	19958	0	0	240.0668	6.197	0		HMDB33071	
750	278.2617	277.2543	9.992	C19 H34 O	"cis-6S,7R-Epoxy-9Z,12Z-nonadecadiene"	78537	679374	2	4		2.79	273	15	74379	678352	10.4	0	100	0	0	0	278.2617	1	9.997	0.224	0.663	2744	162158	1487945	9815	0	0	278.2617	9.997	0			LMFA12000302
751	523.254	522.2473	7.27	C26 H33 N7 O5	Arg Tyr Trp	113633	610174	2	7	1	2.14	246	42	92710	500476	14.6	0	100	0	0	0	523.2543	1	7.32	0.25	0.647	3822	300012	1485591	47213	0	0	523.2543	7.32	0			
752	412.355	447.3244	11.379	C25 H48 O4	MG(22:1(13Z)/0:0/0:0)	97139	473846	4	7	1	0.68	229	59	83961	400670	12.7	0	100	0	0	0	412.355	1	11.393	0.18	0.524	16767	298203	1484328	168657	0	0	448.3317	11.393	0		HMDB11582	
753	579.3166	578.3096	8.207			27721	184926	2	5		2.29	253	35	22976	155997	14.6	0	100	0	0	0	579.3168	1	8.206	0.183	0.483	1963	249584	1482397	5402	0	0	579.3168	8.206	0			
754	591.5592	626.5282	12.389	C38 H73 N O3	"Cer(d16:2(4E,6E)/22:0)"	37126	371304	2	10		4.09	242	46	33995	323865	32.5	0	100	0	0	0	591.5587	1	12.399	0.398	0.878	1041	144452	1479964	1414	0	0	591.5587	12.399	0			LMSP02010065
755	887.5658	886.5547	11.967			26794	175083	2	8	1	3.63	158	130	25274	156707	35.3	0	100	0	0	0	887.5669	1	11.962	0.328	1.777	962	370934	2648830	6575	0	0	887.5669	11.962	0			
756	795.5044	854.5179	11.391	C43 H74 N O10 P	"PS(22:4(7Z,10Z,13Z,16Z)/15:1(9Z))"	43854	698574	2	14	1	2.03	136	152	44130	640153	23.2	0	100	0	0	0	795.5043	1	11.401	0.244	0.627	907	126410	1472452	1815	0	0	795.5043	11.401	0			LMGP03010792
757	294.1862	293.1793	9.762	C14 H30 O4 S	Sodium Tetradecyl Sulfate	137574	1056382	2	4	1	1.27	134	154	126805	1085190	16.7	0	100	0	0	0	294.1863	1	9.766	0.329	1.084	3030	385521	1635813	14584	0	0	294.1863	9.766	0	1191-50-0	HMDB14607	
758	637.4315	636.4244	10.853			61376	258590	2	3		1.7	274	14	39558	174910	18.3	0	100	0	0	0	637.4314	1	10.865	0.363	0.452	1223	342875	1466968	6630	0	0	637.4314	10.865	0			
759	759.4851	758.4764	11.72	C43 H70 N O8 P	"PE(20:5(5Z,8Z,11Z,14Z,17Z)/18:3(9Z,12Z,15Z))"	48298	317431	2	8	1	3.56	232	56	37998	262657	19.3	1	100	0	0	0	759.4849	1	11.726	0.485	0.96	3292	985695	1465584	20301	0	0	759.4849	11.726	0		HMDB09458	
760	726.3948	785.4092	11.136			29207	353371	2	10	1	2.95	254	34	23646	280971	38.7	0	100	0	0	0	726.3947	1	11.146	0.488	1.156	841	139989	1464954	4412	0	0	726.3947	11.146	0			
761	74.0357	147.0663	0.383			28173	297681	2	4		7.84	283	5	24817	297611	27.8	0	177.26	0	0	0	74.0357	1	0.391	0.406	0.745	5841	136507	1464204	26211	0	0	74.0357	0.391	0			
762	382.3081	417.2775	10.59	C23 H42 O4	Lepidiumterpenyl ester	62292	337939	2	4	1	2.4	182	106	52872	323147	20	0	100	0	0	0	382.3081	1	10.597	0.185	0.431	1766	296025	1460695	9639	0	0	418.2848	10.597	0	255833-57-9	HMDB36865	
763	342.121	341.1143	5.558	C18 H18 N2 O5	Dictyoquinazol C	99851	464366	3	3	1	1.76	288	0	99837	471416	0.2	0	100	0	0	0	342.1213	1	5.56	0.161	0.555	45867	337579	1454631	202362	0	0	342.1213	5.56	0		HMDB40442	
764	840.5499	839.5426	12.114			143263	669651	2	11		2.38	201	87	153405	708012	21.1	0	100	0	0	0	840.5498	1	12.117	0.307	0.647	1412	394039	1451753	2295	0	0	840.5498	12.117	0			
765	600.5069	599.5001	12.081			35112	281494	2	9	1	2.13	263	25	31001	197652	37.5	0	100	0	0	0	600.5071	1	12.09	0.227	0.539	1169	146402	1446846	3562	0	0	600.5071	12.09	0			
766	708.5083	707.5013	13.238			17882	425495	2	9		4.69	162	126	17492	284830	66.5	0	100	0	0	0	708.5085	1	13.218	0.456	1.048	1274	74104	1446300	4963	0	0	708.5085	13.218	0			
767	500.2989	499.2925	8.961	C26 H44 O9	Mupirocin	38441	313274	2	4		2.65	214	74	32278	253363	31	0	100	0	0	0	500.2992	1	8.968	0.372	0.652	2133	249771	1446006	10357	0	0	500.2992	8.968	0	12650-69-0	HMDB14554	
768	204.0716	203.0647	3.963	C11 H12 N2 S	Tetramisole	55402	437415	2	5	2	1.86	235	53	51862	411157	12.7	0	100	0	0	0	204.0717	1	3.958	0.191	0.467	5733	160889	1445287	56080	0	0	204.0717	3.958	0	2/02/5036		
769	420.3211	419.3142	11.665	C27 H42 F2 O	"(5Z,7E)-(1R,3R)-1,25-difluoro-9,10-seco-5,7,10(19)-cholestatriene-3-ol"	91554	494523	2	5	1	1.57	274	14	89652	479386	21.9	0	100	0	0	0	420.3213	1	11.674	0.242	0.282	1868	257945	1438996	3331	0	0	420.3213	11.674	0			LMST03020667
770	128.0087	187.0223	0.355			348678	960030	2	6	2	5.86	213	75	257413	979580	22.5	0	217.56	0	0	0	128.0084	1	0.363	0.138	0.539	29581	818296	1464861	188289	0	0	128.0084	0.363	0			
771	629.2322	628.2248	7.951			33200	329635	2	4	1	3.98	202	86	15498	139792	47.4	0	100	0	0	0	629.2315	1	7.951	0.094	0.796	1641	118399	1435967	3968	0	0	629.2315	7.951	0			
772	553.3067	552.2999	8.498			42615	678023	2	7	1	2.6	182	106	37250	585130	9.5	0	100	0	0	0	553.3069	1	8.498	0.228	0.847	5747	234647	1432612	253187	0	0	553.3069	8.498	0			
773	499.9372	498.9301	8.426	C8 H F17 O3 S	Perfluorooctanesulfonic acid	22381	162353	2	3		4.63	257	31	15693	111375	23.2	0	100	0	0	0	499.9372	1	8.426	0.11	0.354	782	193369	1429180	2087	0	0	499.9372	8.426	0	1763-23-1	HMDB59586	
774	563.322	562.3146	10.004			74749	651288	3	9	1	0.26	141	147	73795	593625	11.4	0	100	0	0	0	563.322	1	10.012	0.237	0.873	12610	173076	1428977	97534	0	0	563.322	10.012	0			
775	765.5857	764.5805	12.112			68552	636133	2	11	2	3.79	201	87	74575	673301	30.3	0	100	0	0	0	765.5866	1	12.112	0.295	0.94	3635	123040	1426216	42823	0	0	765.5866	12.112	0			
776	198.198	243.1966	8.985	C13 H26 O	5-Ethylundecan-6-one	49783	225421	2	5		2.53	249	39	35958	168211	10.7	0	100	0	0	0	198.1982	1	8.997	0.35	0.842	3921	307586	1422076	16246	0	0	198.1982	8.997	0			LMFA12000252
777	447.2648	482.2338	10.703			42108	552804	2	4	1	1.57	259	29	44512	531559	22.7	0	100	0	0	0	447.2646	1	10.702	0.397	0.919	1639	82536	1421654	12103	0	0	447.2646	10.702	0			
778	678.5428	677.5354	12.581			71996	381117	2	12	2	3.82	148	140	50491	257438	18.7	0	100	0	0	0	678.5432	1	12.59	0.49	0.894	5035	234189	1407568	25270	0	0	678.5432	12.59	0			
779	332.3111	331.3043	10.799			61632	323374	2	3		3.27	272	16	53475	249199	10.8	0	100	0	0	0	332.3115	1	10.81	0.156	0.447	9160	161010	1406864	21777	0	0	332.3115	10.81	0			
780	437.1993	482.1975	10.069	C21 H31 N3 O5 S	N-Formylmethionyl-leucylphenylalanine	69213	743549	2	3	1	3.73	125	163	72622	740029	25.7	0	100	0	0	0	437.1993	1	10.062	0.408	0.365	828	97183	1393060	3002	0	0	483.2047	10.062	0	59880-97-6		
781	207.0894	206.0823	2.139	C11 H13 N O3	"2,3-Methylenedioxymethcathinone"	42702	207554	2	3	1	0.5	268	20	31417	151412	8.6	0	100	0	0	0	207.0894	1	2.139	0.298	0.262	2569	271673	1391292	13660	0	0	207.0894	2.139	0			
782	368.165	427.1788	10.085	C19 H28 O5 S	Prasterone sulfate	35814	395907	2	5	1	2.78	267	21	25530	308345	30.5	0	100	0	0	0	368.165	1	10.082	0.325	0.971	1786	112341	1389895	14157	0	0	428.186	10.082	0	651-48-9	HMDB01032	LMST05020010
783	282.2927	281.286	10.69	C19 H38 O	"trans-9,10-Epoxynonadecane"	129155	793049	2	6		1.55	130	158	134085	777422	18.1	0	100	0	0	0	282.2927	1	10.684	0.361	0.611	4011	166088	1399104	7848	0	0	282.2927	10.684	0			LMFA12000304
784	1082.624	1081.6166	9.317			65265	515478	3	5		1.1	270	18	60065	468669	11.5	0	100	0	0	0	1082.6239	1	9.324	0.128	0.452	1780	152334	1382345	23259	0	0	1082.6239	9.324	0			
785	505.3165	504.3094	9.815	C25 H48 N O7 P	"PE(20:2(11Z,14Z)/0:0)"	85231	387811	2	7	1	0.65	265	23	74409	356677	11.6	0	100	0	0	0	505.3165	1	9.823	0.262	0.611	1934	361631	1378668	8648	0	0	505.3165	9.823	0			LMGP02050021
786	408.3237	407.3165	11.037			72649	473738	3	11		0.31	245	43	61711	433973	8.2	0	100	0	0	0	408.3237	1	11.039	0.337	0.919	17179	847447	2909058	123096	0	0	408.3237	11.039	0			
787	595.9702	594.963	9.39			94856	747820	2	2	1	0.23	283	5	96453	736943	7.8	0	100	0	0	0	595.9702	1	9.39	0.366	0.478	3663	205319	1374886	13570	0	0	595.9702	9.39	0			
788	516.3108	515.3045	9.741	C31 H48 O2 S2	Probucol	30228	287856	2	5	1	2.63	232	56	22716	229413	15.3	0	100	0	0	0	516.3112	1	9.743	0.253	0.421	4681	143699	1368981	56947	0	0	516.3112	9.743	0	23288-49-5	HMDB15537	
789	494.2638	493.2569	10.527	C23 H43 O9 P	"PG(17:2(9Z,12Z)/0:0)"	21733	236362	2	4		1.52	280	8	18553	187540	20.2	0	100	0	0	0	494.264	1	10.529	0.317	1.032	2004	114112	1365718	12605	0	0	494.264	10.529	0			LMGP04050019
790	146.0209	205.0331	0.39			99608	642203	2	8	4	6.85	53	235	84230	589396	22.7	0	100	0	0	0	146.0208	1	0.394	0.205	0.462	25541	252961	1642119	116491	0	0	146.0208	0.394	0			
791	467.3009	466.2936	9.794	C22 H46 N O7 P	PE(17:0/0:0)	112915	739873	2	5	1	0.38	184	104	102316	738362	18	0	98.98	0	0	0	467.3009	1	9.793	0.209	0.39	31724	310437	1830618	148569	0	0	467.3009	9.793	0			LMGP02050030
792	352.2615	387.2309	9.687	C21 H36 O4	Montanol	64934	378242	2	4	1	0.96	220	68	48892	305842	9.8	0	100	0	0	0	352.2615	1	9.698	0.176	0.344	3833	236907	1355658	14419	0	0	388.2379	9.698	0	71117-50-5		
793	292.2032	291.1964	8.339	C18 H28 O3	[7]-Paradol	30499	260479	2	5	2	3.33	239	49	20949	200487	20.4	0	100	0	0	0	292.2035	1	8.337	0.277	0.904	1642	185914	1355263	9299	0	0	292.2035	8.337	0	53172-04-6	HMDB40806	
794	348.1586	347.1503	8.717	C12 H24 N6 O4 S	Arg Cys Ala	17048	150973	2	4	2	3.52	282	6	14762	128625	17.9	0	100	0	0	0	348.1582	1	8.72	0.181	1.068	2590	130218	1352576	13325	0	0	348.1582	8.72	0			
795	934.5112	933.504	6.716	C46 H78 O19	"(3b,5b,22a,25R)-Furostane-22-methoxy-3,26-diol 3-[glucosyl-(1->2)-glucoside] 26-glucoside"	41265	290192	4	5	1	0.26	288	0	39634	269106	4.7	0	100	0	0	0	934.5112	1	6.718	0.111	0.241	14001	198823	1347192	93055	0	0	934.5112	6.718	0	244779-38-2	HMDB34375	
796	539.2674	538.2602	11.206			55339	487846	2	3	1	1.62	178	110	52757	480753	12.7	0	100	0	0	0	539.2673	1	11.199	0.247	0.519	2182	103598	1346440	18432	0	0	539.2673	11.199	0			
797	623.3429	622.3358	9.752			71548	546279	2	5		0.6	181	107	72900	555813	12.8	0	100	0	0	0	623.343	1	9.756	0.248	1.068	4700	165747	1343342	35414	0	0	623.343	9.756	0			
798	112.0152	157.014	0.513			41282	457279	2	7	2	6.24	127	161	25791	403525	33.2	0	203.78	0	0	0	112.0153	1	0.513	0.329	0.806	4236	304518	1342876	43918	0	0	112.0153	0.513	0			
799	757.4891	756.482	11.116	C40 H72 N O10 P	"PS(16:0/18:3(9Z,12Z,15Z))"	59686	318116	2	11	1	1.64	260	28	45558	264708	20.7	0	100	0	0	0	757.489	1	11.125	0.294	1.474	1792	273285	1340096	17346	0	0	757.489	11.125	0			LMGP03010969
800	278.1517	277.18	8.109	C17 H26 O3	Panaxacol	21511	112479	2	6	2	3.35	167	121	14656	76079	22.1	0	100	0	0	0	278.1516	1	8.118	0.326	0.663	1785	295493	1339221	4996	0	0	278.1516	8.118	0	106828-96-0	HMDB39251	
801	983.5764	982.5698	8.852			22835	233580	2	4		1.67	250	38	14552	149450	31.2	0	100	0	0	0	983.5764	1	8.851	0.183	0.627	1553	137815	1336311	14165	0	0	983.5764	8.851	0			
802	729.531	774.5356	12.194			100422	728466	3	10	1	3.16	203	85	101198	765321	11.5	0	100	0	0	0	729.5307	1	12.2	0.411	1.073	2871	348978	2570919	10157	0	0	729.5307	12.2	0			
803	732.5325	731.5254	10.27	C40 H77 O9 P	PG(P-16:0/18:1(9Z))	55980	315869	3	6		0.34	271	17	45781	247998	8.9	0	100	0	0	0	732.5325	1	10.277	0.21	1.104	4543	217435	1331116	35463	0	0	732.5325	10.277	0			LMGP04030088
804	1053.6371	1052.6297	14.11			20952	654999	2	3	1	1.03	245	43	20855	657841	40.2	0	100	0	0	0	1053.637	1	14.116	0.465	1.346	6926	38045	1330900	72222	0	0	1053.637	14.116	0			
805	298.2505	595.494	9.872	C18 H34 O3	13-HpOME(14E)	168643	747448	3	12	2	5.78	46	242	188999	771477	18.6	0	100	0	0	0	298.2507	1	9.862	0.205	1.181	6542	369863	1813858	84777	0	0	298.2507	9.862	0			LMFA02000098
806	645.6046	704.6199	12.689			52784	333334	2	10	1	3.24	248	40	38393	279115	28.8	0	100	0	0	0	645.6055	1	12.689	0.402	1.31	1595	342414	1322736	3629	0	0	645.6055	12.689	0			
807	569.538	604.5076	11.986	C35 H71 N O4	Cer(d18:0/h17:0)	27293	300702	5	8		0.39	172	116	24881	269934	13.6	0	100	0	0	0	569.538	1	11.989	0.157	0.75	3954	97013	1321844	40903	0	0	569.538	11.989	0			LMSP02020019
808	451.3134	450.3084	8.849			37942	253941	2	2		4.05	187	101	28368	182227	10.6	0	100	0	0	0	451.3126	1	8.834	0.243	0.303	4187	145411	1321686	23936	0	0	451.3126	8.834	0			
809	856.5103	855.5028	12.755			91893	820062	2	12	1	2.53	28	260	81393	932876	24.9	0	100	0	0	0	856.5103	1	12.746	0.317	1.387	3195	224556	1321144	15460	0	0	856.5103	12.746	0			
810	408.1945	407.1871	10.013	C22 H29 F O6	6-Hydroxydexamethasone	14727	149778	2	3		2.63	215	73	10408	97535	42.8	0	100	0	0	0	408.1944	1	10.022	0.28	0.493	1572	95470	1319896	7907	0	0	408.1944	10.022	0	55879-47-5		
811	793.5874	792.5892	12.782			31131	342759	2	10		6.26	135	153	29101	277577	41.3	0	100	0	0	0	793.5873	1	12.786	0.547	0.971	2387	157545	1309413	9858	0	0	793.5873	12.786	0			
812	399.1843	398.1763	10.643	C26 H25 N O3	JWH 210 N-(5-carboxypentyl) metabolite	42195	366099	2	6		5.91	17	271	31338	210627	61.8	0	98.14	0	0	0	399.1836	1	10.649	0.119	0.401	1509	164181	1302083	7047	0	0	399.1836	10.649	0			
813	300.2095	299.2013	9.764	C20 H28 O2	Trilobinol	59290	238514	2	4		4.76	271	17	38605	165042	20.8	0	100	0	0	0	300.2089	1	9.772	0.323	0.652	1114	312957	1300400	5797	0	0	300.2089	9.772	0	128741-28-6	HMDB38702	
814	865.5187	910.5169	6.192	C46 H75 N O14	Concanamycin A	21074	215958	5	5	1	0.34	263	25	15037	135893	8.4	0	100	0	0	0	865.5187	1	6.183	0.375	0.734	4185	133359	1298193	42898	0	0	911.5238	6.183	0	80890-47-7		
815	630.4857	629.4783	9.893			140568	500634	2	4	1	0.35	255	33	128253	456744	26.6	0	100	0	0	0	630.4857	1	9.903	0.109	0.385	11424	376232	1297860	52153	0	0	630.4857	9.903	0			
816	311.3287	310.3219	11.21			53329	294512	2	2		4	263	25	49876	251101	7.7	0	100	0	0	0	311.3292	1	11.217	0.148	0.401	5167	154194	1297284	11177	0	0	311.3292	11.217	0			
817	724.3801	723.3725	11.247			76213	792243	2	10	1	1.49	186	102	74534	803719	16.7	0	100	0	0	0	724.3799	1	11.248	0.362	0.868	1422	245815	1294414	20888	0	0	724.3799	11.248	0			
818	296.2343	295.2278	9.055	C18H32O3	9(S)-HODE	90243	449411	2	8	1	4.17	131	157	69987	393703	20	0	100	0	0	0	296.2348	1	9.028	0.63	1.14	7583	373359	1778399	24465	0	0	296.2348	9.028	0	73543-67-6		
819	572.2956	571.2885	10.048	C25 H49 O12 P	PI(16:0/0:0)	77651	713140	2	4	1	3.46	176	112	79668	753194	20.9	0	100	0	0	0	572.2958	1	10.02	0.335	0.894	846	241087	1292921	4460	0	0	572.2958	10.02	0			LMGP06050002
820	972.3167	1007.2861	0.456	C36 H60 O30	Alpha-cyclodextrin	12542	146510	3	6		3.82	270	18	11041	125133	34.1	0	168.28	0	0	0	972.3167	1	0.47	0.246	0.58	1394	113649	1286567	8845	0	0	1008.2933	0.47	0			
821	755.4725	754.4598	11.374			27966	327209	2	9	1	2.66	228	60	22031	252534	45.4	0	100	0	0	0	755.4732	1	11.345	0.563	0.919	838	266297	1284976	2612	0	0	755.4732	11.345	0			
822	831.6102	876.6125	12.644			36313	415104	2	8	1	2.63	190	98	34884	404930	29.3	0	100	0	0	0	831.6104	1	12.644	0.457	0.873	1462	100370	1276127	17213	0	0	831.6104	12.644	0			
823	513.2517	512.2443	11.273			62627	689342	2	4	1	0.23	176	112	61215	665625	24.8	0	100	0	0	0	513.2517	1	11.276	0.285	0.781	4899	150441	1310303	45608	0	0	513.2517	11.276	0			
824	556.3569	555.3496	9.886			91468	604512	2	2		0.91	146	142	86245	595460	12.7	0	100	0	0	0	556.3569	1	9.888	0.426	0.38	15586	176858	1272570	76763	0	0	556.3569	9.888	0			
825	649.358	648.3511	9.867			61380	488312	3	5	1	2.21	201	87	54341	405080	13.1	0	100	0	0	0	649.3579	1	9.872	0.272	0.673	5040	154031	1272108	21711	0	0	649.3579	9.872	0			
826	762.5398	761.5332	13.85	C41 H79 O10 P	PG(17:0/18:1(9Z))	28201	537083	2	9	3	2.89	141	147	29124	484341	54	0	100	0	0	0	762.5406	1	13.853	0.408	1.109	895	77701	1271874	3468	0	0	762.5406	13.853	0			LMGP04010893
827	773.525	772.5131	11.924			124542	539083	2	11	2	7.03	136	152	123228	488221	41.1	0	100	0	0	0	773.5235	1	11.866	0.507	1.602	722	320676	1321673	1257	0	0	773.5235	11.866	0			
828	194.1306	239.1288	6.412	C12 H18 O2	(S)-Neolyratyl acetate	104843	494163	2	2	1	3.87	288	0	97982	474244	0.5	0	100	0	0	0	194.1306	1	6.414	0.157	0.585	19141	273239	1269319	138092	0	0	240.1361	6.414	0	79507-87-2	HMDB41497	
829	645.967	644.9599	9.888			81707	657992	2	2	1	0.18	288	0	90850	715969	4.9	0	100	0	0	0	645.9671	1	9.894	0.183	0.801	33814	161875	1265632	216719	0	0	645.9671	9.894	0			
830	458.2436	961.4811	10.048			29258	401939	2	10		3.02	199	89	23494	342143	26.5	0	100	0	0	0	458.2433	1	10.075	0.533	0.955	1381	181612	2162306	11380	0	0	458.2433	10.075	0			
831	474.2895	473.2826	10.895			106734	674421	2	5	1	2.32	91	197	97611	699989	21.8	0	100	0	0	0	474.2896	1	10.889	0.275	1.002	2563	288154	1385273	19953	0	0	474.2896	10.889	0			
832	308.3097	307.303	10.916			100470	491613	2	7		2.93	272	16	103591	471529	11.6	0	100	0	0	0	308.3101	1	10.924	0.252	0.945	13357	168077	1256253	55001	0	0	308.3101	10.924	0			
833	575.458	574.4509	12.627			33359	291599	2	4	1	0.45	99	189	19822	169099	20.4	0	100	0	0	0	575.4581	1	12.618	0.211	0.442	2331	205693	1826100	3063	0	0	575.4581	12.618	0			
834	627.3532	626.3461	9.492			57678	388938	2	10	1	0.75	239	49	50798	364864	9.5	0	100	0	0	0	627.3533	1	9.49	0.253	1.284	1318	224102	1252935	60620	0	0	627.3533	9.49	0			
835	420.3089	479.3227	11.61			111607	550040	3	10	3	2.34	272	16	108765	538092	12.8	0	100	0	0	0	420.3088	1	11.619	0.195	0.637	9448	274436	1251868	90522	0	0	420.3088	11.619	0			
836	658.2635	657.2563	6.566			45351	387386	2	8	2	3.37	84	204	45121	378791	23.4	0	100	0	0	0	658.2634	1	6.602	0.244	0.822	1656	227476	1251783	16084	0	0	658.2634	6.602	0			
837	122.0367	121.0293	1.623	C7 H6 O2	3-(2-Furanyl)-2-propenal	122425	608102	2	2	1	0.78	278	10	108277	512850	13.1	0	100	0	0	0	122.0367	1	1.621	0.06	0.339	5098	232286	1249095	18311	0	0	122.0367	1.621	0	623-30-3	HMDB32918	
838	623.4729	622.4659	11.837			141014	530779	2	4		4.04	233	55	176996	640145	40.9	0	100	0	0	0	623.4735	1	11.858	0.385	0.734	962	297650	1248514	2877	0	0	623.4735	11.858	0			
839	729.5733	774.5735	11.744			41398	307738	2	13	2	5.31	177	111	23570	234176	36.3	0	100	0	0	0	729.574	1	11.757	0.285	0.93	2242	259679	1245967	20555	0	0	729.574	11.757	0			
840	519.2959	518.2887	9.283	C27 H41 N3 O7	Vignatic acid B	39781	206029	2	6		2.27	185	103	28062	150065	25.2	0	100	0	0	0	519.2958	1	9.286	0.463	1.751	1495	264444	1237085	3107	0	0	519.2958	9.286	0	181485-20-1	HMDB33617	
841	545.275	590.2493	9.634			56040	467110	2	7		0.31	252	36	47307	391148	4.1	0	100	0	0	0	545.2751	1	9.642	0.184	0.349	5360	171876	1552895	45871	0	0	545.2751	9.642	0			
842	394.1787	393.1717	9.481	C21 H27 F O6	Triamcinolone	22022	211222	2	3	1	0.63	288	0	19064	165524	16.1	0	100	0	0	0	394.1787	1	9.483	0.281	1.022	4482	109420	1228482	24362	0	0	394.1787	9.483	0	124-94-7	HMDB14758	
843	702.5205	761.5337	13.702	C39 H75 O8 P	PA(16:0/20:1(11Z))	29800	445228	2	13	3	5.68	91	197	23033	361512	42.5	0	100	0	0	0	702.5195	1	13.682	0.481	1.767	2155	198230	1226521	20729	0	0	702.5195	13.682	0			LMGP10010972
844	589.3376	588.3306	10.184			40729	493972	2	8	2	0.97	191	97	40679	496732	18	0	100	0	0	0	589.3376	1	10.17	0.425	1.135	1447	76329	1226002	5430	0	0	589.3376	10.17	0			
845	773.5908	772.5857	12.163	C43 H84 N O8 P	PE(22:1(11Z)/16:0)	73031	489398	2	17		5.16	209	79	77138	480431	30.1	0	100	0	0	0	773.5924	1	12.17	0.387	1.469	1034	156321	1225228	7110	0	0	773.5924	12.17	0			LMGP02011046
846	978.5708	977.5642	9.123			80174	378102	3	5		0.47	164	124	72248	320874	18	0	100	0	0	0	978.5708	1	9.115	0.092	0.221	7593	256944	1224399	34434	0	0	978.5708	9.115	0			
847	571.3177	570.3212	8.303			24235	199418	2	6	1	4.34	229	59	17473	143517	38.4	0	100	0	0	0	571.3174	1	8.299	0.359	0.986	1152	162337	1221777	7196	0	0	571.3174	8.299	0			
848	486.2628	485.2564	11.629	C28 H38 O7	Eucalyptone	19343	181624	2	8		2.72	253	35	18354	159843	34.2	0	100	0	0	0	486.263	1	11.64	0.322	0.955	1901	41180	1221724	28133	0	0	486.263	11.64	0	172617-99-1	HMDB41110	
849	823.6527	858.6227	12.248			32328	259840	2	10		3.05	209	79	26908	229185	36	0	100	0	0	0	823.6528	1	12.261	0.23	0.37	1455	161584	1216461	4319	0	0	823.6528	12.261	0			
850	535.3656	594.3752	10.801			48508	350493	2	7	1	5.11	193	95	41500	326190	9.7	0	100	0	0	0	535.3643	1	10.796	0.357	1.043	1694	191043	1214604	8657	0	0	535.3643	10.796	0			
851	974.5671	1019.5679	8.722			16786	226838	2	7	1	2.73	250	38	15017	189397	27.1	0	100	0	0	0	974.5677	1	8.718	0.288	0.647	1070	68371	1211785	8086	0	0	974.5677	8.718	0			
852	395.3397	394.3326	10.685	C24 H45 N O3	N-oleoyl leucine	26388	167990	2	3		1.56	269	19	19498	107316	25.3	0	100	0	0	0	395.3397	1	10.689	0.167	0.698	1193	157809	1211341	3594	0	0	395.3397	10.689	0			LMFA08020116
853	557.3855	556.3817	9.587			30196	258006	2	3		3.57	214	74	23642	187705	27.1	0	100	0	0	0	557.3847	1	9.584	0.3	0.442	2333	141070	1208703	7925	0	0	557.3847	9.584	0			
854	270.2188	269.2105	8.624			42939	223435	2	5	1	3.29	260	28	24696	137375	16.4	0	100	0	0	0	270.2193	1	8.624	0.1	1.248	1733	277656	1496786	6497	0	0	270.2193	8.624	0			
855	417.0817	416.0743	10.643			42870	412642	3	7		2.06	7	281	38400	332344	65.9	0	100	0	0	0	417.0815	1	10.651	0.056	0.241	1039	118308	1208184	1518	0	0	417.0815	10.651	0			
856	304.2378	363.2515	10.782	C20H32O2	omega-3 Arachidonic Acid	62562	560511	2	11	3	2.01	151	137	52788	504073	38.8	0	100	0	0	0	304.2377	1	10.752	0.327	1.464	2710	205541	1261324	15196	0	0	304.2377	10.752	0	24880-40-8		
857	174.0891	173.0818	2.724	C8 H14 O4	2-Propylglutaric acid	48711	180200	2	2	1	0.7	280	8	40227	153396	2.5	0	100	0	0	0	174.0891	1	2.724	0.085	0.226	6171	362277	1204557	25236	0	0	174.0891	2.724	0	32806-62-5		
858	945.9484	944.9409	12.176			38622	356483	2	2	1	2.17	62	226	30033	250337	23.8	0	100	0	0	0	945.9481	1	12.18	0.27	0.57	4302	126917	1204282	15493	0	0	945.9481	12.18	0			
859	313.261	312.2544	9.922	C18 H35 N O3	(+)-Prosopinine	87654	300851	2	5		3.48	273	15	69382	247615	21	0	100	0	0	0	313.2614	1	9.924	0.329	0.832	1643	338523	1202912	2287	0	0	313.2614	9.924	0	14058-39-0		
860	222.1612	221.1548	7.74	C14 H22 O2	S-cucujolide V	39264	324399	2	5		3.94	177	111	32572	265407	25.8	0	100	0	0	0	222.1618	1	7.737	0.401	1.156	5753	165762	1200802	53694	0	0	222.1618	7.737	0			LMFA07040049
861	658.2632	693.2328	6.912			88215	674093	2	10	3	0.83	235	53	80784	617429	6.7	0	100	0	0	0	658.2634	1	6.912	0.089	0.493	35424	238902	2347857	290109	0	0	658.2634	6.912	0			
862	266.2241	265.217	10.031	C17 H30 O2	"(E)-3,7-Dimethyl-2,6-octadienyl heptanoate"	30070	673851	2	6	1	3.22	138	150	30494	683315	18.4	0	100	0	0	0	266.2243	1	10.024	0.266	0.955	1011	82044	1198123	3079	0	0	266.2243	10.024	0			LMFA07010619
863	638.5221	1322.042	12.191			29118	372568	2	15		2.69	264	24	26783	272121	36.6	0	100	0	0	0	638.5224	1	12.201	0.273	0.56	1477	100667	1196520	3878	0	0	638.5224	12.201	0			
864	263.1879	262.1813	8.063	C16 H25 N O2	Hydroxy-alpha-sanshool	43034	330782	2	6		2.35	270	18	34940	274611	9.3	0	100	0	0	0	263.1883	1	8.067	0.096	0.596	4887	174418	1195737	34794	0	0	263.1883	8.067	0	83883-10-7	HMDB29567	
865	784.5216	829.5205	13.602			21323	346598	2	5	1	3.16	175	113	20521	324036	66.9	0	100	0	0	0	784.5222	1	13.606	0.487	1.125	1164	74438	1192044	11895	0	0	784.5222	13.606	0			
866	382.1973	381.1919	6.834	C20 H30 O7	T2 Triol	27156	198251	2	5	1	4.69	261	27	20622	161138	17.6	0	100	0	0	0	382.1973	1	6.834	0.362	1.063	874	252320	1190607	2992	0	0	382.1973	6.834	0	34114-98-2	HMDB35396	
867	1034.6202	1033.6166	9.141			84091	526260	3	8	1	4.35	156	132	58021	463543	18	0	100	0	0	0	1034.6218	1	9.142	0.224	1.058	1734	251454	1189064	5490	0	0	1034.6218	9.142	0			
868	638.4755	697.4893	11.973	C37 H66 O8	Purpureacin 2	21182	133955	2	4		5.09	235	53	19093	130484	26.4	0	100	0	0	0	638.4755	1	11.979	0.517	0.524	913	344509	1186798	1694	0	0	698.508	11.979	0	149990-60-3	HMDB40839	
869	634.5537	679.5519	12.706	C40 H74 O5	"DG(17:2(9Z,12Z)/20:0/0:0)[iso2]"	43324	380964	2	4	1	1.26	191	97	38253	347418	18.1	0	100	0	0	0	634.5537	1	12.71	0.204	0.555	873	198234	1186294	2061	0	0	680.5589	12.71	0			LMGL02010066
870	978.5374	977.5304	6.868	C48 H82 O20	Ginsenoside I	31097	200996	4	5	1	0.25	288	0	28308	172539	5.9	0	100	0	0	0	978.5374	1	6.869	0.117	0.858	10875	173983	1185600	77407	0	0	978.5374	6.869	0	227758-58-9	HMDB35285	
871	781.523	780.5164	11.834			46817	480542	2	21	2	4.6	156	132	41402	488453	27.1	0	100	0	0	0	781.5227	1	11.835	0.339	1.202	1094	348708	1184358	13084	0	0	781.5227	11.835	0			
872	244.0684	279.0378	0.419	C9 H12 N2 O6	Uridine	67220	335136	3	4	1	3.23	267	21	58502	282055	16	0	159.89	0	0	0	244.0684	1	0.402	0.088	0.478	6182	271388	1184250	35484	0	0	280.0447	0.402	0	58-96-8	HMDB00296	
873	609.5329	668.547	11.203			68824	543510	2	10	2	1.85	264	24	68541	553421	21.1	0	100	0	0	0	609.5329	1	11.204	0.288	0.781	1822	171558	1184131	4008	0	0	609.5329	11.204	0			
874	614.518	613.4989	12.222			23567	584313	3	18		5.7	145	143	20650	553205	11.4	0	100	0	0	0	614.5196	1	12.228	0.191	0.575	6091	67161	1181018	39202	0	0	614.5196	12.228	0			
875	551.3221	550.3148	10.767	C26 H50 N O9 P	PS(20:1(11Z)/0:0)	23325	279644	2	5		0.65	272	16	18593	217012	18.6	0	100	0	0	0	551.3221	1	10.765	0.346	1.443	951	90336	1174919	2237	0	0	551.3221	10.765	0			LMGP03050020
876	336.3023	335.2955	11.393	C22 H40 O2	"Butyl 9,12-octadecadienoate"	173582	726175	3	7	1	2.14	184	104	172267	720687	16.2	0	100	0	0	0	336.3026	1	11.402	0.175	1.068	51274	327470	1174406	250956	0	0	336.3026	11.402	0			
877	551.3583	596.3565	10.335	C27 H54 N O8 P	PE(9:0/13:0)[U]	96877	591395	2	3	1	0.44	287	1	97674	600682	10.6	0	100	0	0	0	551.3583	1	10.343	0.209	0.437	1714	222032	1172086	2111	0	0	597.3639	10.343	0			LMGP02010282
878	202.1562	201.1495	6.354	C11 H22 O3	2-hydroxy hendecanoic acid	37307	132658	2	2	1	4.43	264	24	28121	98478	2.5	0	100	0	0	0	202.1568	1	6.355	0.191	0.334	3939	337747	1168252	10990	0	0	202.1568	6.355	0			LMFA01050034
879	831.6352	830.6277	12.982			22660	441945	2	7		3.14	110	178	20935	407057	31.9	0	100	0	0	0	831.635	1	12.978	0.388	0.734	1397	108428	1167807	2559	0	0	831.635	12.978	0			
880	342.121	341.1142	6.072	C18 H18 N2 O5	Dictyoquinazol C	129833	585917	3	3	1	2.06	288	0	125056	567971	0.2	0	100	0	0	0	342.1214	1	6.074	0.181	0.606	78591	274710	1167215	327341	0	0	342.1214	6.074	0		HMDB40442	
881	334.2483	379.2465	9.392	C19 H33 F3 O	OTK	29798	162201	2	3	1	4.44	39	249	13053	96734	45	0	100	0	0	0	334.2483	1	9.385	0.327	0.349	982	204558	1159028	2381	0	0	380.2536	9.385	0	177987-23-4		
882	843.5981	842.5898	13.201			32540	406199	2	7	1	3.38	176	112	26250	358348	23.3	0	100	0	0	0	843.5984	1	13.22	0.484	0.94	1565	204192	1158984	11871	0	0	843.5984	13.22	0			
883	753.5654	752.5594	12.45	C43 H80 N O7 P	"PE(P-20:0/18:3(9Z,12Z,15Z))"	69172	567340	2	12	1	2.47	156	132	74071	558187	20.4	0	100	0	0	0	753.5657	1	12.463	0.491	0.996	2263	130339	1156018	21309	0	0	753.5657	12.463	0			LMGP02030077
884	831.5348	830.5302	13.478			19564	366959	2	9	1	3.09	171	117	20409	391516	44.3	0	100	0	0	0	831.5342	1	13.467	0.496	1.176	1023	38231	1155999	3726	0	0	831.5342	13.467	0			
885	501.2148	500.2074	9.761	C18 H35 N3 O13	Chitotriose	70719	464302	2	3	1	1.06	192	96	69535	438906	12.8	0	100	0	0	0	501.2148	1	9.768	0.081	0.313	3503	160584	1151114	5178	0	0	501.2148	9.768	0	41708-93-4	HMDB06578	
886	765.5293	764.5227	12.448			101709	730661	2	12	2	5.03	52	236	88112	597926	40.6	0	100	0	0	0	765.5304	1	12.43	0.413	1.258	1398	728524	8854628	6061	0	0	765.5304	12.43	0			
887	517.315	576.3306	9.503			61108	543265	2	11	1	4.3	159	129	55891	547847	24.6	0	100	0	0	0	517.3156	1	9.514	0.376	0.776	1693	224887	1418260	6948	0	0	517.3156	9.514	0			
888	499.2692	498.2621	8.894	C25 H42 N O7 P	"PE(20:5(5Z,8Z,11Z,14Z,17Z)/0:0)"	153995	624046	2	7	1	2.8	202	86	141519	603201	26.8	0	100	0	0	0	499.2693	1	8.917	0.462	1.125	746	453395	1929607	9499	0	0	499.2693	8.917	0			LMGP02050027
889	596.2959	595.2889	9.677	C27 H49 O12 P	"PI(18:2(9Z,12Z)/0:0)"	47478	443201	2	3		0.2	201	87	38584	394330	5.3	0	100	0	0	0	596.2959	1	9.678	0.169	0.431	17988	134256	1148081	104643	0	0	596.2959	9.678	0			LMGP06050010
890	719.5539	718.5473	11.282			45564	573943	2	18	4	3.45	247	41	41311	636129	31.4	0	100	0	0	0	719.5544	1	11.268	0.397	1.12	1163	129535	1211873	12680	0	0	719.5544	11.268	0			
891	895.9513	894.9441	11.822			55031	467416	2	2	1	0.2	266	22	56397	442726	12.1	0	100	0	0	0	895.9513	1	11.833	0.298	1.135	9419	118510	1142919	75193	0	0	895.9513	11.833	0			
892	731.4738	730.4782	11.083			53023	264368	2	10	2	3.27	251	37	41219	219023	18.7	0	100	0	0	0	731.4733	1	11.094	0.325	0.467	1603	254119	1138942	13591	0	0	731.4733	11.094	0			
893	234.1618	233.1547	8.478	C15 H22 O2	Confertifoline	90793	526900	2	7	1	2.35	39	249	113764	627601	36.1	0	100	0	0	0	234.162	1	8.45	0.276	0.93	8296	198671	1137573	43230	0	0	234.162	8.45	0	1811-23-0	HMDB39621	
894	775.5013	774.4924	11.34			48691	349849	2	18	2	5.58	189	99	36038	313690	33.1	0	100	0	0	0	775.5002	1	11.352	0.515	1.495	961	214575	1135240	5655	0	0	775.5002	11.352	0			
895	882.5231	881.5178	12.399	C47 H79 O13 P	"PI(18:1(9Z)/20:5(5Z,8Z,11Z,14Z,17Z))"	51620	292874	2	11	1	5.55	149	139	30151	214008	55.6	0	100	0	0	0	882.5232	1	12.4	0.38	1.551	799	767768	1134905	1259	0	0	882.5232	12.4	0			LMGP06010848
896	425.1993	484.2132	10.671	C20 H31 N3 O5 S	Tyr Met Ile	40313	275709	2	5	2	2.31	100	188	21110	170782	35	0	100	0	0	0	425.1992	1	10.729	0.417	0.966	988	134593	1129956	3189	0	0	425.1992	10.729	0			
897	100.0146	145.0134	0.448			64743	434383	2	5	2	7.03	109	179	47025	382899	27.8	0	100	0	0	0	100.0145	1	0.456	0.279	0.627	5045	477085	1129424	23679	0	0	100.0145	0.456	0			
898	544.4488	603.4627	9.687	C35 H60 O4	Ribosylhopane	44871	292970	2	3		0.44	265	23	38482	238218	25.1	0	100	0	0	0	544.4488	1	9.687	0.267	0.601	1629	155399	1127988	2643	0	0	604.4699	9.687	0			LMPR04000028
899	669.5163	668.5081	11.865	C38 H71 N O8	"GlcCer(d14:2(4E,6E)/18:0)"	72405	343368	2	10		5.4	252	36	69634	301444	45.5	0	100	0	0	0	669.5156	1	11.882	0.522	0.668	1217	285219	1125902	8931	0	0	669.5156	11.882	0			LMSP0501AA53
900	553.3374	552.3303	9.37	C26 H52 N O9 P	PS(20:0/0:0)	27608	340827	2	5	1	1.82	248	40	26074	310710	26.5	0	100	0	0	0	553.3376	1	9.374	0.312	1.217	1564	83309	878962	11504	0	0	553.3376	9.374	0			LMGP03050012
901	507.2959	506.2885	10.661			35748	340788	2	5		1.64	203	85	22537	215687	22.6	0	100	0	0	0	507.2958	1	10.67	0.232	1.048	1184	219288	1167282	4589	0	0	507.2958	10.67	0			
902	678.4514	677.4446	10.754			19736	440679	3	12	1	5.2	214	74	18019	449501	31.6	0	100	0	0	0	678.4511	1	10.751	0.419	1.115	1013	88230	1118393	4924	0	0	678.4511	10.751	0			
903	517.3157	562.3149	10.174			34267	298308	2	10	2	2.89	196	92	24829	296991	42.9	0	100	0	0	0	517.3153	1	10.194	0.48	1.294	726	123954	1117798	2231	0	0	517.3153	10.194	0			
904	789.5877	788.5812	12.094			104697	715877	2	9		2.1	109	179	113006	743689	15.4	0	100	0	0	0	789.5881	1	12.097	0.352	0.503	22288	165490	1107437	138179	0	0	789.5881	12.097	0			
905	990.6648	1049.6787	9.895	C51 H94 N2 O16	NeuAcalpha2-3Galbeta-Cer(d18:1/16:0)	25596	208386	3	4		1.44	265	23	21954	178494	11	0	100	0	0	0	990.6648	1	9.904	0.208	0.385	2405	113364	1106547	11650	0	0	1050.6856	9.904	0			LMSP0601AA01
906	620.3464	619.3422	9.691			34299	324343	2	3		2.87	267	21	27324	262322	21.3	0	100	0	0	0	620.3456	1	9.693	0.214	0.447	5546	108525	1106047	11534	0	0	620.3456	9.693	0			
907	1026.5713	1025.5636	9.318			41811	405020	3	7		3.7	166	122	39356	345012	21.6	0	100	0	0	0	1026.5707	1	9.31	0.362	0.483	2988	116714	1234140	20291	0	0	1026.5707	9.31	0			
908	342.2195	341.2122	9.535	C22 H30 O3	"2-Hydroxy-6-(8,11,14-pentadecatrienyl)benzoic acid"	74259	462510	2	13	2	2.07	128	160	70618	443611	19.8	0	100	0	0	0	342.2194	1	9.569	0.358	1.453	1661	505156	2080617	20793	0	0	342.2194	9.569	0	103904-73-0	HMDB31059	
909	1058.6237	1057.6164	9.268			61396	446982	3	5		0.71	271	17	57011	408624	14.7	0	100	0	0	0	1058.6239	1	9.276	0.121	0.755	5215	134798	1097960	19979	0	0	1058.6239	9.276	0			
910	179.0431	178.0369	0.43			210400	574625	2	5	2	4.57	198	90	190316	481249	15.1	0	209.32	0	0	0	179.0431	1	0.428	0.084	0.853	35956	699306	3966647	204263	0	0	179.0431	0.428	0			
911	815.6483	874.6624	11.998			16020	191501	3	9		1.02	242	46	14726	168528	33	0	100	0	0	0	815.6484	1	12.004	0.127	0.298	1179	87406	1092464	5357	0	0	815.6484	12.004	0			
912	311.1312	346.1007	9.921	C19 H18 F N O2	Citalopram alcohol	18966	83303	2	4		1.23	25	263	4202	15555	37.1	0	100	0	0	0	311.1312	1	9.914	0.139	0.139	998	260178	1083503	2535	0	0	347.1079	9.914	0			
913	695.9639	694.9567	10.352			68811	557814	2	2	1	0.17	288	0	70602	539120	6.5	0	100	0	0	0	695.9639	1	10.356	0.155	0.657	22641	152658	1081452	161405	0	0	695.9639	10.356	0			
914	743.5822	742.5756	12.677	C42 H82 N O7 P	PE(P-20:0/17:1(9Z))	50616	444294	3	10	1	0.72	50	238	36436	398228	14.7	0	100	0	0	0	743.5824	1	12.671	0.19	1.104	16110	196096	1078471	214859	0	0	743.5824	12.671	0			LMGP02030071
915	247.1567	246.1499	8.527	C15 H21 N O2	beta-Eucaine	53310	255275	2	6	2	5.28	239	49	41426	214246	34.3	0	100	0	0	0	247.157	1	8.527	0.221	1.222	1566	271422	1077449	6351	0	0	247.157	8.527	0	500-34-5		
916	833.4834	832.4935	11.237	C43 H76 N O10 P	"PS(22:4(7Z,10Z,13Z,16Z)/15:0)"	29825	330570	2	18		3.07	156	132	22539	254080	32.6	0	100	0	0	0	833.4837	1	11.225	0.467	1.402	1389	144620	1076269	36633	0	0	833.4837	11.225	0			LMGP03010791
917	658.2633	693.2328	6.667			62182	465624	2	8	3	0.68	250	38	60539	448129	11.2	0	100	0	0	0	658.2635	1	6.666	0.12	1.007	27527	152687	1200657	278960	0	0	658.2635	6.666	0			
918	436.2823	931.579	9.669	C25 H40 O6	Diacetyl-10-gingerdiol	162259	639608	2	7	2	1.76	243	45	164004	650761	15.2	0	100	0	0	0	436.2823	1	9.672	0.285	0.811	957	312010	1227849	2078	0	0	436.2823	9.672	0			
919	549.3075	548.2984	8.864	C26 H48 N O9 P	"PS(20:2(11Z,14Z)/0:0)"	53447	307810	2	6	1	5.85	229	59	47844	281156	16.1	0	100	0	0	0	549.3064	1	8.863	0.407	0.899	1636	180115	1072800	1671	0	0	549.3064	8.863	0			LMGP03050021
920	296.2345	295.2278	9.652	C18H32O3	9(S)-HODE	73499	547237	2	11	1	3.81	119	169	62852	519503	20.9	0	100	0	0	0	296.2349	1	9.637	0.136	1.037	1960	269067	1065450	12368	0	0	296.2349	9.637	0	73543-67-6		
921	341.2929	340.2855	10.544	C20 H39 N O3	N-palmitoyl GABA	78542	413477	2	4		0.48	267	21	71096	391317	4	0	100	0	0	0	341.2929	1	10.548	0.157	0.452	9871	238435	1062278	32247	0	0	341.2929	10.548	0			LMFA08020103
922	845.9544	844.9472	11.502			67542	572284	2	2	1	0.14	288	0	69475	549372	5	0	100	0	0	0	845.9544	1	11.506	0.213	0.811	25689	117857	1061610	219499	0	0	845.9544	11.506	0			
923	722.3643	721.3568	10.683			24384	395897	2	6		0.47	220	68	21062	347399	14.3	0	100	0	0	0	722.3643	1	10.684	0.422	1.371	1683	80577	1060554	5285	0	0	722.3643	10.684	0			
924	89.0468	88.0399	0.304			159253	534686	2	3	1	4.51	220	68	161180	548793	35.5	0	174.65	0	0	0	89.0469	1	0.3	0.1	0.534	3022	238033	1056066	7727	0	0	89.0469	0.3	0			
925	264.1718	323.1862	8.028	C16 H24 O3	"12-Oxo-2,3-dinor-10,15-phytodienoic acid"	28769	359069	2	5	2	2.97	243	45	25275	342426	24.6	0	100	0	0	0	264.1723	1	8.018	0.484	1.438	4468	146174	1054382	49730	0	0	264.1723	8.018	0	197247-23-7	HMDB32090	
926	393.0953	392.0876	0.6	C21 H16 F N3 O2 S	CAY10571	40361	444693	2	3	1	4.46	110	178	38065	401531	21.2	0	100	0	0	0	393.0951	1	0.592	0.227	0.539	1752	87828	1051946	7095	0	0	393.0951	0.592	0	152121-46-5		
927	442.3292	441.3221	10.574			107400	483667	2	4	1	0.52	242	46	97726	469784	13.3	0	100	0	0	0	442.3292	1	10.586	0.157	0.401	1604	267410	1050343	7016	0	0	442.3292	10.586	0			
928	118.0251	117.0169	0.39			72762	419240	2	7	2	8.35	278	10	75551	403468	20.4	0	187.91	0	0	0	118.0249	1	0.384	0.203	0.668	1611	163027	1049100	4454	0	0	118.0249	0.384	0			
929	805.6198	804.6141	13.008			41333	637039	2	7		3.53	121	167	40701	654516	21.9	0	100	0	0	0	805.6194	1	13.009	0.363	0.57	1112	72126	1048344	6010	0	0	805.6194	13.009	0			
930	316.2613	361.2596	9.537	C18 H36 O4	"2,3-dihydroxy stearic acid"	91318	362002	2	3	1	1.91	215	73	83232	324881	9.9	0	100	0	0	0	316.2613	1	9.549	0.336	0.293	3127	215567	1044076	10400	0	0	362.2668	9.549	0			LMFA02000137
931	538.4957	583.4939	10.099	C34 H66 O4	9-PAHSA	66515	360982	2	3	1	0.28	257	31	59137	326038	8.7	0	100	0	0	0	538.4957	1	10.108	0.106	0.298	5413	200120	1043659	19685	0	0	584.5013	10.108	0	1481636-31-0		
932	581.2994	580.2921	8.693			49956	539299	2	3	1	1.34	163	125	47049	508686	11.3	0	100	0	0	0	581.2995	1	8.695	0.184	0.555	1797	91705	1042855	8019	0	0	581.2995	8.695	0			
933	863.6086	862.6037	12.857			37223	265507	2	10		6.97	69	219	19312	156540	85.4	0	100	0	0	0	863.6082	1	12.916	0.449	1.186	982	308682	2990027	7033	0	0	863.6082	12.916	0			
934	623.4948	622.4873	12.544			73367	349273	2	10	2	1.87	274	14	48690	265172	19.1	0	100	0	0	0	623.4946	1	12.547	0.309	1.068	1414	245008	1040153	3201	0	0	623.4946	12.547	0			
935	314.2227	359.22	10.022			45615	386780	2	9	1	1.85	266	22	46790	359397	11.9	0	100	0	0	0	314.2226	1	10.017	0.407	1.495	1919	140754	1037779	8280	0	0	314.2226	10.017	0			
936	495.3686	540.3668	10.349	C25 H54 N O6 P	PE(O-20:0/0:0)	34891	402263	2	5	1	1.56	276	12	33041	396534	15.2	0	100	0	0	0	495.3686	1	10.354	0.46	1.125	1341	107129	1036799	3995	0	0	541.374	10.354	0			LMGP02060005
937	464.3131	463.3064	10.147	C27 H44 O6	22-iso-ecdysone	285932	1128352	2	10	1	6.49	93	195	143947	522708	37.5	3	100	0	0	0	464.3136	1	10.146	0.287	0.909	686	1335717	4091429	1785	0	0	464.3136	10.146	0			LMST01010361
938	344.2102	379.1796	9.024	C20 H28 N2 O3	Oxyphencyclimine	23738	224830	2	3		1.21	282	6	16273	166720	22	0	100	0	0	0	344.2102	1	9.03	0.517	1.037	6634	129866	1033044	53300	0	0	380.1865	9.03	0	125-53-1		
939	597.2937	596.2871	8.22			25695	185719	2	3	1	1.76	82	206	22507	182528	48.8	0	100	0	0	0	597.294	1	8.262	0.442	0.74	1102	110338	1032794	3425	0	0	597.294	8.262	0			
940	670.4472	669.4406	9.029			24487	122153	2	4	1	0.86	243	45	22406	109304	17.9	0	100	0	0	0	670.4473	1	9.033	0.187	0.277	3058	200667	1032703	11188	0	0	670.4473	9.033	0			
941	639.3413	638.3341	9.174			35682	301329	2	4	1	0.65	172	116	31808	269879	18	0	100	0	0	0	639.3414	1	9.169	0.436	0.868	5532	97500	1027838	32783	0	0	639.3414	9.169	0			
942	509.3478	508.3406	10.796	C25 H52 N O7 P	PE(20:0/0:0)	47921	245117	2	3		0.48	272	16	42551	216674	9.7	0	100	0	0	0	509.3478	1	10.805	0.33	0.37	2588	176770	1027057	13647	0	0	509.3478	10.805	0			LMGP02050012
943	715.4779	774.4926	11.459			38032	219903	2	10	2	5.15	193	95	31223	189754	39.9	0	100	0	0	0	715.4783	1	11.483	0.48	0.827	845	213234	1025065	1386	0	0	715.4783	11.483	0			
944	628.47	627.463	9.662			71357	319534	2	3	1	0.33	251	37	61637	268206	18.2	0	100	0	0	0	628.47	1	9.67	0.103	0.226	10067	223404	1024511	41077	0	0	628.47	9.67	0			
945	400.2014	445.1996	7.635	C22 H28 N2 O5	11-O-Demethyl-17-O-deacetylvindoline	69635	264570	2	3	1	3.65	220	68	69241	261457	35.1	0	100	0	0	0	400.2014	1	7.648	0.332	0.262	936	261698	1021994	2090	0	0	446.2067	7.648	0			
946	890.5685	889.5806	13.305	C47 H87 O13 P	PI(22:1(11Z)/16:1(9Z))	38251	705149	2	9	1	4.8	110	178	37426	665601	26	0	100	0	0	0	890.5672	1	13.306	0.481	1.566	925	175253	3228643	3276	0	0	890.5672	13.306	0			LMGP06010701
947	637.6006	672.5703	12.403	C40 H79 N O4	Cer(d16:1(4E)/24:0(2OH))	25644	230292	2	7		1.76	254	34	21500	179468	35.9	0	100	0	0	0	637.6006	1	12.408	0.368	0.745	907	103617	1019167	1776	0	0	637.6006	12.408	0			LMSP02010086
948	416.3136	415.3062	10.231			216468	610100	2	6	1	1.55	270	18	225425	611407	30.8	0	100	0	0	0	416.3136	1	10.241	0.38	0.77	2600	409344	1018316	14022	0	0	416.3136	10.241	0			
949	536.4804	581.4786	9.872	C34 H64 O4	12-POHSA	95142	335410	2	3	1	1.35	270	18	86416	304158	22.4	0	100	0	0	0	536.4804	1	9.881	0.241	0.288	1293	269368	1015797	4412	0	0	582.4857	9.881	0			
950	691.4785	690.4715	11.305	C36 H70 N O9 P	PS(P-18:0/12:0)	32387	200421	2	6		1.61	275	13	21063	156688	18.9	0	100	0	0	0	691.4784	1	11.308	0.211	0.919	730	204845	1015277	1630	0	0	691.4784	11.308	0			LMGP03030028
951	86.0364	131.0347	0.527	C4 H6 O2	Methyl acrylate	81915	587513	2	5	2	5.67	78	210	78178	549240	33.7	0	191	0	0	0	86.0365	1	0.527	0.23	0.539	921	246783	1482968	4205	0	0	86.0365	0.527	0	96-33-3		
952	605.3773	640.3467	10.743	C30 H55 N O11	Descladinosyl-6-O-methylerythromycin	34019	317194	2	3		1.38	288	0	31461	287196	17.8	0	100	0	0	0	605.3773	1	10.748	0.202	0.514	1257	118079	1012273	4079	0	0	641.3539	10.748	0	129681-37-4		
953	882.4756	881.4672	11.196			17585	234818	2	6		2.98	269	19	16996	206818	35.9	0	100	0	0	0	882.4749	1	11.2	0.302	0.668	942	50793	1008786	3585	0	0	882.4749	11.2	0			
954	310.2119	309.2044	9.883			87274	390997	2	3	1	1.28	174	114	76373	353235	3.2	0	100	0	0	0	310.2119	1	9.891	0.327	0.241	29247	232936	1007742	136813	0	0	310.2119	9.891	0			
955	1367.0374	1366.0313	11.882			22784	175820	2	5		1.64	260	28	21718	167726	28.7	0	100	0	0	0	1367.0374	1	11.888	0.279	0.642	1207	157078	1006614	2918	0	0	1367.0374	11.888	0			
956	1409.0929	1408.0864	11.815			25355	263806	4	5		0.87	232	56	24385	247587	13.1	0	100	0	0	0	1409.093	1	11.821	0.283	0.873	8493	67609	1006097	97946	0	0	1409.093	11.821	0			
957	172.1099	171.102	4.228	C9 H16 O3	"(4S,6S)-4-Hydroxy-1,7-dioxaspiro[5.5]undecane"	37538	350049	2	3	1	0.83	125	163	38299	358145	29.7	0	100	0	0	0	172.1099	1	4.253	0.306	0.894	7115	146196	1002764	62670	0	0	172.1099	4.253	0			LMPK09000008
958	501.2852	500.278	9.738			35788	367608	2	8	2	3.14	207	81	28557	317904	31.3	0	100	0	0	0	501.2851	1	9.748	0.391	0.986	995	231161	1001413	1365	0	0	501.2851	9.748	0			
959	745.9607	744.9536	10.786			60367	497442	2	2	1	0.3	269	19	63403	499000	32.9	0	100	0	0	0	745.9607	1	10.769	0.379	0.863	2983	140079	998458	6912	0	0	745.9607	10.769	0			
960	872.5067	931.5187	12.321			34251	410699	2	14		5.75	104	184	35616	369276	39.9	0	100	0	0	0	872.505	1	12.307	0.386	0.873	972	110277	997554	4484	0	0	872.505	12.307	0			
961	334.2868	333.2797	11.14	C22 H38 O2	"(E,E)-3,7,11-Trimethyl-2,6,10-dodecatrienyl heptanoate"	43137	264809	2	13	2	2.91	242	46	35253	216676	17.3	0	100	0	0	0	334.2869	1	11.145	0.256	0.889	13342	216726	995640	72714	0	0	334.2869	11.145	0			LMFA07010546
962	792.4738	791.4673	12.982			18386	321039	2	7		2.9	208	80	13834	273843	57.9	0	100	0	0	0	792.4732	1	12.961	0.406	1.176	2013	86257	992402	10763	0	0	792.4732	12.961	0			
963	513.2517	512.2447	11.12			84834	746710	2	4	1	0.23	69	219	78781	795697	22.8	0	100	0	0	0	513.2517	1	11.111	0.27	0.755	27311	149280	1248956	102486	0	0	513.2517	11.111	0			
964	603.3524	662.366	9.966			28810	479102	2	11	1	3.15	180	108	26602	446593	14.5	0	100	0	0	0	603.3524	1	9.967	0.316	0.889	4560	61864	986647	22944	0	0	603.3524	9.967	0			
965	595.3482	594.3408	9.866			57816	379283	2	3	1	1.01	239	49	54284	352886	14.2	0	100	0	0	0	595.3482	1	9.871	0.268	0.539	1860	155300	984960	7322	0	0	595.3482	9.871	0			
966	795.9576	794.9503	11.151			60517	550105	2	2	1	0.15	288	0	55779	517321	5.9	0	100	0	0	0	795.9576	1	11.154	0.168	1.027	23825	115849	982715	210314	0	0	795.9576	11.154	0			
967	1070.2879	534.1345	0.386			6716	70280	2	6		5.56	75	213	1880	8682	104.5	0	100	0	0	0	1070.2867	1	0.37	0.242	0.349	833	72114	982298	1247	0	0	1070.2867	0.37	0			
968	451.215	510.2288	10.685	C22 H33 N3 O5 S	Formylmethionyl-leucyl-phenylalanine methyl ester	69523	575405	2	3	1	0.61	132	156	52004	618841	29.5	0	100	0	0	0	451.215	1	10.688	0.157	0.883	2361	152223	1212437	16533	0	0	511.236	10.688	0	65929-03-5		
969	609.3633	608.3563	10.464			37908	249501	2	6		2.28	237	51	37358	218417	24.6	0	100	0	0	0	609.3638	1	10.467	0.553	0.827	936	86474	980961	2302	0	0	609.3638	10.467	0			
970	388.2821	387.2751	9.604			99468	396771	2	4	1	1	273	15	89758	379138	18.6	0	100	0	0	0	388.2822	1	9.611	0.108	0.76	933	302506	980227	3893	0	0	388.2822	9.611	0			
971	223.0704	222.0631	1.021			33164	258438	2	3	1	0.36	251	37	30123	227336	20.9	0	182.89	0	0	0	223.0704	1	1.019	0.055	0.519	9845	126281	979532	89031	0	0	223.0704	1.019	0			
972	453.2547	512.2685	7.094	C24 H39 N O5 S	Leukotriene E4 methyl ester	35399	260736	2	3	1	3.09	91	197	23196	147613	31.2	0	87	0	0	0	453.2547	1	7.069	0.238	0.344	2793	166638	1427949	14037	0	0	513.2756	7.069	0			
973	396.004	430.9734	8.16	C18 H15 Cl3 N2 S	Sulconazole	41190	332799	2	2	1	1.87	288	0	40463	332069	5.1	0	100	0	0	0	396.004	1	8.161	0.084	0.77	32084	151278	965769	164262	0	0	431.9805	8.161	0	61318-90-9		
974	384.2275	383.2202	9.961			37409	225602	2	4	1	1.08	257	31	35125	212907	18.7	0	100	0	0	0	384.2275	1	9.97	0.231	0.447	1053	142657	964132	2736	0	0	384.2275	9.97	0			
975	787.5697	786.5283	12.045			71272	340427	2	8	1	6.73	86	202	75798	302729	59.7	0	100	0	0	0	787.5714	1	11.994	0.525	0.847	883	401894	958082	2799	0	0	787.5714	11.994	0			
976	542.3747	541.3679	10.789			31637	352743	2	12		2.81	262	26	26771	317875	18.6	0	100	0	0	0	542.375	1	10.799	0.268	1.258	1772	102321	957377	13530	0	0	542.375	10.799	0			
977	1285.0327	1284.0248	12.113			35867	392176	2	12		2.06	218	70	38089	418955	25.8	0	100	0	0	0	1285.0325	1	12.121	0.386	0.621	1507	113942	956773	5466	0	0	1285.0325	12.121	0			
978	1270.9803	1269.9734	11.848			63162	334751	2	5		0.89	271	17	60098	323823	31.8	0	95.21	0	0	0	1270.9803	1	11.855	0.124	0.282	1069	207273	955383	3135	0	0	1270.9803	11.855	0			
979	658.2635	693.2329	6.875			63039	603461	2	9	3	2.32	101	187	67320	649736	15.5	0	100	0	0	0	658.2635	1	6.911	0.287	0.765	2704	127245	1074918	7263	0	0	658.2635	6.911	0			
980	294.2195	293.2118	9.445	C18 H30 O3	"3,4-Dimethyl-5-pentyl-2-furanheptanoic acid"	50683	258454	2	5	2	2.42	156	132	39073	198302	12.7	0	100	0	0	0	294.2194	1	9.449	0.302	1.135	11965	175675	840527	43104	0	0	294.2194	9.449	0	92745-17-0	HMDB39603	
981	821.5669	820.5613	13.195			57455	544422	2	6		5.48	28	260	51576	478440	50.6	0	100	0	0	0	821.5677	1	13.169	0.401	0.56	966	203342	3366754	3364	0	0	821.5677	13.169	0			
982	724.5281	723.5202	12.412			58614	444227	2	7	1	2.8	101	187	52589	418216	16.3	0	100	0	0	0	724.5274	1	12.412	0.42	0.473	3560	165852	950311	14245	0	0	724.5274	12.412	0			
983	503.3003	562.3148	9.983	C25 H46 N O7 P	"PE(20:3(8Z,11Z,14Z)/0:0)"	36960	223270	2	7	3	2.58	208	80	30514	161327	32.1	0	100	0	0	0	503.3005	1	9.976	0.553	1.279	1922	126242	946180	8363	0	0	503.3005	9.976	0			LMGP02050022
984	486.2298	545.2455	10.395			12501	183987	2	5		5.96	201	87	10258	170312	27.6	0	100	0	0	0	486.2314	1	10.374	0.372	1.227	4146	44422	943478	51534	0	0	486.2314	10.374	0			
985	835.5728	834.5672	11.891			113670	547866	2	7	1	2.98	129	159	112789	571339	28.1	0	100	0	0	0	835.5734	1	11.893	0.475	0.75	4750	737038	942924	50497	0	0	835.5734	11.893	0			
986	318.2556	635.5029	10.547	C21 H34 O2	"(2E,5E,12Z,15Z)-1-Hydroxy-2,5,12,15-heneicosatetraen-4-one"	34670	450679	2	10	2	1.13	230	58	33223	440273	13.7	0	100	0	0	0	318.2556	1	10.555	0.449	0.883	2006	82197	939880	4767	0	0	318.2556	10.555	0		HMDB36740	
987	656.5143	655.5071	12.76			35070	399894	2	6	3	1.91	149	139	30716	343767	12.1	0	100	0	0	0	656.5144	1	12.764	0.188	0.93	3675	109310	937972	56636	0	0	656.5144	12.764	0			
988	999.831	998.8239	11.265			32974	169992	2	4		0.47	255	33	26118	134928	20.9	0	100	0	0	0	999.8311	1	11.269	0.084	0.329	4888	186382	935561	22657	0	0	999.8311	11.269	0			
989	827.5098	826.5026	11.359			56376	475861	2	17	1	2.48	203	85	52307	446128	19.2	0	100	0	0	0	827.5099	1	11.366	0.377	1.233	808	204875	1739581	9822	0	0	827.5099	11.366	0			
990	1263.0474	1262.0394	12.138			37562	227599	2	12		3.35	173	115	38935	238027	43.8	0	100	0	0	0	1263.0468	1	12.145	0.363	0.544	1225	215770	932587	2589	0	0	1263.0468	12.145	0			
991	547.327	546.32	9.978			66635	395941	2	11	1	2.34	154	134	51207	389388	28	0	100	0	0	0	547.327	1	9.996	0.427	0.945	2420	763367	1048446	8883	0	0	547.327	9.996	0			
992	1084.5016	1083.4943	7.91			22296	328503	2	7	1	2.95	143	145	22798	307334	40.7	0	100	0	0	0	1084.5011	1	7.912	0.152	0.77	1628	51822	930486	10962	0	0	1084.5011	7.912	0			
993	833.5179	832.5091	12.888			47883	277620	2	12	2	7.17	30	258	39541	204911	89.8	0	100	0	0	0	833.518	1	12.872	0.34	1.397	2944	135944	930479	16764	0	0	833.518	12.872	0			
994	320.2343	319.2274	9.119	C20 H32 O3	"5-(1,2,4a,5-Tetramethyl-7-oxo-3,4,8,8a-tetrahydro-2H-naphthalen-1-yl)-3-methylpentanoic acid"	53205	397968	2	13	2	4.21	180	108	41858	362351	28.3	0	100	0	0	0	320.2348	1	9.107	0.376	1.402	1273	169997	1007853	3532	0	0	320.2348	9.107	0	1212118-03-0		
995	690.5641	689.5576	11.313			40086	219047	2	5	1	1.79	272	16	27329	153304	17.8	0	100	0	0	0	690.5643	1	11.319	0.093	0.329	2274	165805	929684	6895	0	0	690.5643	11.319	0			
996	580.4699	579.4628	9.74	C35 H64 O6	cis-Murisolinone	26469	218637	2	3		0.84	195	93	23005	172223	10.7	0	100	0	0	0	580.4699	1	9.749	0.36	0.401	6248	81383	928607	33285	0	0	580.4699	9.749	0	172489-11-1	HMDB41374	
997	206.1651	205.1572	8.263	C14H22O	"2,4-Di-tert-butylphenol"	78826	555823	2	8	1	7.86	92	196	66197	496011	13.5	0	100	0	0	0	206.1652	1	8.259	0.264	0.996	8632	259803	2629810	80007	0	0	206.1652	8.259	0	96-76-4		
998	784.3999	783.3936	10.955			27643	313221	2	9		3.43	211	77	23321	287401	48.8	0	100	0	0	0	784.4006	1	10.954	0.333	1.171	1069	123859	980280	5391	0	0	784.4006	10.954	0			
999	100.0157	145.0142	0.372	C4 H4 O3	Succinic anhydride	75439	346627	2	5	2	11.47	73	215	54200	318244	32.5	0	166.36	0	0	0	100.0155	1	0.377	0.173	0.437	1047	467798	1074967	2782	0	0	100.0155	0.377	0	108-30-5		
1000	557.2204	556.2131	10.302			47253	432636	2	3		0.74	249	39	48106	400892	16.9	0	100	0	0	0	557.2204	1	10.306	0.164	0.976	1121	84932	925597	4748	0	0	557.2204	10.306	0			
1001	757.5629	816.5758	12.458	C42 H80 N O8 P	PE(22:1(11Z)/15:1(9Z))	35256	373522	2	13	2	4.24	124	164	28710	303895	24.5	0	100	0	0	0	757.5628	1	12.468	0.453	1.222	1775	166806	2043855	3027	0	0	757.5628	12.468	0			LMGP02011045
1002	536.5171	535.5094	12.316			35136	138836	2	10		4.52	90	198	16955	72496	35.9	0	100	0	0	0	536.5166	1	12.323	0.304	0.611	1158	262233	923609	2338	0	0	536.5166	12.323	0			
1003	635.3434	634.3362	10.999			30206	306433	2	3		0.63	285	3	27864	287323	19.5	0	100	0	0	0	635.3434	1	11.003	0.407	0.729	1360	94271	921370	8498	0	0	635.3434	11.003	0			
1004	846.4585	845.4516	6.374			23228	125233	4	5	1	0.48	288	0	21196	107976	8.6	0	100	0	0	0	846.4586	1	6.375	0.116	0.185	5916	187196	918510	27203	0	0	846.4586	6.375	0			
1005	410.3184	409.3112	10.277	C28 H42 O2	28:7(n-6)	35480	215942	2	6		3.93	184	104	30117	177599	31.4	0	100	0	0	0	410.3184	1	10.288	0.4	0.971	1009	143891	917176	5619	0	0	410.3184	10.288	0			LMFA01030916
1006	771.5426	770.5469	11.744			31009	202412	2	17	1	7.98	147	141	17929	150883	48.2	0	100	0	0	0	771.5406	1	11.758	0.411	0.349	1017	215604	1103783	3884	0	0	771.5406	11.758	0			
1007	717.5322	716.5237	12.449	C39 H76 N O8 P	PE(22:1(11Z)/12:0)	39915	214267	2	11	3	8.49	64	224	17295	97491	49.9	0	100	0	0	0	717.5312	1	12.459	0.437	1.659	1672	223704	1435789	7967	0	0	717.5312	12.459	0			LMGP02011040
1008	449.2533	448.2468	8.346	C23 H35 N3 O6	N-Acetyl-leu-leu-tyr	17691	140463	2	3		2.34	270	18	13824	107627	25.1	0	100	0	0	0	449.2537	1	8.343	0.408	0.709	858	136610	914505	2363	0	0	449.2537	8.343	0			
1009	586.4941	585.4859	10.678			14944	166770	2	3	1	3.86	271	17	12890	124331	35.7	0	100	0	0	0	586.4934	1	10.686	0.339	0.591	1191	73228	913694	1739	0	0	586.4934	10.686	0			
1010	593.5744	652.5884	12.595	C38 H75 N O3	Cer(d14:1/24:0)	19192	190358	2	11	1	1.07	280	8	10807	128564	25.3	0	100	0	0	0	593.5743	1	12.598	0.272	0.889	888	113401	910635	1307	0	0	593.5743	12.598	0			LMSP02010040
1011	327.31	362.2794	10.217	C20 H37 D2 N O2	Oleoyl Ethanolamide-d2	48504	348675	2	3		5.24	169	119	37901	290460	17.4	0	100	0	0	0	327.31	1	10.218	0.118	0.673	7688	156489	933375	32821	0	0	363.2846	10.218	0			
1012	737.5015	782.4974	11.179	C41 H72 N O8 P	"PE(22:5(7Z,10Z,13Z,16Z,19Z)/14:0)"	25085	340227	2	11	1	2.8	174	114	24266	324029	24.2	0	100	0	0	0	737.5017	1	11.141	0.574	0.966	2970	77512	904266	15840	0	0	737.5017	11.141	0		HMDB09646	
1013	932.5866	931.5793	9.553			53252	269423	2	4	1	1.3	176	112	54918	280842	20.6	0	100	0	0	0	932.5865	1	9.559	0.312	0.38	1091	176186	900429	6664	0	0	932.5865	9.559	0			
1014	314.245	313.2382	8.431	C18 H34 O4	6-HpOME(7E)	34598	213969	2	7	1	3.92	211	77	24477	185374	30.4	0	100	0	0	0	314.2454	1	8.429	0.237	1.679	4571	184216	900374	33836	0	0	314.2454	8.429	0			LMFA02000097
1015	479.3012	478.2937	10.279	C23H46NO7P	PE(18:1(9Z)/0:0)	73490	514227	2	7	1	3.49	116	172	75319	555610	30.7	0	100	0	0	0	479.3009	1	10.254	0.53	0.909	1047	187687	900302	5859	0	0	479.3009	10.254	0	89576-29-4		
1016	825.5875	824.5809	12.221	C46 H84 N O9 P	"PS(P-20:0/20:3(8Z,11Z,14Z))"	69197	506060	2	8		3.63	143	145	67785	501983	19.5	0	100	0	0	0	825.5879	1	12.228	0.532	0.652	620	128397	899410	4550	0	0	825.5879	12.228	0			LMGP03030078
1017	224.1407	223.134	6.529	C13 H20 O3	3-Methylbutyl 2-furanbutanoate	46954	375600	2	4	2	3.65	246	42	51753	427641	48.9	0	100	0	0	0	224.1411	1	6.502	0.327	0.976	1687	156407	898830	4248	0	0	224.1411	6.502	0	7779-66-0	HMDB37736	
1018	338.359	337.3517	11.656			127074	508687	2	3		1.42	272	16	139546	481542	15.7	0	100	0	0	0	338.359	1	11.666	0.157	0.267	15404	173160	898337	46895	0	0	338.359	11.666	0			
1019	609.3625	608.3563	9.937			40564	473135	2	7		2.46	197	91	37592	445848	10.4	0	100	0	0	0	609.3631	1	9.937	0.164	0.95	14760	82378	897944	120173	0	0	609.3631	9.937	0			
1020	472.0769	471.0691	0.522			21986	247848	2	4	1	3.36	169	119	17871	193926	32.9	0	185.99	0	0	0	472.0768	1	0.512	0.337	0.611	1429	83262	894480	10407	0	0	472.0768	0.512	0			
1021	776.2901	811.2594	6.835			29080	332845	3	6	2	0.24	89	199	27960	326112	4.2	0	100	0	0	0	776.2901	1	6.829	0.14	0.447	17331	76315	894145	173973	0	0	776.2901	6.829	0			
1022	276.2447	275.2386	9.651	C19 H32 O	5alpha-Androstan-17beta-ol	53771	252517	2	2		5.05	265	23	47827	212196	10.5	0	100	0	0	0	276.2454	1	9.661	0.132	0.411	3254	156397	893549	10474	0	0	276.2454	9.661	0	1225-43-0		
1023	629.3688	688.3822	9.86	C39 H51 N O6	Janthitrem G	20514	345200	2	13		2.61	163	125	19640	324236	22.6	0	100	0	0	0	629.3687	1	9.848	0.345	1.207	2624	122188	891523	3527	0	0	629.3687	9.848	0	90986-51-9	HMDB30531	
1024	343.2708	342.2647	9.719	C19 H37 N O4	N-palmitoyl serine	57507	295959	2	10	1	4.74	249	39	46631	230935	13.3	0	100	0	0	0	343.2718	1	9.727	0.279	2.085	3888	267484	1056474	24222	0	0	343.2718	9.727	0			LMFA08020101
1025	2194.7067	1096.3463	4.157			25338	302536	3	5	1	1.25	160	128	10316	116099	10.7	0	100	0	0	0	2194.7069	1	4.158	0.042	0.914	3599	80959	888023	9451	0	0	2194.7069	4.158	0			
1026	779.5806	778.5754	12.56	C45 H82 N O7 P	"PE(P-20:0/20:4(5Z,8Z,11Z,14Z))"	59997	377551	2	10	2	3.97	102	186	38702	294215	39	0	100	0	0	0	779.5816	1	12.562	0.241	0.945	1291	154466	887336	9041	0	0	779.5816	12.562	0			LMGP02030085
1027	871.6293	870.6223	13.443	C48 H90 N O10 P	"PS(22:2(13Z,16Z)/20:0)"	20968	285133	2	5		1.12	247	41	18911	256231	13	0	100	0	0	0	871.6294	1	13.444	0.307	0.575	2316	63113	886578	10813	0	0	871.6294	13.444	0			LMGP03010775
1028	563.287	562.2802	8.262			37451	195039	2	4	1	1.13	210	78	30440	164122	9.8	0	100	0	0	0	563.2873	1	8.26	0.138	0.873	1286	185949	884693	4641	0	0	563.2873	8.26	0			
1029	682.4821	681.4667	11.235			18766	293010	2	11		4.1	153	135	13168	245022	33.6	0	100	0	0	0	682.4825	1	11.245	0.314	1.12	1728	220626	884155	7594	0	0	682.4825	11.245	0			
1030	240.2088	239.2016	9.719	C15 H28 O2	"7-Ethyltridecane-4,6-dione"	82277	355015	2	5	1	0.78	208	80	76642	343098	29.2	0	100	0	0	0	240.2088	1	9.728	0.11	0.406	1377	237902	883317	5397	0	0	240.2088	9.728	0			LMFA12000262
1031	477.2854	476.2782	9.285	C23 H44 N O7 P	"PE(18:2(9Z,12Z)/0:0)"	100188	550191	2	15	1	2.08	85	203	98517	569018	22.1	0	100	0	0	0	477.2854	1	9.287	0.373	0.811	1977	309590	1588586	14072	0	0	477.2854	9.287	0			LMGP02050011
1032	242.0901	277.0595	0.945	C10 H14 N2 O5	dT / Thymidine	14069	144347	2	3	1	0.72	266	22	11252	112316	25.3	0	127.69	0	0	0	242.0901	1	0.944	0.341	0.493	2467	68674	879500	10794	0	0	278.0666	0.944	0	50-89-5	HMDB00273	
1033	533.311	532.3043	9.835			23819	156097	2	8		2.03	251	37	18271	122988	30.7	0	100	0	0	0	533.3112	1	9.828	0.343	1.258	1605	107472	878145	7356	0	0	533.3112	9.828	0			
1034	767.4842	766.4782	12.188			21052	246346	2	7		2.78	220	68	19056	217017	33.7	0	100	0	0	0	767.4847	1	12.201	0.42	0.873	3137	91889	876786	18997	0	0	767.4847	12.201	0			
1035	1434.7575	716.3712	10.857			23354	192142	2	3	1	2.24	183	105	20139	171108	22.9	0	100	0	0	0	1434.7569	1	10.86	0.175	0.395	2574	97712	875290	8144	0	0	1434.7569	10.86	0			
1036	703.5153	702.5076	12.168	C38 H74 N O8 P	PE(16:0/17:1(9Z))	63405	414309	2	5	1	1.78	239	49	65171	412456	19.2	0	100	0	0	0	703.5152	1	12.168	0.542	0.75	1092	146181	874070	6418	0	0	703.5152	12.168	0			LMGP02011226
1037	619.3478	618.3407	9.771			30740	238911	2	6	1	2.17	180	108	30146	232844	20.7	0	100	0	0	0	619.3479	1	9.801	0.469	1.464	1946	74004	872151	3171	0	0	619.3479	9.801	0			
1038	242.2244	241.2173	10.348	C15 H30 O2	Pentadecylic acid	36562	148965	2	3	1	0.6	210	78	10866	85182	28.5	0	100	0	0	0	242.2244	1	10.371	0.314	0.298	2950	414239	924481	19101	0	0	242.2244	10.371	0	1002-84-2	HMDB00826	LMFA01010015
1039	844.6668	843.6595	12.729			33076	343466	2	6	1	1.15	245	43	29976	342954	14.9	0	100	0	0	0	844.6668	1	12.724	0.392	0.575	3091	105546	870866	22440	0	0	844.6668	12.724	0			
1040	567.2986	566.2914	11.662			53174	327464	2	3		0.28	272	16	47333	305318	14.8	0	100	0	0	0	567.2986	1	11.67	0.241	0.267	1606	129216	869056	4990	0	0	567.2986	11.67	0			
1041	686.5481	685.5408	10.468			34554	137393	2	3	1	0.76	272	16	31789	110765	25.4	0	100	0	0	0	686.5481	1	10.476	0.132	0.421	1526	105825	867415	4427	0	0	686.5481	10.476	0			
1042	728.3744	727.3671	10.444			14854	226976	2	5		1.14	252	36	14716	212223	29.3	0	100	0	0	0	728.3744	1	10.444	0.279	1.248	873	49599	866439	3064	0	0	728.3744	10.444	0			
1043	1511.1808	1570.1656	12.255			21314	233886	2	16		5.27	212	76	13075	146762	45.4	0	100	0	0	0	1511.1809	1	12.259	0.319	0.57	922	72777	865385	1841	0	0	1511.1809	12.259	0			
1044	371.1522	370.1451	9.923	C24 H21 N O3	JWH 018 N-pentanoic acid metabolite	27603	140709	2	3		0.95	18	270	5417	26891	45.8	0	100	0	0	0	371.1523	1	9.917	0.148	0.226	1912	172845	863426	6234	0	0	371.1523	9.917	0			
1045	765.5652	764.5191	12.451			50748	377788	2	11	2	3.02	219	69	47883	364276	28.7	0	100	0	0	0	765.5659	1	12.457	0.368	1.253	4090	148895	863024	39653	0	0	765.5659	12.457	0			
1046	995.9449	994.9377	12.409			31838	268768	2	2		0.17	124	164	30101	231294	6	0	100	0	0	0	995.9449	1	12.405	0.301	0.77	14876	85803	862779	123660	0	0	995.9449	12.405	0			
1047	1046.6083	1045.6008	7.012			65517	320169	3	4	1	0.24	288	0	58364	299288	8.3	0	100	0	0	0	1046.6083	1	7.013	0.114	0.221	33060	202846	861103	162339	0	0	1046.6083	7.013	0			
1048	767.6033	766.5967	12.337			56378	465732	2	13		2.95	178	110	63657	508499	22.1	0	100	0	0	0	767.6038	1	12.339	0.265	0.668	1229	87236	859708	3736	0	0	767.6038	12.339	0			
1049	775.6063	774.5877	12.31			31343	392335	2	20		5.23	104	184	32584	350471	18.3	0	100	0	0	0	775.6062	1	12.298	0.296	0.698	4127	66001	859399	172188	0	0	775.6062	12.298	0			
1050	630.5221	675.5203	12.461	C40 H70 O5	"DG(17:2(9Z,12Z)/20:2(11Z,14Z)/0:0)[iso2]"	33386	224962	2	3		3.76	241	47	31096	200611	27.3	0	100	0	0	0	630.5221	1	12.468	0.421	0.467	562	120522	859170	1849	0	0	676.5275	12.468	0			LMGL02010083
1051	579.3531	624.3514	9.707	C28 H54 N O9 P	PS(22:1(11Z)/0:0)	75380	585913	2	10	2	2.41	119	169	70242	602234	13.5	0	100	0	0	0	579.3532	1	9.705	0.405	0.883	6504	198468	1420189	50054	0	0	579.3532	9.705	0			LMGP03050023
1052	577.3362	636.3497	9.829			29162	345400	2	9	2	4	108	180	26689	324275	21.2	0	100	0	0	0	577.3357	1	9.851	0.435	1.243	2497	92329	857213	9313	0	0	577.3357	9.851	0			
1053	434.2662	469.236	8.411	C25 H38 O6	Erinacine C	11816	246026	3	9	2	2.52	259	29	10640	218677	26.1	0	100	0	0	0	434.2664	1	8.413	0.335	1.12	2215	41432	856941	27278	0	0	434.2664	8.413	0	156101-09-6	HMDB40389	
1054	1050.5626	1049.5555	13.458			9112	225888	2	3		2.82	94	194	9610	222720	58	0	100	0	0	0	1050.5628	1	13.425	0.541	1.233	877	28056	856463	3653	0	0	1050.5628	13.425	0			
1055	473.0601	472.0517	0.385			69076	383806	2	4	1	1.4	166	122	71098	365144	25.9	0	100	0	0	0	473.06	1	0.381	0.101	0.585	28173	124115	856121	190601	0	0	473.06	0.381	0			
1056	453.3314	452.3244	9.545			65423	269647	2	3		2.13	209	79	66281	257302	7.9	0	100	0	0	0	453.3318	1	9.55	0.282	0.847	1431	154644	854904	5049	0	0	453.3318	9.55	0			
1057	279.2196	278.2124	7.629			33492	321367	2	7	1	2.38	122	166	41453	357319	29.7	0	100	0	0	0	279.2197	1	7.628	0.087	0.288	976	86245	854650	1554	0	0	279.2197	7.628	0			
1058	809.4835	808.4768	11.294			32352	453906	2	15	2	2.35	220	68	29740	443946	28.3	0	100	0	0	0	809.4836	1	11.305	0.523	1.14	656	132971	1018325	2639	0	0	809.4836	11.305	0			
1059	451.2511	510.2649	11.232	C31 H33 N O2	Enterocin 900	25216	230024	2	3		2.25	276	12	25026	209609	23	0	100	0	0	0	451.2511	1	11.232	0.277	0.534	1144	63558	853360	1278	0	0	511.272	11.232	0	179530-08-6	HMDB38284	
1060	745.5252	744.5178	12.687	C40 H76 N O9 P	PS(P-16:0/18:1(9Z))	33737	400117	2	5		2.02	169	119	32681	373071	21.5	0	100	0	0	0	745.5252	1	12.684	0.543	0.668	1774	87146	852678	11994	0	0	745.5252	12.684	0			LMGP03030088
1061	809.5633	844.5438	13.085	C42 H84 N O11 P	PI-Cer(d20:0/16:0)	37746	257969	2	6		6.64	84	204	6586	91172	97.5	0	87	0	0	0	809.5639	1	13.064	0.45	0.498	1710	181359	1741893	12797	0	0	809.5639	13.064	0			LMSP03030024
1062	480.3814	479.3738	10.735			55470	410343	2	12	1	1.44	168	120	56347	408303	12.6	0	100	0	0	0	480.3813	1	10.737	0.365	0.935	2276	119132	851295	22078	0	0	480.3813	10.737	0			
1063	501.3332	500.3269	9.176			86482	391269	2	5	1	3.79	208	80	80140	372609	16	0	100	0	0	0	501.3338	1	9.154	0.332	0.467	11176	166786	847473	105413	0	0	501.3338	9.154	0			
1064	566.358	565.351	11.685	C28 H55 O9 P	PG(22:1(11Z)/0:0)	21541	211940	2	4		2.8	214	74	17572	171025	14.7	0	100	0	0	0	566.3579	1	11.689	0.289	0.483	2515	110703	845616	12763	0	0	566.3579	11.689	0			LMGP04050026
1065	503.3008	502.2916	9.658			92339	507742	2	8	2	0.61	172	116	88225	481560	17	0	100	0	0	0	503.3009	1	9.66	0.237	0.688	8101	223864	852152	57995	0	0	503.3009	9.66	0			
1066	837.6224	872.5918	13.481	C48 H88 N O8 P	"PE(22:4(7Z,10Z,13Z,16Z)/21:0)"	49975	527265	2	6	1	3.14	87	201	35757	447469	40.6	1	100	0	0	0	837.6224	1	13.466	0.469	1.233	1117	984984	4862164	7496	0	0	873.5981	13.466	0			LMGP02011127
1067	322.2497	321.2433	9.758	C20 H34 O3	Incensole oxide	17220	144809	2	9		1.96	172	116	15501	133843	18.8	0	100	0	0	0	322.2498	1	9.753	0.294	0.55	3233	72380	843051	22646	0	0	322.2498	9.753	0			
1068	160.0352	205.0332	0.313	C10 H8 S	2-Naphthalenethiol	143454	367098	2	4	1	4.75	247	41	145356	357641	23.2	0	204.08	0	0	0	160.035	1	0.307	0.349	0.596	1408	452971	840667	1755	0	0	160.035	0.307	0	91-60-1	HMDB29689	
1069	398.1184	397.1113	8.059			22840	218826	2	3	1	1.74	255	33	24399	214029	18.3	0	100	0	0	0	398.1185	1	8.053	0.345	0.416	1497	111732	838339	5656	0	0	398.1185	8.053	0			
1070	476.2152	511.1851	5.559			66912	539829	6	7	2	1.09	288	0	69830	527195	0	0	100	0	0	0	476.2155	1	5.561	0.096	0.442	26309	130014	838320	232374	0	0	476.2155	5.561	0			
1071	781.5963	780.5904	12.664	C45 H84 N O7 P	"PE(P-20:0/20:3(8Z,11Z,14Z))"	39757	444603	2	10		4.54	107	181	38600	464343	15.6	0	100	0	0	0	781.5975	1	12.666	0.477	0.832	2007	106340	837356	32080	0	0	781.5975	12.666	0			LMGP02030084
1072	817.5653	816.5545	12.469	C47 H80 N O8 P	"PE(22:6(4Z,7Z,10Z,13Z,16Z,19Z)/20:1(11Z))"	34469	184331	2	20	1	4.6	66	222	10832	95669	57.4	0	100	0	0	0	817.5662	1	12.46	0.326	1.027	2070	202836	836788	12027	0	0	817.5662	12.46	0		HMDB09692	
1073	785.5549	784.561	11.958			54152	284888	2	14		6.27	113	175	52601	194366	54.7	0	100	0	0	0	785.5552	1	11.96	0.473	0.878	2151	159135	836321	16348	0	0	785.5552	11.96	0			
1074	817.5112	852.4823	12.189			29391	251801	2	10		4.15	177	111	25672	236425	31.9	0	100	0	0	0	817.5122	1	12.189	0.297	0.853	957	145976	834734	3165	0	0	817.5122	12.189	0			
1075	1495.1769	1494.1716	12.269			21827	255793	2	13		3.43	237	51	21731	232439	40.2	0	100	0	0	0	1495.1774	1	12.275	0.365	0.642	875	80981	834714	1301	0	0	1495.1774	12.275	0			
1076	312.1927	311.1863	7.608			33022	134017	2	4	1	3.62	211	77	23586	106856	25.3	0	100	0	0	0	312.1932	1	7.608	0.209	0.395	4450	230024	833887	9911	0	0	312.1932	7.608	0			
1077	606.5222	651.5204	12.565	C38 H70 O5	"DG(17:2(9Z,12Z)/18:0/0:0)[iso2]"	28536	199463	2	3	1	3.29	266	22	20365	156614	33.6	0	100	0	0	0	606.5222	1	12.563	0.377	0.663	1361	106520	833455	11095	0	0	652.5275	12.563	0			LMGL02010033
1078	219.1105	218.1033	0.745	C9 H17 N O5	D-Pantothenic acid	43447	387559	2	8	2	1.18	189	99	37949	367939	24.9	0	183.47	0	0	0	219.1105	1	0.752	0.19	0.75	6823	190892	885518	34842	0	0	219.1105	0.752	0	79-83-4	HMDB00210	
1079	337.2612	336.2542	9.705	C20 H35 N O3	"(7R,E)-8-((1S,Z)-1-Hydroxy-1-methylhexahydro-2H-quinolizin-3(4H)-ylidene)-4,7-dimethyloct-4-ene-2,3-diol"	38978	170674	2	4		1.31	252	36	25940	114173	8	0	100	0	0	0	337.2613	1	9.714	0.096	0.303	2570	206212	827505	13766	0	0	337.2613	9.714	0			
1080	310.2136	309.2063	8.629			38758	187219	2	4	1	2.8	240	48	33858	159610	10.2	0	100	0	0	0	310.2141	1	8.631	0.188	0.401	12196	182148	827271	61868	0	0	310.2141	8.631	0			
1081	863.794	862.7867	11.653			22208	118834	2	6		2.01	227	61	17251	84490	26.7	0	100	0	0	0	863.7938	1	11.663	0.203	0.38	4249	184075	826246	5619	0	0	863.7938	11.663	0			
1082	154.8758	153.8687	11.257			17833	175055	3	5		2.16	7	281	2473	8854	125	0	78.52	0	0	0	154.8759	1	11.244	0.116	0.231	906	76515	825803	1161	0	0	154.8759	11.244	0			
1083	773.4838	772.4768	11.034			44522	254243	2	4		1.65	206	82	36108	222576	17.9	0	100	0	0	0	773.4838	1	11.04	0.325	0.498	681	152729	825780	1867	0	0	773.4838	11.04	0			
1084	193.0587	192.0526	0.431			97204	267964	3	5	1	5.26	267	21	94057	249836	16.9	0	200.37	0	0	0	193.0588	1	0.425	0.033	0.401	7809	278987	825765	52186	0	0	193.0588	0.425	0			
1085	422.2107	481.2357	10.387	C25 H39 O7 P	"PA(22:6(4Z,7Z,10Z,13Z,16Z,19Z)/0:0)"	13402	159875	2	7		5.69	274	14	10696	129812	34.2	0	100	0	0	0	422.21	1	10.401	0.32	0.924	2082	72372	825321	9103	0	0	422.21	10.401	0			LMGP10050019
1086	747.4675	746.4616	10.986			41903	240119	2	18		5.06	243	45	32760	223743	49.4	0	100	0	0	0	747.4679	1	10.993	0.438	0.76	880	210685	825101	2167	0	0	747.4679	10.993	0			
1087	752.5757	751.568	13.325			78137	547560	2	6	1	1.41	192	96	80467	557744	19.4	0	100	0	0	0	752.5755	1	13.318	0.445	1.222	12247	224564	1449190	67617	0	0	752.5755	13.318	0			
1088	178.0446	415.1028	0.323			94410	299744	2	4	1	2.69	246	42	85199	297662	30.5	0	174.35	0	0	0	178.0445	1	0.317	0.201	0.93	1086	290408	816217	8281	0	0	178.0445	0.317	0			
1089	408.3026	407.2952	11.22			53642	277017	2	6		1.69	247	41	42690	228323	16.9	0	100	0	0	0	408.3025	1	11.223	0.357	0.858	2218	175559	815944	9603	0	0	408.3025	11.223	0			
1090	122.0367	121.0295	2.201	C7 H6 O2	3-(2-Furanyl)-2-propenal	42689	218648	2	2	1	0.75	283	5	36260	190626	20.4	0	100	0	0	0	122.0367	1	2.2	0.193	0.519	3624	144822	813925	24648	0	0	122.0367	2.2	0	623-30-3	HMDB32918	
1091	294.1861	293.1791	9.779	C14 H30 O4 S	Sodium Tetradecyl Sulfate	70931	528418	2	4	1	0.92	79	209	60879	569126	20.8	0	100	0	0	0	294.1862	1	9.784	0.237	0.704	2167	270937	1213661	10902	0	0	294.1862	9.784	0	1191-50-0	HMDB14607	
1092	680.398	715.3674	10.866	C33 H60 O14	Gingerglycolipid C	50768	432450	2	4	1	1.67	182	106	45575	428338	15.9	0	100	0	0	0	680.398	1	10.868	0.238	0.473	2935	217221	1082201	8291	0	0	716.3746	10.868	0	35949-86-1	HMDB41095	
1093	300.266	299.2592	9.973	C18 H36 O3	DL-2-hydroxy stearic acid	50217	224884	2	10	1	1.85	198	90	39712	179671	25.2	0	100	0	0	0	300.2661	1	9.963	0.335	0.986	3616	179817	810338	5717	0	0	300.2661	9.963	0	629-22-1		LMFA01080014
1094	709.5124	744.4819	11.288			30509	245479	3	7	2	2.7	213	75	25024	224044	24.7	0	100	0	0	0	709.5122	1	11.286	0.416	0.811	1146	137361	810090	4685	0	0	709.5122	11.286	0			
1095	737.3906	736.3835	9.841			41208	359883	2	4		1.22	278	10	39753	341191	13.7	0	100	0	0	0	737.3906	1	9.842	0.234	1.145	1222	95771	808183	3238	0	0	737.3906	9.842	0			
1096	739.5164	784.512	12.211	C41 H74 N O8 P	"PE(P-16:0/20:4(6E,8Z,11Z,14Z)(5OH[S]))"	43181	206268	2	12	3	5.61	79	209	23483	111618	66.1	0	100	0	0	0	739.5149	1	12.201	0.313	2.065	1553	402470	805542	3623	0	0	739.5149	12.201	0			LMGP20020011
1097	370.2718	405.2426	8.784	C22 H34 N4 O	1-Naphthylacetylspermine	17293	165580	2	7	1	3.75	287	1	14490	137158	19.9	0	100	0	0	0	370.2716	1	8.786	0.421	0.791	1171	66111	805034	2836	0	0	370.2716	8.786	0	122306-11-0		
1098	224.0272	223.0198	0.242			193888	226497	2	3		0.44	284	4	191818	209236	52.4	0	241.75	0	0	0	224.0272	1	0.242	0.014	0.283	54764	394941	803328	45884	0	0	224.0272	0.242	0			
1099	736.5639	735.5565	10.463	C40 H81 O9 P	Mannosyl-1beta-phosphomycoketide C34	36373	197393	3	7		1.5	267	21	25175	158766	22	0	100	0	0	0	736.5638	1	10.467	0.42	0.883	2731	198880	802494	25467	0	0	736.5638	10.467	0			LMPK01000061
1100	549.3061	548.298	8.706	C26 H48 N O9 P	"PS(20:2(11Z,14Z)/0:0)"	40821	242460	3	6	1	1.15	195	93	34577	216707	13.4	0	100	0	0	0	549.3061	1	8.698	0.359	0.894	4086	165473	802259	33013	0	0	549.3061	8.698	0			LMGP03050021
1101	548.2364	547.2286	6.072			73149	428472	3	6	1	1.02	276	12	63703	403396	2.7	0	100	0	0	0	548.2366	1	6.074	0.168	0.786	15421	140879	801908	91849	0	0	548.2366	6.074	0			
1102	577.4679	636.4817	11.951	C35 H63 N O5	"35-aminobacteriohopane-30,31,32,33,34-pentol"	63754	347038	2	3	1	2.22	177	111	69817	394692	28.9	0	100	0	0	0	577.4679	1	11.958	0.283	0.401	761	151843	801096	1068	0	0	637.4891	11.958	0			LMPR04000009
1103	208.067	207.0598	2.387			90931	586843	2	4	2	0.46	135	153	84417	566436	11	0	100	0	0	0	208.0669	1	2.387	0.272	0.36	3604	194990	909131	12674	0	0	208.0669	2.387	0			
1104	450.2976	449.2898	9.945			19413	84648	2	3		2.22	240	48	17696	60388	30.9	0	100	0	0	0	450.2978	1	9.937	0.414	0.591	1901	149483	798885	3681	0	0	450.2978	9.937	0			
1105	594.5584	593.5511	11.222	C38 H74 O4	Ethylene glycol distearate	91765	580024	2	3	1	0.58	155	133	93551	573081	10.3	0	100	0	0	0	594.5585	1	11.234	0.27	0.395	1893	199222	2207511	6199	0	0	594.5585	11.234	0	627-83-8	HMDB32260	
1106	495.4649	554.479	11.686			77062	468224	2	9	3	0.58	221	67	80058	487165	31.9	0	100	0	0	0	495.4649	1	11.684	0.136	0.544	2434	191069	797720	21888	0	0	495.4649	11.684	0			
1107	697.359	696.3515	9.506			44651	335851	2	3		0.26	220	68	37984	265410	13.1	0	100	0	0	0	697.359	1	9.517	0.13	0.724	9326	112169	797525	103273	0	0	697.359	9.517	0			
1108	713.5001	712.4918	12.748			17512	201321	2	9	2	5	100	188	14675	169334	53.8	0	100	0	0	0	713.4991	1	12.724	0.498	1.551	894	64564	797246	1870	0	0	713.4991	12.724	0			
1109	749.5006	748.4919	11.941			41198	255081	2	10	1	3.54	189	99	43903	223837	33.8	0	100	0	0	0	749.4997	1	11.94	0.464	0.924	4233	104251	795563	24044	0	0	749.4997	11.94	0			
1110	283.2361	328.2361	10.686			19772	119716	2	3		2.53	190	98	16914	96623	36.5	0	100	0	0	0	283.2362	1	10.688	0.248	0.354	3461	132602	793781	9904	0	0	283.2362	10.688	0			
1111	508.2799	507.2726	9.953	C24 H45 O9 P	"PG(18:2(9Z,12Z)/0:0)"	34823	216635	2	3		0.37	141	147	26317	200740	17.6	0	100	0	0	0	508.2799	1	9.969	0.462	0.442	1026	145040	1023456	3901	0	0	508.2799	9.969	0			LMGP04050014
1112	647.6216	692.6198	12.692	C42 H81 N O3	Ceramide (d18:1/24:1(15Z))	24314	129934	2	3	1	1.45	281	7	20247	111624	18	0	100	0	0	0	647.6216	1	12.699	0.258	0.416	1123	162686	793125	1574	0	0	693.6268	12.699	0	54164-50-0	HMDB04953	
1113	665.3919	664.3826	10.391			26400	306225	2	8	1	3.31	264	24	25290	308235	31.1	0	100	0	0	0	665.3913	1	10.389	0.341	0.863	751	73589	790896	2281	0	0	665.3913	10.389	0			
1114	422.1628	421.1551	7.626	C22 H23 Cl N6 O	Losartan	35607	199720	3	6	1	7.43	232	56	32757	186863	22.1	0	100	0	0	0	422.1623	1	7.637	0.336	0.591	1504	155847	790449	10976	0	0	422.1623	7.637	0	114798-26-4	HMDB14816	
1115	369.324	368.3169	10.56	C22 H43 N O3	N-palmitoyl leucine	25659	130405	2	4		0.76	237	51	18730	74172	20.2	0	100	0	0	0	369.3241	1	10.564	0.167	0.493	2092	145714	789895	4837	0	0	369.3241	10.564	0			LMFA08020115
1116	571.5169	606.4868	11.696	C34 H69 N O5	Cer(t18:0/16:0(2OH))	34564	283912	4	10		1.89	268	20	32830	270380	23	0	100	0	0	0	571.5171	1	11.708	0.323	0.755	2659	101138	788668	29452	0	0	571.5171	11.708	0			LMSP02030015
1117	184.1096	183.1027	4.918	C10 H16 O3	Ascariadole epoxide	47645	209829	2	3	1	2.39	284	4	38618	180405	18.7	0	100	0	0	0	184.1098	1	4.92	0.183	0.539	1151	193526	787512	5001	0	0	184.1098	4.92	0		HMDB59671	
1118	811.5696	810.5594	11.912			40934	276518	2	12		4.11	188	100	40511	286520	34.2	0	100	0	0	0	811.5702	1	11.928	0.42	0.642	1914	173135	786982	38347	0	0	811.5702	11.928	0			
1119	806.5609	805.5582	12.435			37942	265069	2	7	1	7.19	155	133	34533	229205	36.6	0	100	0	0	0	806.5631	1	12.443	0.434	1.017	918	177058	786780	3809	0	0	806.5631	12.443	0			
1120	313.084	348.0534	1.259	C11 H15 N5 O4 S	(S)-5'-Deoxy-5'-(methylsulfinyl)adenosine	15130	217561	3	5	2	0.95	258	30	12332	184887	29	0	170.44	0	0	0	313.084	1	1.255	0.358	0.991	1796	51445	786742	36283	0	0	313.084	1.255	0	897-42-7	HMDB33662	
1121	567.6733	1134.34	0.573			2921	55198	2	6		2.94	141	147	1783	30910	150.8	0	100	0	0	0	567.6732	1	0.557	0.365	0.524	814	35170	784873	4914	0	0	567.6732	0.557	0			
1122	450.1569	449.1497	7.575	C20 H26 N4 O6 S	Trp Met Asp	123711	454389	2	5	1	2.82	114	174	101387	446779	16.1	0	100	0	0	0	450.157	1	7.608	0.55	1.551	23952	465417	782961	78214	0	0	450.157	7.608	0			
1123	729.4954	764.4648	9.547	C39 H72 N O9 P	"PS(P-16:0/17:2(9Z,12Z))"	17445	93500	2	4		2.78	233	55	15369	84192	29.3	0	100	0	0	0	729.4954	1	9.55	0.261	0.447	894	178909	782620	1342	0	0	765.4607	9.55	0			LMGP03030011
1124	365.2643	364.259	8.293			61328	244955	2	3		4.64	271	17	54789	215468	13	0	100	0	0	0	365.2649	1	8.293	0.087	0.344	7895	177857	781262	22222	0	0	365.2649	8.293	0			
1125	591.3534	590.3461	10.583			59537	342552	2	3	1	0.96	282	6	60728	347178	19.8	0	100	0	0	0	591.3533	1	10.591	0.221	1.233	1061	113447	777919	3460	0	0	591.3533	10.591	0			
1126	298.287	297.2791	11.333	C19 H38 O2	3-Methyl-3-butenyl tetradecanoate	105218	468956	2	5	1	2.34	218	70	103838	468216	16.2	0	87	0	0	0	298.2871	1	11.345	0.249	0.457	2613	269607	1226855	12769	0	0	298.2871	11.345	0			LMFA07010582
1127	759.5804	794.57	12.578	C45 H82 N O8 P	"PE(22:1(11Z)/18:3(9Z,12Z,15Z))"	25087	247833	2	9	3	6.79	151	137	22348	203372	26.4	0	100	0	0	0	759.5791	1	12.587	0.43	0.986	4234	173337	779235	13936	0	0	759.5791	12.587	0			LMGP02011055
1128	154.1353	153.1283	5.515	C10 H18 O	1-Methyl-4-(methylethyl)-(E)-2-cyclohexenol	43831	161386	2	2	1	4.15	265	23	33799	123483	3.1	0	100	0	0	0	154.1357	1	5.517	0.086	0.226	11431	187210	778700	44424	0	0	154.1357	5.517	0			
1129	467.3361	466.3301	10.503	C23 H50 N O6 P	PE(O-18:0/0:0)	45648	196659	2	3		4.71	101	187	45915	168114	42.4	0	100	0	0	0	467.3363	1	10.531	0.46	0.334	1119	228510	778697	1895	0	0	467.3363	10.531	0			LMGP02060003
1130	220.8546	255.8221	0.474			16058	224793	2	10	2	10.16	115	173	12437	172705	42.3	0	180.97	0	0	0	220.8546	1	0.484	0.446	0.652	2125	126104	776498	11609	0	0	220.8546	0.484	0			
1131	847.6085	892.6072	12.729	C49 H86 N O8 P	"PE(24:1(15Z)/20:5(5Z,8Z,11Z,14Z,17Z))"	25064	334474	2	7	2	2.39	221	67	24700	348066	25.1	0	100	0	0	0	847.6087	1	12.726	0.407	1.084	1828	61283	776430	7940	0	0	847.6087	12.726	0		HMDB09764	
1132	344.2921	379.2614	10.52	C20 H40 O4	"10,20-Dihydroxyeicosanoic acid"	17837	221338	2	10	1	2.84	263	25	16603	210318	23.3	0	100	0	0	0	344.2922	1	10.517	0.42	1.505	1018	52436	775222	2980	0	0	344.2922	10.517	0	120727-26-6	HMDB31923	
1133	799.5099	844.5106	12.174			55909	326728	2	10	1	4.76	84	204	28837	274638	19	1	100	0	0	0	799.5102	1	12.18	0.367	0.663	2717	1572438	773286	23210	0	0	799.5102	12.18	0			
1134	250.1931	249.186	9.26	C16 H26 O2	"(E)-2-Hexenyl (E)-7,9-decadienoate"	67749	263465	2	8	1	2.32	206	82	52712	201542	17.5	0	100	0	0	0	250.1931	1	9.259	0.311	0.94	6150	218123	772364	48885	0	0	250.1931	9.259	0			LMFA07010584
1135	698.3648	697.3572	10.937	C39 H54 O11	Heudelottin C	15449	166700	2	4		2.7	265	23	15094	156405	40.4	0	100	0	0	0	698.3644	1	10.944	0.339	0.832	861	64630	772309	3031	0	0	698.3644	10.944	0	11052-28-1		
1136	619.3481	618.341	9.962			24108	300636	2	8	1	0.97	247	41	23314	269217	11.3	0	100	0	0	0	619.3481	1	9.986	0.342	0.873	1177	44226	770659	4979	0	0	619.3481	9.986	0			
1137	851.5102	850.5029	11.652			61921	454290	2	11	1	1.25	220	68	63946	459987	10.9	0	100	0	0	0	851.5102	1	11.66	0.169	0.642	1217	108683	766630	3357	0	0	851.5102	11.66	0			
1138	384.3602	383.353	11.87	C24 H48 O3	15-methoxy-tricosanoic acid	25584	67734	2	3		0.55	254	34	16451	42889	41.9	0	100	0	0	0	384.3602	1	11.874	0.245	0.267	3570	291937	766313	7717	0	0	384.3602	11.874	0			LMFA01080016
1139	322.1625	321.1554	3.053	C14 H26 O8	Butyl 3-O-beta-D-glucopyranosyl-butanoate	14013	57320	2	4		0.74	262	26	11203	45677	9.3	0	100	0	0	0	322.1625	1	3.057	0.225	0.19	3215	191346	766155	12609	0	0	322.1625	3.057	0			LMFA13010043
1140	377.1543	412.1237	10.578	C21 H25 Cl F N O2	Haloperidol (reduced); 4-(4-Chlorophenyl)-a-(4-fluorophenyl)-4-hydroxy-1-piperidinebutanol	4895	37363	3	5		5.1	124	164	2265	11265	56.8	0	100	0	0	0	377.1543	1	10.575	0.182	0.205	728	83690	765187	1598	0	0	413.1309	10.575	0	34104-67-1		
1141	302.1729	361.1872	8.862	C15 H26 O6	Tributyrin	20957	192435	3	7		1.49	274	14	18753	171826	9.8	0	100	0	0	0	302.1731	1	8.863	0.091	0.889	2797	69936	764733	11449	0	0	302.1731	8.863	0	60-01-5		
1142	454.2016	453.1944	10.384			20453	226385	2	4	1	2.8	219	69	19961	208480	36.4	0	100	0	0	0	454.2015	1	10.389	0.36	0.719	1114	61823	764443	4864	0	0	454.2015	10.389	0			
1143	436.2806	931.5794	9.546	C25 H40 O6	Diacetyl-10-gingerdiol	40137	346445	2	9	2	5.7	112	176	33775	244598	22.7	0	100	0	0	0	436.282	1	9.547	0.276	0.955	1722	162052	764102	4619	0	0	436.282	9.547	0			
1144	653.5955	688.5653	12.24			18765	145657	4	8	1	2.81	160	128	17470	135328	25.2	0	100	0	0	0	653.5954	1	12.246	0.112	0.94	1309	109951	762408	4742	0	0	653.5954	12.246	0			
1145	564.5582	563.5543	10.666			25016	210930	2	2		1.43	237	51	24651	183751	17.7	0	100	0	0	0	564.5581	1	10.673	0.159	0.472	3458	51082	761173	12252	0	0	564.5581	10.673	0			
1146	134.0193	133.0115	0.321			166942	484128	2	4	1	2.89	195	93	159572	461082	22.9	0	181.06	0	0	0	134.0193	1	0.309	0.143	0.621	32644	409205	1102097	168733	0	0	134.0193	0.309	0			
1147	681.6268	680.6195	12.819			31781	181954	2	5		1.42	266	22	28868	171058	22.6	0	100	0	0	0	681.6268	1	12.827	0.226	0.406	1147	148644	759879	1941	0	0	681.6268	12.827	0			
1148	863.5687	862.5573	12.02	C48 H82 N O10 P	"PS(20:0/22:6(4Z,7Z,10Z,13Z,16Z,19Z))"	31956	220444	2	10		3.69	216	72	29994	195160	32.7	0	100	0	0	0	863.568	1	11.995	0.475	1.15	1563	108399	756102	14047	0	0	863.568	11.995	0			LMGP03010861
1149	516.3117	515.3047	10.2	C31 H48 O2 S2	Probucol	32012	282084	2	3		1.14	219	69	26084	237815	18.2	0	100	0	0	0	516.3117	1	10.204	0.239	0.529	2542	129790	755010	11070	0	0	516.3117	10.204	0	23288-49-5	HMDB15537	
1150	394.3057	393.2985	11.623			65700	208945	2	3	1	0.38	284	4	62681	186436	28.2	0	100	0	0	0	394.3057	1	11.631	0.247	0.272	6488	221105	753685	9738	0	0	394.3057	11.631	0			
1151	344.2349	343.2277	9.311	C22 H32 O3	3-Hydroxyneogrifolin	70431	383798	2	14	1	0.83	153	135	69697	350196	21.3	0	100	0	0	0	344.2349	1	9.332	0.296	1.012	3507	167491	1128942	54234	0	0	344.2349	9.332	0		HMDB39885	
1152	197.0323	196.025	3.009	C8 H7 N O5	TRIBOA	27502	133801	2	2	1	0.72	185	103	17555	85538	5.9	0	100	0	0	0	197.0323	1	3.014	0.086	0.272	1869	149151	751557	6341	0	0	197.0323	3.014	0			
1153	880.5099	879.5013	12.42	C47 H77 O13 P	"PI(16:1(9Z)/22:6(4Z,7Z,10Z,13Z,16Z,19Z))"	34770	274342	2	12		4.13	50	238	27288	226879	34.9	0	100	0	0	0	880.5097	1	12.443	0.329	1.818	2050	157024	1193686	16512	0	0	880.5097	12.443	0			LMGP06010869
1154	626.4206	625.4133	10.593			11506	102046	2	7		5.3	128	160	6916	54826	56.8	0	100	0	0	0	626.4207	1	10.571	0.445	0.411	900	57652	749428	1100	0	0	626.4207	10.571	0			
1155	512.2044	511.1973	10.619	C28 H32 O9	Physalin M	18672	167256	2	3		1.83	76	212	13073	85076	22.2	0	100	0	0	0	512.2045	1	10.62	0.355	0.365	883	62076	748732	876	0	0	512.2045	10.62	0	117591-92-1	HMDB34342	
1156	735.5207	780.5294	12.095	C41 H80 N O8 P	PE(22:1(11Z)/14:0)	40941	391160	2	17	1	3.89	152	136	41401	369392	26.5	0	100	0	0	0	735.52	1	12.1	0.519	1.192	1547	173428	748695	17499	0	0	735.52	12.1	0			LMGP02011042
1157	515.2908	514.2842	7.202	C26 H45 N O7 S	Taurocholic acid	20390	172670	2	3	1	3.19	183	105	15263	136087	20	0	100	0	0	0	515.2911	1	7.203	0.579	0.406	1780	99688	748576	4975	0	0	515.2911	7.203	0	81-24-3	HMDB00036	LMST05040001
1158	613.2596	612.2517	7.758			15243	224259	2	3	1	2.56	223	65	15904	189993	21	0	100	0	0	0	613.2593	1	7.774	0.375	0.909	848	43378	748364	3009	0	0	613.2593	7.774	0			
1159	104.0455	103.0377	0.412			86828	356413	2	4	1	7.34	178	110	76616	341568	18.7	0	178.51	0	0	0	104.0453	1	0.402	0.31	0.447	4300	245561	746836	24634	0	0	104.0453	0.402	0			
1160	632.4891	631.482	11.536	C34 H69 N2 O6 P	PE-Cer(d16:1(4E)/16:0)	36368	147746	2	3		0.32	272	16	31724	133588	19	0	100	0	0	0	632.489	1	11.544	0.116	0.406	4177	226049	745071	11650	0	0	632.489	11.544	0			LMSP03020019
1161	658.515	657.5093	10.092			35986	193270	2	5	2	2.42	248	40	32064	158459	20.1	0	100	0	0	0	658.5152	1	10.099	0.336	0.303	1825	164665	745055	5993	0	0	658.5152	10.099	0			
1162	525.4757	560.4448	11.671			26702	219621	2	10	1	3.98	143	145	24589	204346	22.1	0	100	0	0	0	525.4754	1	11.669	0.217	0.683	2502	88622	743050	6775	0	0	525.4754	11.669	0			
1163	843.6806	842.6734	12.266			46060	271173	2	13	1	3.54	119	169	40350	273921	30.6	0	100	0	0	0	843.6801	1	12.259	0.343	1.305	1746	372636	742524	6761	0	0	843.6801	12.259	0			
1164	135.0544	134.0471	0.975	C5 H5 N5	Adenine	20261	131099	2	2	1	0.58	223	65	16363	102935	19.6	0	183.24	0	0	0	135.0544	1	0.972	0.335	0.36	4231	108519	742205	14885	0	0	135.0544	0.972	0	73-24-5	HMDB00034	
1165	687.5281	746.5422	11.343			52960	469454	2	15	3	0.41	114	174	50194	456848	20	0	100	0	0	0	687.5281	1	11.34	0.093	1.762	18850	189555	741348	143839	0	0	687.5281	11.34	0			
1166	733.506	778.5147	12.027	C40 H77 N O11 S	C16 Sulfatide	52290	318972	2	6	3	5.75	116	172	55109	343048	36.2	0	100	0	0	0	733.5045	1	12.026	0.363	0.683	1196	307025	741089	3754	0	0	733.5045	12.026	0			LMSP06020002
1167	533.3114	532.3037	9.684			48026	369071	2	8	1	2.12	219	69	41005	338331	17.3	0	100	0	0	0	533.3114	1	9.688	0.417	1.418	2315	145955	861416	9837	0	0	533.3114	9.688	0			
1168	805.5573	804.5537	12.202			66174	404394	2	10	1	3.84	168	120	66642	410928	17.9	0	100	0	0	0	805.5562	1	12.21	0.472	0.472	781	158600	740024	5052	0	0	805.5562	12.21	0			
1169	633.3999	692.4138	10.586			45832	328250	2	11		3.29	250	38	44403	330191	23.4	0	100	0	0	0	633.4	1	10.592	0.285	0.96	1241	107130	739407	12813	0	0	633.4	10.592	0			
1170	569.5012	568.4944	11.708			42642	150024	2	11	1	3.31	220	68	25684	140996	35.7	0	100	0	0	0	569.5009	1	11.704	0.404	0.683	1484	652085	738406	5974	0	0	569.5009	11.704	0			
1171	362.1004	361.0933	0.644	C18 H18 O8	"5,7,3'-Trihydroxy-6,4',5'-trimethoxyflavanone"	18321	243818	2	4	1	0.53	240	48	16952	219348	20.1	0	183.58	0	0	0	362.1004	1	0.652	0.118	0.534	5649	46041	733400	125151	0	0	362.1004	0.652	0			LMPK12140637
1172	1022.5637	1021.557	7.015	C57 H82 O16	CTX 3C	19076	128591	4	5	1	1.28	288	0	15820	103251	9.7	0	100	0	0	0	1022.5636	1	7.017	0.224	0.765	3391	129281	732765	21101	0	0	1022.5636	7.017	0	148471-85-6		
1173	605.3688	650.3672	10.065			55483	411779	2	10	2	1.24	212	76	53290	415782	12	0	100	0	0	0	605.3688	1	10.073	0.342	0.462	10314	115332	860427	91230	0	0	605.3688	10.073	0			
1174	208.1456	207.1391	6.532	C13 H20 O2	"(3R,8E)-3-Hydroxy-5,8-megastigmadien-7-one"	15634	108095	2	4	1	4.67	288	0	12830	99748	14.8	0	100	0	0	0	208.1462	1	6.531	0.36	0.719	2056	145770	732651	18747	0	0	208.1462	6.531	0	35734-61-3	HMDB41636	
1175	421.2488	456.2181	10.556			33327	275569	2	3	1	2.06	264	24	35693	267906	22.9	0	100	0	0	0	421.2488	1	10.556	0.503	0.483	4260	67647	731916	26051	0	0	421.2488	10.556	0			
1176	391.2751	390.2682	9.651	C20 H41 N O4 S	N-stearoyl taurine	18484	79037	2	3		3.45	255	33	14150	55928	19.8	0	100	0	0	0	391.2753	1	9.661	0.243	0.349	1132	177324	731823	2905	0	0	391.2753	9.661	0	63155-80-6		LMFA08020078
1177	269.1529	304.1223	4.708	C16 H19 N3 O	Dihydrolysergic acid amide	20300	139639	2	3	1	1.88	270	18	16898	111243	11.1	0	100	0	0	0	269.1529	1	4.708	0.284	0.272	1019	107780	729043	3078	0	0	305.1294	4.708	0	2410-19-7		
1178	332.1593	391.1736	6.777	C14 H24 N2 O7	Spectinomycin	35197	221779	3	7	1	2.47	288	0	34613	215875	1.4	0	100	0	0	0	332.1597	1	6.778	0.167	0.786	17163	140648	728239	89652	0	0	332.1597	6.778	0	1695-77-8		
1179	425.2534	424.2449	8.542			22156	166061	2	4		4.11	174	114	20906	128686	18.4	0	100	0	0	0	425.2537	1	8.541	0.379	1.125	702	67199	727992	2892	0	0	425.2537	8.541	0			
1180	456.1502	455.1433	4.3			10509	93021	3	4	1	1.39	288	0	10219	88476	22.4	0	100	0	0	0	456.1504	1	4.293	0.385	1.022	3618	67764	724690	41203	0	0	456.1504	4.293	0			
1181	127.0094	126.0019	1.329	C5 H5 N O S	2-Acetylthiazole	27514	185919	2	2	1	1.16	263	25	24570	163279	38.2	0	125.01	0	0	0	127.0094	1	1.328	0.057	0.426	3235	99513	723677	12940	0	0	127.0094	1.328	0	24295-03-2	HMDB32964	
1182	626.5198	1312.0567	12.241			19170	262899	2	6		5.72	258	30	19391	276341	43	0	100	0	0	0	626.5212	1	12.237	0.503	0.673	1174	55965	720978	2949	0	0	626.5212	12.237	0			
1183	579.3166	578.3094	8.338			18660	138966	2	5	1	1.16	233	55	16594	121753	21.2	0	100	0	0	0	579.3169	1	8.337	0.401	1.294	3031	79229	719173	15107	0	0	579.3169	8.337	0			
1184	437.1993	482.1975	10.182	C21 H31 N3 O5 S	N-Formylmethionyl-leucylphenylalanine	50306	374352	2	3	1	0.91	138	150	53317	404175	34.8	0	100	0	0	0	437.1993	1	10.163	0.321	0.329	871	92636	736285	2882	0	0	483.2047	10.163	0	59880-97-6		
1185	226.1932	225.1861	9.333	C14 H26 O2	5-Methyl-2E-tridecenoic acid	75010	295720	2	3	1	0.58	243	45	62195	251861	23.1	0	100	0	0	0	226.1932	1	9.326	0.289	0.514	2213	227494	799556	7826	0	0	226.1932	9.326	0			LMFA01020108
1186	724.502	723.4966	13.305	C41 H73 O8 P	"PA(16:0/22:4(7Z,10Z,13Z,16Z))"	15748	131427	2	6	2	4.96	152	136	4946	47973	115	0	96.08	0	0	0	724.5023	1	13.296	0.456	0.95	842	209788	1331815	3715	0	0	724.5023	13.296	0			LMGP10010970
1187	672.5281	671.5204	11.185			18749	150643	2	5		0.62	173	115	14700	110930	22.6	0	100	0	0	0	672.5282	1	11.181	0.288	0.719	2811	104746	712799	15478	0	0	672.5282	11.181	0			
1188	590.5244	589.5174	11.157			20745	187659	2	4	1	4.08	111	177	14828	134434	26.3	0	100	0	0	0	590.5246	1	11.157	0.241	0.421	2486	105146	712347	5562	0	0	590.5246	11.157	0			
1189	790.6185	789.6103	12.408			27489	132046	2	4		6.31	153	135	14246	82617	31.4	0	100	0	0	0	790.6187	1	12.431	0.457	0.411	2211	118869	711929	17051	0	0	790.6187	12.431	0			
1190	611.258	670.2716	9.26			22044	194001	2	5	1	2.84	134	154	15162	113505	35.2	0	100	0	0	0	611.2576	1	9.257	0.161	0.853	910	86296	710171	6063	0	0	611.2576	9.257	0			
1191	669.554	668.5473	11.343			44721	213071	2	5	1	0.4	165	123	28056	147154	19.2	0	100	0	0	0	669.554	1	11.322	0.569	0.693	1295	172405	697849	6344	0	0	669.554	11.322	0			
1192	371.3034	370.2962	10.355	C21 H41 N O4	N-stearoyl serine	55442	239269	2	3		0.36	272	16	48132	215854	5.8	0	100	0	0	0	371.3034	1	10.362	0.126	0.293	5412	163025	706914	20303	0	0	371.3034	10.362	0			LMFA08020102
1193	867.4898	866.4823	10.528			14789	296614	2	8		2.69	252	36	15080	295565	31.7	0	100	0	0	0	867.4896	1	10.529	0.382	0.847	980	29462	705806	8084	0	0	867.4896	10.529	0			
1194	963.4333	962.4258	7.662			33189	275075	5	6		2.28	195	93	29131	239631	11.6	0	100	0	0	0	963.4331	1	7.688	0.54	1.063	2279	111251	698995	20389	0	0	963.4331	7.688	0			
1195	677.5706	722.5688	12.13	C38 H80 N O6 P	PE-NMe(O-16:0/O-16:0)	69744	332581	2	3		3.21	277	11	78294	381912	32	0	100	0	0	0	677.5706	1	12.13	0.203	1.022	1177	151667	696440	3450	0	0	723.5761	12.13	0			LMGP02040012
1196	636.4613	635.4527	11.808	C37 H64 O8	9-Oxoasimicinone	21737	89193	2	5		7.22	195	93	10226	49479	50.6	0	98.5	0	0	0	636.46	1	11.826	0.294	0.503	819	202417	693024	1764	0	0	636.46	11.826	0		HMDB32949	
1197	597.2943	596.2869	7.954			48900	370770	2	3	1	0.79	89	199	48690	422919	31.8	0	100	0	0	0	597.2944	1	7.967	0.497	0.642	1010	109881	747436	2432	0	0	597.2944	7.967	0			
1198	385.2614	384.2542	9.771			48976	194369	2	4		0.62	268	20	37019	143619	14.9	0	100	0	0	0	385.2614	1	9.779	0.202	0.437	1300	185483	691197	7912	0	0	385.2614	9.779	0			
1199	352.1513	351.1449	7.424	C18 H24 O7	Coriandrone D	84072	366116	3	4	1	2.74	277	11	82971	368887	8.1	0	100	0	0	0	352.152	1	7.427	0.195	0.508	17318	193760	690437	58497	0	0	352.152	7.427	0	177795-33-4	HMDB29972	
1200	687.4097	746.4241	10.497			12462	186944	2	7		2.9	266	22	10881	168649	39.2	0	100	0	0	0	687.4101	1	10.517	0.431	0.832	880	27618	689870	2818	0	0	687.4101	10.517	0			
1201	100.0888	145.087	2.624	C6 H12 O	Hexan-3-one	54016	259672	3	3	1	0.98	279	9	45183	225887	1.4	0	100	0	0	0	100.0888	1	2.626	0.09	0.704	13369	148477	689784	71616	0	0	100.0888	2.626	0			LMFA12000049
1202	555.1958	614.2096	7.839	C26 H37 N O8 S2	Tiapamil	28229	299668	2	4	1	0.41	175	113	24433	290918	24.9	0	100	0	0	0	555.1958	1	7.846	0.328	0.883	1292	205796	689017	8025	0	0	615.2166	7.846	0	57010-31-8		
1203	521.3112	580.325	9.913			35948	300627	2	5		0.73	263	25	35622	281566	13	0	100	0	0	0	521.3112	1	9.908	0.201	0.909	981	82714	685049	10998	0	0	521.3112	9.908	0			
1204	743.5452	742.539	13.12			26223	364548	2	13	3	3.6	141	147	24250	357426	42.4	0	100	0	0	0	743.5459	1	13.122	0.423	1.423	1194	112475	1191361	7551	0	0	743.5459	13.122	0			
1205	502.247	501.2419	10.614	C19 H34 N8 O8	Streptothricin F	13972	145921	2	2		6.5	17	271	10033	87030	97.1	0	100	0	0	0	502.249	1	10.587	0.153	0.349	769	64050	684489	2974	0	0	502.249	10.587	0	3808-42-2		
1206	264.2083	263.2014	9.716	C17 H28 O2	"Methyl 7,10,13-hexadecatrienoate"	21598	223159	2	5	1	1.91	266	22	20784	209093	21.3	0	100	0	0	0	264.2085	1	9.701	0.43	1.14	1840	104985	683615	8699	0	0	264.2085	9.701	0			
1207	176.0301	175.0222	0.41			45320	244621	2	9	3	8.87	85	203	27939	167971	40.8	0	124.15	0	0	0	176.0302	1	0.399	0.365	1.027	1623	293396	682587	5182	0	0	176.0302	0.399	0			
1208	364.2376	363.2311	9.647			50380	299048	3	8	2	1.66	221	67	43128	242229	13.2	0	100	0	0	0	364.2377	1	9.627	0.231	0.668	12430	135612	810784	59133	0	0	364.2377	9.627	0			
1209	250.0739	249.0665	4.289	C15 H10 N2 O2	2-Methoxycanthin-6-one	18318	144049	2	5	1	0.54	288	0	18981	142313	4.1	0	100	0	0	0	250.0739	1	4.29	0.148	0.827	8734	33091	680711	51179	0	0	250.0739	4.29	0	116353-93-6	HMDB41064	
1210	497.2525	556.2663	8.196	C27 H35 N3 O6	"N1,N10-Diferuloylspermidine"	35882	277672	2	5		1.13	171	117	29928	219457	21.1	0	100	0	0	0	497.2525	1	8.182	0.189	1.13	3038	121805	678203	27211	0	0	557.275	8.182	0	70185-61-4	HMDB33471	
1211	1469.162	1528.1736	12.269			14700	239679	2	12		3.36	223	65	14559	245548	38.8	0	100	0	0	0	1469.162	1	12.276	0.145	0.339	745	40847	675742	1833	0	0	1469.162	12.276	0			
1212	770.3862	769.3787	10.857			22159	458861	4	5		3.09	167	121	19891	434930	17.2	0	100	0	0	0	770.3856	1	10.863	0.164	1.274	1715	86775	2455701	33728	0	0	770.3856	10.863	0			
1213	673.3935	672.3878	10.376			17696	300204	2	12		4.25	268	20	16992	311246	23.4	0	100	0	0	0	673.3945	1	10.373	0.354	1.433	1009	40040	674702	4952	0	0	673.3945	10.373	0			
1214	566.2158	565.2091	6.662	C31 H34 O10	100-1	73168	347530	2	3	1	1.13	287	1	71756	344285	4.6	0	100	0	0	0	566.2161	1	6.665	0.093	0.37	36553	155639	674533	170049	0	0	566.2161	6.665	0			
1215	178.0301	223.0283	6.193	C6 H10 O4 S	"3,3'-Thiobispropanoic acid"	17981	210809	2	2		4.48	269	19	18140	206117	28.2	0	100	0	0	0	178.0301	1	6.193	0.163	0.58	2566	41661	672790	13775	0	0	224.0354	6.193	0	111-17-1	HMDB31162	
1216	625.511	624.503	12.756			39517	181172	2	7	1	5.32	211	77	32551	154710	28.6	0	100	0	0	0	625.5102	1	12.761	0.411	0.606	1255	174841	671651	3205	0	0	625.5102	12.761	0			
1217	1341.059	1340.0521	12.199			19353	254633	3	18		2.71	260	28	19820	284233	28.8	0	100	0	0	0	1341.0587	1	12.209	0.383	1.007	1558	63246	671347	6001	0	0	1341.0587	12.209	0			
1218	392.2901	391.2828	11.329			36005	227585	2	4	1	0.89	209	79	27154	193532	35.7	0	100	0	0	0	392.2901	1	11.323	0.34	0.385	1401	143416	669892	1640	0	0	392.2901	11.323	0			
1219	593.332	592.3248	8.345			22265	156300	2	3		2.58	159	129	20622	145792	19.4	0	100	0	0	0	593.332	1	8.338	0.206	0.673	2089	132158	669797	3927	0	0	593.332	8.338	0			
1220	298.2304	343.2276	9.686	C18 H35 Cl O3	9-chloro-10-hydroxy-octadecanoic acid	61245	380955	2	6	2	5.84	168	120	56739	402040	19.2	0	100	0	0	0	298.2295	1	9.694	0.456	1.002	4037	194140	1133452	24414	0	0	298.2295	9.694	0			LMFA01090055
1221	791.6032	790.5961	12.298			89149	500566	2	14	1	3.7	86	202	102329	557795	23.4	0	100	0	0	0	791.6034	1	12.3	0.184	0.39	2437	128206	759022	8888	0	0	791.6034	12.3	0			
1222	592.5064	627.4758	12.553	C37 H68 O5	"DG(12:0/22:2(13Z,16Z)/0:0)[iso2]"	21123	179387	2	4		1.3	262	26	11447	114937	41.5	0	100	0	0	0	592.5064	1	12.553	0.43	0.883	1001	97638	662782	1558	0	0	628.483	12.553	0			LMGL02010349
1223	166.0481	165.0409	2.63	C5 H10 O6	L-Xylonate	33953	354369	2	3	2	0.54	283	5	33871	349532	15	0	100	0	0	0	166.048	1	2.63	0.098	0.503	3102	61691	662392	18405	0	0	166.048	2.63	0			
1224	392.1111	391.104	0.947	C19 H20 O9	"b-D-Glucopyranuronic acid, 1-(6-methoxy-2-naphthaleneacetate)"	18710	191883	2	2	1	0.3	269	19	16821	169876	26.6	0	152.82	0	0	0	392.1111	1	0.951	0.202	0.76	3624	56822	662029	22573	0	0	392.1111	0.951	0	91488-21-0		
1225	733.4697	732.4629	10.66	C41 H68 N O8 P	"PE(22:6(4Z,7Z,10Z,13Z,16Z,19Z)/14:1(9Z))"	20893	246663	2	4		1.56	223	65	20331	228273	21	0	100	0	0	0	733.4697	1	10.663	0.202	0.586	900	38416	661975	4707	0	0	733.4697	10.663	0		HMDB09680	
1226	410.0032	444.9726	7.38	C16 H21 Br Cl2 O3	"13-bromo-10R,11R-dichloro-7,11-dimethyl-3-methylene-4R-hydroxy-6E,8E,12E-tridecatrienoic acid"	35920	259014	2	2	1	1.94	288	0	33949	260497	5.9	0	100	0	0	0	410.0032	1	7.382	0.173	0.411	23686	180462	660524	108691	0	0	445.9797	7.382	0			LMPR0103010027
1227	736.571	735.5652	11.928			36344	199623	2	4		3.33	193	95	33392	188138	28	0	100	0	0	0	736.5709	1	11.934	0.265	0.334	775	216940	658660	1499	0	0	736.5709	11.934	0			
1228	502.3653	561.3799	11.452	C31 H50 O5	Ganoderiol I	30836	139689	2	4		2.35	253	35	27253	124053	26	0	100	0	0	0	502.3655	1	11.47	0.413	0.734	808	154304	658256	3741	0	0	502.3655	11.47	0	114567-49-6	HMDB37778	
1229	415.2746	474.2857	10.926			27307	343452	2	8		3.36	177	111	23006	329439	21.9	0	100	0	0	0	415.2752	1	10.948	0.409	1.145	4071	126458	657254	39347	0	0	415.2752	10.948	0			
1230	751.5149	796.5251	11.984	C41 H80 N O9 P	PS(P-20:0/15:0)	56968	349565	2	12	3	3.63	218	70	60632	387900	29.6	0	100	0	0	0	751.5149	1	11.996	0.549	1.202	740	111046	655751	1503	0	0	751.5149	11.996	0			LMGP03030060
1231	573.3326	572.3248	8.449	C33 H43 N5 O4	Amphibine A	50039	290658	2	4	1	1.57	75	213	40956	285605	25.9	0	100	0	0	0	573.333	1	8.458	0.28	0.611	8297	272280	655735	23027	0	0	573.333	8.458	0	36535-97-4		
1232	731.5905	790.6045	11.683			23388	245035	3	10		3.56	221	67	22179	241413	30.2	0	100	0	0	0	731.5901	1	11.696	0.423	0.652	2001	85813	654079	15440	0	0	731.5901	11.696	0			
1233	252.2427	251.2369	9.664			32601	186843	2	4		5.15	265	23	28152	161108	9.4	0	100	0	0	0	252.2428	1	9.672	0.154	0.472	1886	114546	653985	12563	0	0	252.2428	9.672	0			
1234	752.5669	751.5603	11.59			34284	211402	3	7	2	1.38	223	65	31998	203152	19.7	0	100	0	0	0	752.5673	1	11.591	0.261	1.253	750	125002	651325	4430	0	0	752.5673	11.591	0			
1235	390.2533	389.246	9.923			58545	327511	2	6	1	1.36	210	78	59148	320116	19.9	0	100	0	0	0	390.2533	1	9.922	0.222	0.627	1222	168190	650574	5315	0	0	390.2533	9.922	0			
1236	398.2336	397.2264	9.755			33658	266464	2	3		3.76	222	66	31903	247336	45.3	0	100	0	0	0	398.2336	1	9.729	0.403	0.765	965	163555	649831	5205	0	0	398.2336	9.729	0			
1237	368.2542	413.2466	10.179			34229	177521	2	5	1	7.83	186	102	27045	140980	42.2	0	100	0	0	0	368.254	1	10.229	0.553	1.14	1324	239223	649650	5308	0	0	368.254	10.229	0			
1238	566.216	565.2091	7.189	C31 H34 O10	100-1	43022	243676	2	6	1	0.8	215	73	38815	231755	7.1	0	100	0	0	0	566.2162	1	7.189	0.119	0.74	14574	120500	649460	70311	0	0	566.2162	7.189	0			
1239	322.0506	321.0461	0.331			19454	85086	2	7		5.24	237	51	9073	60427	36.7	0	174.1	0	0	0	322.0506	1	0.323	0.323	0.77	939	226557	647963	1770	0	0	322.0506	0.323	0			
1240	288.1717	287.164	8.156	C18 H24 O3	O-Geranylvanillin	21188	274815	2	3	1	2.99	261	27	20636	243842	18.6	0	100	0	0	0	288.1723	1	8.155	0.139	0.668	6453	38077	647355	42497	0	0	288.1723	8.155	0	151455-08-2	HMDB40864	
1241	147.0529	146.0456	0.32	C5 H9 N O4	L-Glutamic acid	90219	255930	2	2	2	5.9	136	152	99078	260168	26.1	0	171.64	0	0	0	147.0529	1	0.283	0.315	0.442	11367	152362	646670	40971	0	0	147.0529	0.283	0	56-86-0	HMDB00148	
1242	358.2117	357.2045	9.651			23973	119491	2	9	2	1.72	256	32	21147	101924	20.8	0	100	0	0	0	358.2118	1	9.661	0.42	1.125	2244	104920	646274	10542	0	0	358.2118	9.661	0			
1243	296.2354	295.2276	10.337	C18 H32 O3	8R-HODE	16071	175387	2	4		1.91	285	3	15869	152214	23.4	0	100	0	0	0	296.2352	1	10.341	0.312	0.806	2615	57090	645537	13823	0	0	296.2352	10.341	0			LMFA02000287
1244	568.3042	613.3024	8.901	C33 H44 O8	5-Oxoavermectin ''1b'' aglycone	20202	224493	2	4	1	2.03	244	44	18015	187312	19	0	100	0	0	0	568.3042	1	8.897	0.535	1.269	1503	57451	645013	12903	0	0	614.3096	8.897	0			
1245	773.5221	772.5127	11.801	C45 H76 N O7 P	1-(8-[3]-ladderane-octanoyl)-2-(8-[3]-ladderane-octanyl)-sn-glycerophosphoethanolamine	70271	323806	2	11	2	5.24	92	196	75962	335102	44	0	100	0	0	0	773.5204	1	11.8	0.223	0.95	928	180535	792798	5587	0	0	773.5204	11.8	0			LMGP02080003
1246	626.4675	625.4603	12.382			19061	145126	2	7		2.37	196	92	13546	98384	37.4	0	100	0	0	0	626.4674	1	12.387	0.189	1.007	828	89937	642615	2315	0	0	626.4674	12.387	0			
1247	616.5423	661.5405	10.504	C40 H72 O4	"1-(9,14-dimethyl-pentadecanoyl-2-(8-[3]-ladderane-octanyl)-sn-glycerol"	26857	172144	2	3		1.05	269	19	21839	152213	17.8	0	100	0	0	0	616.5423	1	10.505	0.415	0.452	2600	88434	642139	14060	0	0	662.5478	10.505	0			LMGL02070006
1248	529.3627	528.3592	9.754			37684	169418	2	7	1	5.22	235	53	34335	139285	25.6	0	100	0	0	0	529.3623	1	9.751	0.27	0.94	1036	124091	641574	1514	0	0	529.3623	9.751	0			
1249	660.5324	659.522	10.37			24409	198613	2	3		0.9	265	23	24373	187237	19	0	100	0	0	0	660.5325	1	10.374	0.369	0.483	2077	55683	641008	4333	0	0	660.5325	10.374	0			
1250	833.5192	832.5127	12.41	C46 H76 N O10 P	"PS(22:6(4Z,7Z,10Z,13Z,16Z,19Z)/18:1(9Z))"	97381	378293	2	13	2	3.88	14	274	71520	370953	53.9	0	100	0	0	0	833.5205	1	12.432	0.353	0.878	1198	230618	638437	10672	0	0	833.5205	12.432	0			LMGP03010828
1251	697.3805	696.3727	10.747			18991	218830	3	5		1.71	280	8	17194	196197	28.7	0	100	0	0	0	697.3803	1	10.743	0.404	1.058	955	58701	638418	4622	0	0	697.3803	10.743	0			
1252	608.5381	653.5363	12.694	C38 H72 O5	DG(17:1(9Z)/18:0/0:0)[iso2]	21649	112032	2	3	1	3.3	217	71	17665	93828	32.7	0	100	0	0	0	608.5381	1	12.701	0.248	0.806	2299	153232	637892	7611	0	0	654.5432	12.701	0			LMGL02010029
1253	1311.0116	1310.0048	11.938			44072	304027	2	4		1.14	259	29	43371	312734	26.4	0	100	0	0	0	1311.0117	1	11.943	0.143	0.288	1125	101107	635310	3284	0	0	1311.0117	11.943	0			
1254	328.1335	327.1267	9.923	C19 H21 Cl N2 O	Pencycuron	18091	84208	2	3		5.05	27	261	5949	26045	40.6	0	100	0	0	0	328.1339	1	9.908	0.408	0.211	1555	148992	634633	6167	0	0	328.1339	9.908	0	66063-05-6		
1255	135.0542	134.0459	0.561			26067	203657	2	3		3.21	155	133	22312	172956	30.2	0	187.19	0	0	0	135.0542	1	0.559	0.117	0.401	1499	93576	632998	11426	0	0	135.0542	0.559	0			
1256	591.353	650.367	10.328			45139	281416	2	8	3	2.25	55	233	41059	282680	27.1	0	100	0	0	0	591.3532	1	10.341	0.583	0.437	1353	120602	779882	5227	0	0	591.3532	10.341	0			
1257	834.5265	869.4959	6.374	C43 H79 O13 P	PI(17:1(9Z)/17:1(9Z))	53555	228727	3	4	1	0.3	288	0	50703	215499	7.6	0	100	0	0	0	834.5265	1	6.376	0.116	0.288	25063	174455	632202	90859	0	0	870.5032	6.376	0			LMGP06010862
1258	684.5327	683.525	10.264			47172	190999	2	4	1	1.55	264	24	41216	167112	25.3	0	100	0	0	0	684.5326	1	10.271	0.17	0.221	3998	148463	631570	11407	0	0	684.5326	10.271	0			
1259	670.3539	669.3466	5.508			10493	44097	3	4		3.16	288	0	9608	40183	21.1	0	100	0	0	0	670.3538	1	5.507	0.123	0.2	1155	140608	631512	3291	0	0	670.3538	5.507	0			
1260	641.3328	640.3254	9.529			27780	179328	2	4		2.27	171	117	26654	177780	34.8	0	100	0	0	0	641.3328	1	9.521	0.34	0.894	887	230951	631239	3170	0	0	641.3328	9.521	0			
1261	378.2399	377.233	7.499	C22 H34 O5	Annoglabasin F	21260	205669	2	3	1	2.02	101	187	19076	187496	21.4	0	100	0	0	0	378.2403	1	7.497	0.101	0.437	2283	65855	630839	10826	0	0	378.2403	7.497	0	288627-12-3	HMDB35508	
1262	545.2355	604.2494	7.151	C22 H35 N5 O11	Dihydrozeatin-9-N-glucoside-O-glucoside	18683	116099	2	3		1.9	267	21	15755	84296	19.4	0	100	0	0	0	545.2355	1	7.149	0.223	0.621	667	75037	630714	795	0	0	605.2572	7.149	0		HMDB12212	
1263	714.5051	773.5164	11.737			25320	154994	2	7	1	2.99	189	99	18935	133146	34.9	0	100	0	0	0	714.5053	1	11.755	0.38	0.832	863	166810	630032	1887	0	0	714.5053	11.755	0			
1264	639.4744	638.4666	11.609			58302	274736	2	5		3.65	207	81	61581	296004	26.4	0	100	0	0	0	639.474	1	11.613	0.396	0.519	1101	138319	628347	3249	0	0	639.474	11.613	0			
1265	710.6168	709.6094	12.814			28617	164427	2	3		2.07	277	11	23838	142418	18.3	0	100	0	0	0	710.617	1	12.82	0.322	0.426	1417	136193	626765	3213	0	0	710.617	12.82	0			
1266	450.1802	449.1733	7.26	C24 H31 Cl O6	Arnamiol	25448	173175	3	6	1	3.16	278	10	22611	155151	11.1	0	100	0	0	0	450.1806	1	7.261	0.109	0.488	1003	85831	624011	2052	0	0	450.1806	7.261	0	102092-23-9	HMDB35062	
1267	268.0797	267.073	0.427	C10 H12 N4 O5	Inosine	101792	373185	3	12	3	3.81	188	100	91937	353874	18.7	0	229.16	0	0	0	268.08	1	0.426	0.071	0.544	22340	241809	737390	139934	0	0	268.08	0.426	0	58-63-9	HMDB00195	
1268	335.213	334.2058	9.214			40657	305569	2	6	3	1.78	165	123	34383	271505	24.5	0	100	0	0	0	335.2129	1	9.226	0.395	1.382	2388	243095	914775	11759	0	0	335.2129	9.226	0			
1269	339.2231	384.2213	9.487	C19 H33 N O2 S	S-Farnesyl-L-cysteine ME	33851	287303	2	4	1	2.19	144	144	29920	262684	20.7	0	100	0	0	0	339.2231	1	9.493	0.352	0.75	1491	178025	620837	8274	0	0	385.2285	9.493	0	125741-64-2		
1270	679.3691	678.3619	9.773			17542	273204	3	7		3.42	277	11	17395	271891	24.4	0	100	0	0	0	679.3691	1	9.765	0.345	1.032	943	37635	618457	5608	0	0	679.3691	9.765	0			
1271	656.4308	327.2081	10.3			30164	282842	2	6		0.95	275	13	30987	272138	9.3	0	100	0	0	0	656.4308	1	10.308	0.215	0.473	823	65956	617097	2458	0	0	656.4308	10.308	0			
1272	176.059	175.0523	0.325	C9 H8 N2 O2	Pemoline	67124	191677	2	3		5.05	262	26	59908	171064	26.2	0	191.88	0	0	0	176.0589	1	0.318	0.175	0.303	1518	200866	617057	6845	0	0	176.0589	0.318	0	2152-34-3		
1273	455.2096	454.202	10.082			26374	262510	2	4	1	2.2	246	42	28508	251682	28.3	0	100	0	0	0	455.2098	1	10.077	0.33	0.924	979	43383	615852	1675	0	0	455.2098	10.077	0			
1274	199.0665	244.0647	2.751	C9 H13 N O2 S	2-(4-Methyl-5-thiazolyl)ethyl propionate	10179	56517	2	2	1	1.04	177	111	6694	35594	21.3	0	100	0	0	0	199.0665	1	2.755	0.084	0.277	2018	101189	613807	4853	0	0	245.072	2.755	0	324742-96-3	HMDB32424	
1275	398.3394	443.3376	10.802	C24 H46 O4	Axillarenic acid	46522	205192	2	4	1	0.49	258	30	42038	179809	14.3	0	100	0	0	0	398.3394	1	10.811	0.182	0.216	16369	153236	613803	78744	0	0	444.3448	10.811	0			LMFA01050418
1276	624.5326	623.5251	10.391			36727	243451	2	4	1	0.28	272	16	33525	233386	5.5	0	100	0	0	0	624.5326	1	10.398	0.112	0.318	4829	128854	613545	19147	0	0	624.5326	10.398	0			
1277	603.3534	602.3461	9.607	C37 H49 N O6	Janthitrem E	26634	263421	3	11	1	1.91	263	25	23621	248510	11.5	0	100	0	0	0	603.3532	1	9.619	0.31	1.222	4337	120683	612394	32832	0	0	603.3532	9.619	0	90986-50-8	HMDB30529	
1278	493.2487	528.2181	10.301	C26 H39 N O6 S	Epothilone A	26518	229716	2	4		0.61	259	29	26025	181204	12	0	100	0	0	0	493.2487	1	10.309	0.379	0.822	6017	46661	611660	25930	0	0	529.2254	10.309	0			LMPK04000040
1279	657.5824	656.5749	12.823			26028	161467	2	3		2.15	251	37	20104	130823	20.2	0	100	0	0	0	657.5824	1	12.832	0.254	0.395	1541	112457	611555	10563	0	0	657.5824	12.832	0			
1280	342.2547	341.2484	10.53	C23 H34 O2	TrHA	30572	219925	2	4	1	1.86	239	49	27416	206486	15.3	0	100	0	0	0	342.2548	1	10.54	0.348	1.15	1104	94535	609228	979	0	0	342.2548	10.54	0			LMFA01030853
1281	777.5791	812.5363	12.647	C45 H80 N O7 P	"PE(P-20:0/20:5(5Z,8Z,11Z,14Z,17Z))"	222125	345184	2	13	2	7.53	119	169	26733	250942	51.3	2	100	0	0	0	777.5785	1	12.649	0.442	0.96	1892	21047528	2637265	10234	0	0	777.5785	12.649	0			LMGP02030086
1282	204.0719	203.0648	3.855	C11 H12 N2 S	Tetramisole	53229	313484	2	5	2	1.06	95	193	53309	307997	7.4	0	100	0	0	0	204.072	1	3.866	0.181	0.493	9269	106832	608777	98120	0	0	204.072	3.866	0	2/02/5036		
1283	737.4999	736.4918	11.882	C41 H72 N O8 P	"PE(22:5(7Z,10Z,13Z,16Z,19Z)/14:0)"	114570	428008	2	12	2	3.54	68	220	131953	505451	29.3	0	100	0	0	0	737.4994	1	11.893	0.391	1.602	1835	252854	605518	37081	0	0	737.4994	11.893	0		HMDB09646	
1284	687.3741	686.367	10.063			19504	190235	2	8		1.68	256	32	19801	182863	21	0	100	0	0	0	687.3743	1	10.068	0.321	1.376	899	33684	602983	6150	0	0	687.3743	10.068	0			
1285	691.405	690.3985	10.174	C41 H57 N O8	Chivosazole F	35032	264087	2	6	1	1.43	271	17	34565	254329	17.3	0	100	0	0	0	691.4051	1	10.176	0.246	0.991	976	76014	601731	2817	0	0	691.4051	10.176	0			
1286	594.5218	629.4912	12.717	C37 H70 O5	DG(15:1(9Z)/19:0/0:0)[iso2]	17419	119851	2	4		1.6	285	3	12109	94937	39.6	0	100	0	0	0	594.5218	1	12.714	0.343	0.704	1546	109340	601422	5365	0	0	630.4986	12.714	0			LMGL02010459
1287	709.5044	708.4972	11.999			38175	218413	2	8	1	1.98	255	33	39775	220093	23.4	0	100	0	0	0	709.5044	1	12.001	0.407	0.621	2410	83490	600787	10270	0	0	709.5044	12.001	0			
1288	528.4543	527.4468	12.991	C35 H60 O3	"32,35-anhydrobacteriohopaneterol"	12256	60972	2	3	1	4.12	234	54	7427	29726	43.9	0	100	0	0	0	528.454	1	12.996	0.18	0.421	979	128872	600436	1474	0	0	528.454	12.996	0			LMPR04000022
1289	297.1762	342.1744	5.408	C16 H27 N O2 S	2-(4-Methyl-5-thiazolyl)ethyl decanoate	28668	118149	2	3	1	1.84	272	16	25147	106658	2.5	0	100	0	0	0	297.1762	1	5.409	0.074	0.493	9564	162955	599329	44024	0	0	343.1814	5.409	0	101426-31-7	HMDB32419	
1290	294.2555	293.2485	10.584	C19 H34 O2	"(E)-3,7-Dimethyl-2,6-octadienyl nonanoate"	53046	310106	2	7	1	2.15	155	133	51305	278840	16.6	0	100	0	0	0	294.2556	1	10.589	0.2	0.77	3829	111094	788168	7182	0	0	294.2556	10.589	0			LMFA07010621
1291	2042.5953	1020.293	0.363			33580	341909	2	5		5.63	9	279	36707	408596	49.7	0	100	0	0	0	2042.6004	1	0.369	0.056	0.293	964	58901	595853	1675	0	0	2042.6004	0.369	0			
1292	185.1051	184.0974	2.42	C9 H15 N O3	Pseudoecgonine	11827	68149	2	2	1	0.74	154	134	9099	49991	17.1	0	100	0	0	0	185.105	1	2.421	0.09	0.236	850	85545	592845	937	0	0	185.105	2.421	0		HMDB06348	
1293	129.0423	174.0413	0.407	C5 H7 N O3	(R)-(+)-2-Pyrrolidone-5-carboxylic acid	78460	328896	2	7	1	8.48	173	115	69736	330943	28.8	0	164.63	0	0	0	129.0422	1	0.393	0.218	0.776	5908	538785	748034	18068	0	0	129.0422	0.393	0	4042-36-8	HMDB00805	
1294	494.2303	539.2285	11.202	C29 H34 O7	Microlenin	17133	148469	2	3		1.17	52	236	14576	55259	34.6	0	99.51	0	0	0	494.2303	1	11.195	0.23	0.395	1586	46348	591699	4929	0	0	540.2358	11.195	0	60622-41-5		
1295	553.3163	552.3092	9.702	C29 H48 N O7 P	"LysoPE(24:6(6Z,9Z,12Z,15Z,18Z,21Z)/0:0)"	39263	209344	2	4	1	1.42	149	139	37533	226850	17.2	0	100	0	0	0	553.3165	1	9.704	0.278	0.698	2688	113138	590115	25439	0	0	553.3165	9.704	0		HMDB11529	
1296	776.2899	811.2596	6.797			38111	351055	3	6	2	0.5	179	109	37511	349709	5.9	0	100	0	0	0	776.29	1	6.797	0.167	0.483	8951	87251	588949	30753	0	0	776.29	6.797	0			
1297	659.3794	658.3719	10.098			17460	286037	2	12	1	1.94	255	33	17064	277515	24.4	0	100	0	0	0	659.3793	1	10.099	0.474	1.15	1061	33450	586780	14182	0	0	659.3793	10.099	0			
1298	177.0825	222.0807	1.564	C7 H15 N O2 S	Dihomomethionine	17862	115414	2	2	1	0.55	265	23	14252	94128	15.6	0	180.13	0	0	0	177.0825	1	1.567	0.084	0.354	6494	102051	581457	40049	0	0	223.0876	1.567	0			
1299	221.034	266.0333	0.429			48283	130190	2	5		5.29	275	13	31329	105599	38	0	211.33	0	0	0	221.0342	1	0.42	0.192	0.539	2256	307196	579595	8131	0	0	221.0342	0.42	0			
1300	755.5826	754.5751	12.585	C43 H82 N O7 P	"PE(P-20:0/18:2(9Z,12Z))"	29567	239137	2	12	2	5.73	161	127	21320	223967	30.7	0	100	0	0	0	755.5826	1	12.588	0.373	0.863	1128	103179	634984	7562	0	0	755.5826	12.588	0			LMGP02030075
1301	369.2877	368.2804	9.892	C21 H39 N O4	N-Oleoyl-L-Serine	34568	156697	2	2		0.44	270	18	26677	122393	5.7	0	100	0	0	0	369.2877	1	9.9	0.091	0.303	4371	131336	576892	15466	0	0	369.2877	9.9	0			
1302	844.5232	879.5027	12.773	C47 H77 O13 P	"PI(16:1(9Z)/22:6(4Z,7Z,10Z,13Z,16Z,19Z))"	18825	229967	2	5		5.31	97	191	20457	261940	60.2	0	100	0	0	0	844.5223	1	12.769	0.5	0.421	746	66300	576698	3631	0	0	844.5223	12.769	0			LMGP06010869
1303	503.3012	502.2935	9.502	C25 H46 N O7 P	"PE(20:3(8Z,11Z,14Z)/0:0)"	45231	307561	2	9	2	4.12	110	178	45312	304868	22.8	0	100	0	0	0	503.3008	1	9.482	0.153	0.878	897	105146	738508	7073	0	0	503.3008	9.482	0			LMGP02050022
1304	131.0677	130.0618	0.305			104113	361350	2	6		4.78	224	64	104189	360331	20	0	169.22	0	0	0	131.0678	1	0.299	0.121	0.94	26249	171174	576180	208143	0	0	131.0678	0.299	0			
1305	873.5486	872.5423	12.423			14913	112494	2	8	2	7.16	79	209	7959	59732	88.4	0	100	0	0	0	873.5494	1	12.408	0.548	1.217	1339	113519	575426	2565	0	0	873.5494	12.408	0			
1306	616.5064	651.4758	12.458	C39 H68 O5	"DG(14:1(9Z)/22:3(10Z,13Z,16Z)/0:0)[iso2]"	32146	183298	2	3		2.45	172	116	19850	132505	27.7	0	100	0	0	0	616.5064	1	12.466	0.126	0.339	1747	104470	575388	1986	0	0	652.483	12.466	0			LMGL02010422
1307	414.3346	473.3481	9.762			23354	174473	2	10	1	4.06	143	145	18623	146136	21.8	0	100	0	0	0	414.3342	1	9.723	0.396	1.654	6993	94627	575111	33203	0	0	414.3342	9.723	0			
1308	714.3799	713.3727	5.754			12790	58824	3	4	1	1.79	288	0	11553	49621	10.5	0	100	0	0	0	714.3799	1	5.755	0.122	0.149	2326	130369	575086	5622	0	0	714.3799	5.755	0			
1309	805.6428	864.6563	12.257			15311	74769	2	11		2.32	208	80	11713	60999	45.9	0	100	0	0	0	805.6429	1	12.259	0.231	0.663	946	149274	574587	4008	0	0	805.6429	12.259	0			
1310	537.2515	536.2444	10.914			32430	212189	2	3		1.71	274	14	31445	202738	24.5	0	100	0	0	0	537.2516	1	10.92	0.357	0.555	1224	76624	572738	5959	0	0	537.2516	10.92	0			
1311	889.5823	888.5764	12.341	C50 H84 N O10 P	"PS(22:6(4Z,7Z,10Z,13Z,16Z,19Z)/22:1(11Z))"	41203	260160	2	4		3.78	205	83	40809	253196	29.9	0	100	0	0	0	889.5828	1	12.344	0.551	0.375	1181	96105	571696	3744	0	0	889.5828	12.344	0			LMGP03010843
1312	795.4677	794.4612	10.72			22984	207659	2	5	2	1.44	267	21	20524	202047	31.9	0	100	0	0	0	795.4678	1	10.698	0.515	0.812	1193	70213	571207	6507	0	0	795.4678	10.698	0			
1313	494.2877	493.2804	8.919	C27 H42 O8	"(3b,4b,11b,14b)-11-Ethoxy-3,4-epoxy-14-hydroxy-12-cyathen-15-al 14-xyloside"	18180	116309	2	3		3.74	253	35	15315	96087	25.1	0	100	0	0	0	494.2875	1	8.921	0.211	0.488	869	105045	570709	2347	0	0	494.2875	8.921	0	178120-49-5	HMDB34617	
1314	473.2535	472.2467	8.349	C23 H40 N O7 P	"PE(18:4(6Z,9Z,12Z,15Z)/0:0)"	25429	191770	2	7		2.77	246	42	23504	177293	21.3	0	100	0	0	0	473.2539	1	8.331	0.458	0.914	1768	133905	570336	12428	0	0	473.2539	8.331	0			LMGP02050018
1315	257.2788	256.2721	10.543			49252	279580	2	2		3.28	288	0	50986	281773	5.5	0	100	0	0	0	257.2791	1	10.547	0.281	0.467	12235	76460	570142	65099	0	0	257.2791	10.547	0			
1316	1263.0499	1262.0399	12.205			25117	218143	2	12		3.93	181	107	24397	221146	25.8	0	100	0	0	0	1263.0486	1	12.213	0.203	0.765	901	63808	569367	2048	0	0	1263.0486	12.213	0			
1317	539.3035	538.2965	11.661			28761	243619	4	6		1.54	271	17	30215	249495	15.8	0	100	0	0	0	539.3036	1	11.671	0.279	0.801	888	60980	569057	1166	0	0	539.3036	11.671	0			
1318	314.245	313.2373	9.45	C18 H34 O4	6-HpOME(7E)	34465	231414	2	7	1	2.76	218	70	30815	201948	20.6	0	100	0	0	0	314.2454	1	9.45	0.188	0.822	4819	164001	797401	17277	0	0	314.2454	9.45	0			LMFA02000097
1319	298.2506	297.2432	10.864	C18 H34 O3	13-HpOME(14E)	23543	203851	2	5		0.65	264	24	22735	200207	22.2	0	100	0	0	0	298.2506	1	10.869	0.231	0.796	6762	62086	568474	59593	0	0	298.2506	10.869	0			LMFA02000098
1320	228.2091	227.201	9.823	C14 H28 O2	(+)-Isomyristic acid	87469	343619	2	5	1	3.43	149	139	39257	124669	34	2	100	0	0	0	228.2089	1	9.824	0.223	0.544	3491	3402608	12996186	9219	0	0	228.2089	9.824	0	2724-57-4		LMFA07010661
1321	510.4647	555.4629	9.876	C32 H62 O4	Propylene glycol mono- and diesters of fats and fatty acids	24154	143219	3	4		1.08	269	19	18258	109530	18	0	100	0	0	0	510.4647	1	9.886	0.238	0.55	1094	112445	564625	7398	0	0	556.4702	9.886	0	977050-70-6	HMDB32494	
1322	755.4728	754.4661	11.019			32632	322540	2	11	1	0.78	161	127	31550	319208	22.1	0	100	0	0	0	755.4729	1	11.016	0.304	0.663	1065	72028	585318	8497	0	0	755.4729	11.016	0			
1323	411.1838	456.182	9.883	C24 H26 F N O4	Fluvastatin	46936	274689	2	3		0.32	288	0	49613	290175	8	0	100	0	0	0	411.1838	1	9.892	0.211	0.277	4567	88399	560307	22544	0	0	457.1891	9.892	0	93957-55-2		
1324	420.2506	419.2424	8.615	C24 H36 O6	"Dimethyl 3-methoxy-4-oxo-5-(8,11,14-pentadecatrienyl)-2-hexenedioate"	86387	316294	3	5	1	1.84	146	142	81755	312479	17.1	0	100	0	0	0	420.251	1	8.611	0.337	0.724	13840	331028	559457	35403	0	0	420.251	8.611	0		HMDB32099	
1325	592.4493	651.4631	9.655	C39 H60 O4	Feruloyldihydro-beta-sitosterol	42607	159966	2	3		0.57	269	19	37628	135404	23.2	0	100	0	0	0	592.4493	1	9.664	0.102	0.257	1328	153667	558569	2062	0	0	652.4699	9.664	0		HMDB41128	
1326	893.6138	928.5599	12.732	C50 H88 N O10 P	"PS(22:4(7Z,10Z,13Z,16Z)/22:1(11Z))"	16479	185590	2	15		2.92	128	160	16407	160854	34	0	100	0	0	0	893.6139	1	12.728	0.48	0.657	709	43865	558532	1942	0	0	893.6139	12.728	0			LMGP03010814
1327	135.0544	134.0472	2.409	C5 H5 N5	Adenine	49793	209268	2	2	1	0.92	254	34	44859	181639	13.2	0	100	0	0	0	135.0544	1	2.405	0.483	0.303	779	127554	557388	4323	0	0	135.0544	2.405	0	73-24-5	HMDB00034	
1328	1015.8266	1014.8355	11.463			43231	200518	4	5		6.29	153	135	36558	180357	16.4	0	100	0	0	0	1015.8249	1	11.468	0.549	0.483	1904	127036	557262	5094	0	0	1015.8249	11.468	0			
1329	684.5466	683.5385	12.948			16106	182438	2	6		4.77	238	50	14539	164719	28.2	0	100	0	0	0	684.5457	1	12.95	0.543	1.813	1074	57007	556661	3706	0	0	684.5457	12.95	0			
1330	601.3342	660.3485	9.944			32067	264414	2	5		2.07	270	18	31512	265925	22.6	0	100	0	0	0	601.3342	1	9.95	0.33	0.683	1035	71625	555939	3058	0	0	601.3342	9.95	0			
1331	674.4681	673.4602	12.336			17170	159947	2	7	1	3.29	188	100	9210	124150	38.3	0	100	0	0	0	674.4676	1	12.339	0.496	1.34	1188	95783	554970	6730	0	0	674.4676	12.339	0			
1332	482.2486	481.2358	9.928			33914	249518	2	7		8.9	94	194	25628	206659	26.2	0	87	0	0	0	482.2482	1	9.931	0.506	1.135	4441	123254	807382	37442	0	0	482.2482	9.931	0			
1333	696.3191	695.3122	10.547			44374	202105	2	3		1.17	278	10	42773	199072	13.4	0	100	0	0	0	696.319	1	10.555	0.12	0.442	1885	127132	553742	6475	0	0	696.319	10.555	0			
1334	1349.0651	1348.0562	12.201			13765	235312	2	10		3.14	234	54	12749	242239	26.3	0	100	0	0	0	1349.0643	1	12.211	0.215	0.601	1918	32569	553668	7950	0	0	1349.0643	12.211	0			
1335	296.2715	295.264	11.134			65502	227853	2	7	1	5.41	110	178	18421	181577	42.3	0	100	0	0	0	296.2713	1	11.099	0.384	1.012	2076	240969	552685	9728	0	0	296.2713	11.099	0			
1336	1022.624	1021.617	9.23			27500	210169	2	6		0.72	247	41	26164	197808	11.5	0	100	0	0	0	1022.6239	1	9.233	0.165	0.406	2402	66049	551650	24663	0	0	1022.6239	9.233	0			
1337	394.308	439.306	10.248	C24 H42 O4	"5beta-Cholane-3alpha,7alpha,23,24-tetrol"	46687	217645	3	6		1.79	266	22	44333	207233	19.1	0	100	0	0	0	394.308	1	10.249	0.458	1.212	2264	123277	550735	13509	0	0	394.308	10.249	0			LMST04010303
1338	781.5613	780.5549	12.385	C44 H80 N O8 P	"PE(22:4(7Z,10Z,13Z,16Z)/17:0)"	58843	425889	3	16	1	1.38	63	225	53237	447314	24.2	0	100	0	0	0	781.5615	1	12.413	0.339	0.935	1410	122759	1389453	8385	0	0	781.5615	12.413	0			LMGP02011110
1339	689.3896	688.3829	10.481			23654	260722	2	7		0.92	209	79	24193	252859	16.3	0	100	0	0	0	689.3898	1	10.48	0.343	0.632	3248	41457	549034	18372	0	0	689.3898	10.48	0			
1340	174.1252	173.1182	5.462	C9 H18 O3	2-hydroxy pelargonic acid	49199	216936	2	2	1	3.37	272	16	50326	215971	2.2	0	100	0	0	0	174.1255	1	5.464	0.092	0.277	9679	139334	548605	49830	0	0	174.1255	5.464	0			LMFA01050024
1341	929.506	928.498	10.51			19022	260365	2	5		2.58	207	81	19450	251307	18.7	0	100	0	0	0	929.5057	1	10.511	0.311	0.529	1806	34933	548336	13950	0	0	929.5057	10.511	0			
1342	533.3478	532.3404	10.501	C27 H52 N O7 P	"PE(22:2(13Z,16Z)/0:0)"	31640	266705	2	10	1	0.6	214	74	31992	282590	15.4	0	100	0	0	0	533.3478	1	10.505	0.292	0.945	1605	84208	548206	7691	0	0	533.3478	10.505	0			LMGP02050024
1343	729.4939	788.5082	11.58	C39 H72 N O9 P	"PS(P-16:0/17:2(9Z,12Z))"	39748	311931	3	11	1	3.95	126	162	33919	333726	29.5	0	100	0	0	0	729.4942	1	11.549	0.487	0.776	1217	139780	548123	5166	0	0	729.4942	11.549	0			LMGP03030011
1344	683.5697	682.5626	11.568			33569	221582	2	3	1	1.31	270	18	30348	203993	11.1	0	100	0	0	0	683.5697	1	11.577	0.114	0.462	2842	98163	547262	36043	0	0	683.5697	11.577	0			
1345	990.5708	989.5638	9.218			28219	168594	2	4		1.52	248	40	23406	136857	15.8	0	100	0	0	0	990.5707	1	9.212	0.218	0.334	1904	93705	546814	6417	0	0	990.5707	9.212	0			
1346	800.6031	799.5965	12.223			35544	203843	2	5		1.98	186	102	32793	193801	17.7	0	100	0	0	0	800.6032	1	12.224	0.392	0.365	2814	96691	545929	25449	0	0	800.6032	12.224	0			
1347	473.2521	532.2654	8.756	C23 H40 N O7 P	"PE(18:4(6Z,9Z,12Z,15Z)/0:0)"	30388	226393	2	7		3.72	160	128	28206	206923	16.7	0	100	0	0	0	473.2516	1	8.811	0.374	0.894	1123	93082	545709	1959	0	0	473.2516	8.811	0			LMGP02050018
1348	703.5591	748.5583	11.395			40793	400087	4	16	1	1.4	164	124	33569	399799	14.5	0	100	0	0	0	703.5593	1	11.406	0.223	0.693	10362	180860	618778	168881	0	0	703.5593	11.406	0			
1349	342.2203	341.212	8.754	C22 H30 O3	"2-Hydroxy-6-(8,11,14-pentadecatrienyl)benzoic acid"	36015	176029	2	6	1	5.3	161	127	32785	175244	13.7	0	100	0	0	0	342.2199	1	8.76	0.224	1.125	2843	139334	544501	9528	0	0	342.2199	8.76	0	103904-73-0	HMDB31059	
1350	296.2348	295.2278	9.31	C18H32O3	9(S)-HODE	54984	295006	2	9	1	2.46	87	201	46995	280672	22.4	0	100	0	0	0	296.2349	1	9.323	0.406	1.202	10462	262617	1306322	69949	0	0	296.2349	9.323	0	73543-67-6		
1351	593.3331	592.3247	9.457			17879	160585	3	12	1	3.05	242	46	16792	153596	20.5	0	100	0	0	0	593.3326	1	9.461	0.352	1.109	1929	44800	542067	10806	0	0	593.3326	9.461	0			
1352	639.3414	638.3333	9.334			25379	216209	2	6	1	3.44	205	83	23842	200538	28.3	0	100	0	0	0	639.3413	1	9.335	0.45	0.508	1987	69860	540993	7822	0	0	639.3413	9.335	0			
1353	270.2919	269.285	10.876	C18 H38 O	"3S,7S-Dimethyl-2-hexadecanol "	50163	202164	2	3		3.55	284	4	47283	201406	10.4	0	100	0	0	0	270.2922	1	10.887	0.262	0.478	3486	119434	540482	13118	0	0	270.2922	10.887	0	141622-92-6		LMFA05000044
1354	603.3531	602.3457	10.357	C37 H49 N O6	Janthitrem E	18003	131711	2	5		0.49	206	82	17758	130775	21.7	0	100	0	0	0	603.3531	1	10.362	0.299	0.555	2603	34570	539372	33145	0	0	603.3531	10.362	0	90986-50-8	HMDB30529	
1355	288.2087	287.2016	9.723	C19 H28 O2	alpha-Amylcinnamyl isovalerate	33281	170811	2	3	1	0.8	267	21	29651	148451	8.2	0	100	0	0	0	288.2087	1	9.733	0.097	0.37	2753	89060	538879	9500	0	0	288.2087	9.733	0	7493-80-3	HMDB36205	
1356	369.251	368.2438	9.652			30330	172402	2	5		4.28	226	62	25404	164140	12.9	0	100	0	0	0	369.2513	1	9.649	0.278	0.437	1888	121140	538827	12779	0	0	369.2513	9.649	0			
1357	412.2587	411.2514	10.562			44368	230389	2	8	1	3.48	234	54	40168	213709	26.6	0	100	0	0	0	412.2587	1	10.558	0.246	0.698	7184	132823	671515	66401	0	0	412.2587	10.558	0			
1358	290.2226	335.2202	10.107			50598	369202	2	7	2	4.55	79	209	47341	393805	21.8	0	100	0	0	0	290.2225	1	10.119	0.321	0.894	2597	107419	730780	28938	0	0	290.2225	10.119	0			
1359	594.5586	639.5568	10.694	C38 H74 O4	Ethylene glycol distearate	30901	185486	2	4	1	0.66	271	17	27993	166978	8.2	0	100	0	0	0	594.5586	1	10.699	0.231	0.889	8173	83227	536551	39111	0	0	640.5638	10.699	0	627-83-8	HMDB32260	
1360	242.08	241.073	4.737	C12 H10 N4 O2	Lumichrome	58685	234817	2	2	1	1.63	272	16	54999	223472	1.3	0	100	0	0	0	242.0802	1	4.739	0.095	0.344	22954	138900	534289	90156	0	0	242.0802	4.739	0	1086-80-2		
1361	601.3782	600.3736	10.641			23807	171961	2	4		8.77	234	54	23335	168605	43.3	0	100	0	0	0	601.3768	1	10.655	0.451	0.765	1897	56084	533195	5687	0	0	601.3768	10.655	0			
1362	412.1912	411.1839	9.332	C25 H24 N4 O2	Bisindolylmaleimide I	19439	121207	2	3	1	3.69	144	144	16605	107349	31.1	0	100	0	0	0	412.191	1	9.336	0.162	0.277	1292	83176	533129	2690	0	0	412.191	9.336	0	133052-90-1		
1363	729.6202	728.6171	12.573			26578	122126	2	5	1	3.96	130	158	18274	83580	32.8	0	100	0	0	0	729.6198	1	12.576	0.267	0.77	970	85374	531581	3119	0	0	729.6198	12.576	0			
1364	312.2297	347.1958	9.256			20373	100655	2	6		2.66	233	55	16952	79744	42.3	0	100	0	0	0	312.2299	1	9.258	0.223	0.575	980	108202	530929	1569	0	0	312.2299	9.258	0			
1365	516.1711	515.1643	4.958			9058	49829	3	3		1.98	288	0	8834	47350	25.6	0	100	0	0	0	516.1713	1	4.958	0.172	0.313	1543	88237	530626	5238	0	0	516.1713	4.958	0			
1366	563.32	562.3125	10.212			41807	252540	2	9	1	1.32	111	177	41524	237603	9.7	0	100	0	0	0	563.3198	1	10.221	0.272	0.842	10924	75986	530453	30429	0	0	563.3198	10.221	0			
1367	378.1189	423.1171	4.958	C16 H18 N4 O7	Thr-His-OH	13281	68118	2	2	1	1.06	286	2	12919	64335	9.1	0	100	0	0	0	378.1189	1	4.957	0.169	0.365	4077	93771	529128	22633	0	0	424.1243	4.957	0			
1368	533.2728	532.2648	8.833			31084	244711	2	3		3.47	152	136	31872	249300	19.6	0	100	0	0	0	533.2727	1	8.834	0.474	1.048	974	60394	528988	3547	0	0	533.2727	8.834	0			
1369	639.5014	684.497	12.021			16622	169757	2	7	1	3.65	224	64	17170	176425	35.6	0	100	0	0	0	639.5011	1	12.025	0.483	0.431	831	36389	528693	1343	0	0	639.5011	12.025	0			
1370	248.1752	541.2743	8.506			16204	131717	2	6	1	9.18	38	250	15139	106405	39	0	100	0	0	0	248.176	1	8.499	0.23	0.919	1973	72123	528683	6934	0	0	248.176	8.499	0			
1371	815.5666	814.5596	13	C44 H82 N O10 P	"PS(18:0/20:2(11Z,14Z))"	28423	339427	2	5	2	3.18	134	154	26600	372988	27.6	0	100	0	0	0	815.5669	1	12.988	0.397	1.263	2411	67278	528451	24298	0	0	815.5669	12.988	0			LMGP03010960
1372	2988.8994	1493.4436	0.35			13343	146970	3	7		5.64	17	271	1381	4764	53.4	0	80	0	0	0	2988.9035	1	0.351	0.031	0.164	922	37236	528007	2460	0	0	2988.9035	0.351	0			
1373	444.1836	221.0855	9.154			11289	115422	2	7	1	5.31	194	94	6113	53756	54.3	0	100	0	0	0	444.1846	1	9.147	0.466	1.376	1007	75900	527827	4106	0	0	444.1846	9.147	0			
1374	727.5499	762.5199	12.548	C41 H78 N O7 P	"PE(O-16:0/20:3(8Z,11Z,14Z))"	44064	200191	2	7	3	5.62	86	202	27364	146778	54.2	0	100	0	0	0	727.5491	1	12.542	0.396	0.842	1029	279568	527720	3853	0	0	727.5491	12.542	0			LMGP02020096
1375	1253.0273	1252.0191	12.091			28476	185537	4	6		0.65	200	88	26603	176138	16.2	0	100	0	0	0	1253.0273	1	12.098	0.158	0.288	3466	103534	526998	29973	0	0	1253.0273	12.098	0			
1376	758.6267	757.6204	11.636			26672	132492	2	4		3.55	182	106	20742	110273	25.7	0	100	0	0	0	758.6273	1	11.635	0.257	0.226	2017	131083	524408	6747	0	0	758.6273	11.635	0			
1377	318.2173	377.23	9.056			26241	190350	2	8	2	3.86	131	157	22889	168325	30.1	0	100	0	0	0	318.2172	1	9.055	0.473	1.284	1600	70762	522972	3562	0	0	318.2172	9.055	0			
1378	350.2007	395.1989	8.594	C23 H14 D7 N O2	JWH 073 2-hydroxyindole metabolite-d7	49583	258373	3	4	1	2.17	235	53	45802	244118	10.9	0	100	0	0	0	350.2007	1	8.598	0.184	1.217	3869	141773	610308	33279	0	0	396.2065	8.598	0			
1379	381.9832	380.9766	7.381			19850	140053	2	2	1	2.9	220	68	18728	140594	6.6	0	100	0	0	0	381.9837	1	7.383	0.175	0.452	3214	80026	522579	15226	0	0	381.9837	7.383	0			
1380	370.1805	405.1499	10.579	C19 H30 O5 S	5a-Dihydrotestosterone sulfate	7531	64181	3	3		2.68	173	115	6052	42410	48.6	0	100	0	0	0	370.1805	1	10.578	0.3	0.971	919	40802	522169	2513	0	0	406.1571	10.578	0			LMST05020023
1381	501.2849	1001.5644	9.216	C25 H44 N O7 P	"LysoPE(20:4(8Z,11Z,14Z,17Z)/0:0)"	56544	182573	2	8	2	4.03	60	228	13613	99297	52.4	0	100	0	0	0	501.2852	1	9.187	0.395	1.469	3097	542613	520884	13117	0	0	501.2852	9.187	0		HMDB11518	
1382	834.6092	833.6022	11.388			25284	178230	2	3		1.4	194	94	23901	172067	21.7	0	100	0	0	0	834.6093	1	11.386	0.211	0.349	741	92068	520366	7486	0	0	834.6093	11.386	0			
1383	538.496	583.4942	10.211	C34 H66 O4	9-PAHSA	49168	170845	2	3	1	1.09	264	24	41913	145158	31.2	0	100	0	0	0	538.496	1	10.223	0.241	0.498	2334	172390	519504	5067	0	0	584.5013	10.223	0	1481636-31-0		
1384	352.2245	351.2176	8.752	C20 H32 O5	Methyl 3-actoxy-6-gingerdiol	18696	95243	2	5	1	3.45	158	130	17507	87266	23.9	0	100	0	0	0	352.2246	1	8.739	0.443	1.13	2441	142921	517180	6604	0	0	352.2246	8.739	0	870808-34-7		
1385	170.9989	169.9917	1.327			19477	142514	2	2	1	0.56	250	38	17077	124925	22.5	0	164.1	0	0	0	170.9989	1	1.327	0.074	0.437	5372	67954	516491	32290	0	0	170.9989	1.327	0			
1386	666.5038	725.5203	11.758			19153	174601	2	12		5.87	231	57	17730	171277	27.6	0	100	0	0	0	666.5051	1	11.761	0.426	0.734	1010	58695	512499	2999	0	0	666.5051	11.761	0			
1387	1211.0176	1210.0094	12.085			16417	109637	2	5		3.79	242	46	16142	116628	36.8	0	100	0	0	0	1211.0166	1	12.09	0.205	0.503	892	100486	511015	1339	0	0	1211.0166	12.09	0			
1388	781.4314	780.4243	11.085			14797	133040	2	4		3.45	263	25	14815	119058	28.1	0	100	0	0	0	781.4316	1	11.089	0.482	0.909	895	52300	510658	1913	0	0	781.4316	11.089	0			
1389	324.2661	323.2589	9.77	C20 H36 O3	"(13R,14R)-7-Labdene-13,14,15-triol"	20955	107112	2	3		0.65	269	19	18048	89243	16.9	0	100	0	0	0	324.2662	1	9.773	0.193	1.022	1801	100839	510434	5259	0	0	324.2662	9.773	0		HMDB34958	
1390	729.5691	728.56	12.629	C41 H80 N O7 P	PE(P-20:0/16:1(9Z))	52821	163790	2	17	1	8.4	44	244	15964	101013	66.7	0	96.42	0	0	0	729.5679	1	12.626	0.471	1.017	868	297710	1291175	3088	0	0	729.5679	12.626	0			LMGP02030069
1391	342.1213	341.1142	5.167	C18 H18 N2 O5	Dictyoquinazol C	61980	344095	2	3	1	0.74	11	277	10280	62238	150.7	0	100	0	0	0	342.1213	1	5.16	0.305	0.298	6543	506205	2823931	11284	0	0	342.1213	5.16	0		HMDB40442	
1392	470.3603	469.3532	11.046			24036	145423	2	8		2.17	266	22	20693	126677	16.2	0	100	0	0	0	470.3605	1	11.044	0.34	0.935	939	136773	507090	2653	0	0	470.3605	11.044	0			
1393	412.2822	411.2752	9.583	C23 H40 O6	3-methoxy Limaprost	30068	165051	2	5	1	0.72	124	164	22477	130854	14.3	0	100	0	0	0	412.2822	1	9.572	0.171	0.817	1193	119230	506298	13689	0	0	412.2822	9.572	0			
1394	439.2149	498.2288	10.876	C21 H33 N3 O5 S	Pivmecillinam	33946	203031	2	3	1	2.09	272	16	33773	198114	23.4	0	100	0	0	0	439.2149	1	10.887	0.238	0.39	1394	87823	505218	2251	0	0	499.236	10.887	0	32886-97-8	HMDB15543	
1395	187.1207	186.1135	2.884	C9 H17 N O3	(E)-2-Butenyl-4-methyl-threonine	27024	94753	2	3	1	0.67	275	13	24292	86161	0	0	100	0	0	0	187.1207	1	2.885	0.079	0.262	6538	131992	504507	22228	0	0	187.1207	2.885	0	81135-57-1		
1396	479.302	957.5948	9.612	C23 H46 N O7 P	PE(18:1(9Z)/0:0)	31478	148336	2	9	2	6.27	35	253	16654	99177	56.3	0	100	0	0	0	479.3009	1	9.611	0.327	0.904	1240	151184	503151	11578	0	0	479.3009	9.611	0	89576-29-4	HMDB11505	
1397	1135.3479	1170.3162	0.493			4092	61021	2	9		4.04	205	83	3039	35953	63.4	0	143.17	0	0	0	1135.347	1	0.513	0.244	0.375	776	40318	502885	1787	0	0	1135.347	0.513	0			
1398	659.5255	658.518	11.57			28547	207593	2	3		1.96	247	41	23968	174587	14.4	0	100	0	0	0	659.5254	1	11.577	0.189	0.508	1837	84724	502383	17589	0	0	659.5254	11.577	0			
1399	329.0292	388.0431	9.968	C17 H12 Cl N O2 S	CAY10649	28881	193159	5	5		0.51	5	283	21582	146569	9.3	0	100	0	0	0	329.0292	1	9.958	0.066	0.2	7776	80581	502200	56779	0	0	389.0502	9.958	0	1272519-89-7		
1400	296.2346	295.2277	9.572	C18 H32 O3	9(S)-HODE	65101	301494	2	11	1	3.54	138	150	49571	322165	30.9	0	100	0	0	0	296.235	1	9.573	0.208	1.207	2569	176800	791909	16063	0	0	296.235	9.573	0	73543-67-6		LMFA02000287
1401	739.549	738.5322	12.321			24707	167125	2	9		5.09	177	111	19465	133400	52.2	0	100	0	0	0	739.5506	1	12.337	0.373	0.986	1447	295577	501586	7890	0	0	739.5506	12.337	0			
1402	383.3033	382.2961	10.036	C22 H41 N O4	N-oleoyl threonine	21313	105197	2	2		0.76	236	52	16546	76912	13.6	0	100	0	0	0	383.3033	1	10.042	0.112	0.406	2127	80604	500806	4805	0	0	383.3033	10.042	0			LMFA08020108
1403	258.0365	515.0679	0.395			19359	121962	2	4		3.44	268	20	15215	106480	42.8	0	213.5	0	0	0	258.0366	1	0.402	0.148	0.365	1377	99666	500778	3247	0	0	258.0366	0.402	0			
1404	539.2672	538.2597	11.281			35932	263635	2	3	1	2.72	165	123	36731	262172	27.8	0	100	0	0	0	539.2673	1	11.264	0.227	0.627	796	87210	500205	3784	0	0	539.2673	11.264	0			
1405	146.0578	145.0507	0.875	C6 H10 O4	2-Aceto-2-hydroxybutyric acid	13039	83111	2	2	1	0.58	240	48	11494	73138	27.3	0	110.13	0	0	0	146.0578	1	0.874	0.164	0.344	1432	78240	499243	7399	0	0	146.0578	0.874	0	3142-65-2		
1406	360.3026	359.2955	11.259	C24 H40 O2	3-Hydroxy-1-phenyl-1-octadecanone	24441	117502	2	2		0.42	272	16	20070	91693	14.8	0	100	0	0	0	360.3026	1	11.268	0.124	0.75	5924	86387	498922	20309	0	0	360.3026	11.268	0		HMDB35680	
1407	1271.0202	1316.0156	11.86			43830	263080	3	10		2.45	272	16	44151	280320	34.1	0	98.76	0	0	0	1271.0203	1	11.866	0.179	0.755	994	104565	498842	4535	0	0	1271.0203	11.866	0			
1408	475.2701	474.2625	8.831	C23 H42 N O7 P	"PE(18:3(9Z,12Z,15Z)/0:0)"	48536	290938	2	14	1	5.56	105	183	45978	311838	30.7	0	100	0	0	0	475.2697	1	8.81	0.214	0.883	1228	113411	498737	3713	0	0	475.2697	8.81	0			LMGP02050029
1409	769.4893	768.4818	11.389	C41 H72 N O10 P	"PS(22:4(7Z,10Z,13Z,16Z)/13:0)"	20808	268216	2	15	2	2.76	132	156	17477	248656	34.1	0	100	0	0	0	769.4891	1	11.381	0.42	1.269	1020	92767	683162	5405	0	0	769.4891	11.381	0			LMGP03010788
1410	654.4604	653.4547	10.286	C37 H67 O7 P	"PA(P-16:0/18:3(9Z,12Z,15Z))"	23549	157990	2	3		2.57	271	17	20044	146587	33.8	0	99.98	0	0	0	654.461	1	10.292	0.306	1.002	3219	96750	498175	43733	0	0	654.461	10.292	0			LMGP10030014
1411	126.068	171.0662	1.822	C7 H10 O2	"3Z-Hepten-2,5-dione"	21797	125389	2	3	1	0.88	282	6	18336	109254	37.6	0	100	0	0	0	126.068	1	1.823	0.315	0.981	1079	108120	498031	2376	0	0	126.068	1.823	0			LMFA12000239
1412	300.0131	299.0058	0.234			264911	367190	2	4	1	1.4	285	3	271473	376564	40.4	0	231.39	0	0	0	300.0131	1	0.234	0.123	0.996	1799	366855	497382	1519	0	0	300.0131	0.234	0			
1413	398.2117	433.1811	11.179	C22 H27 F N4 O2	Sunitinib	16981	189296	2	3		1.41	20	268	11767	130047	51.3	0	100	0	0	0	398.2117	1	11.193	0.201	0.339	1133	42310	497117	2683	0	0	434.1883	11.193	0	341031-54-7		
1414	286.2506	607.4733	10.197	C17 H34 O3	17-hydroxy-heptadecanoic acid	54604	302051	2	9		1.9	174	114	45319	287915	18.4	0	100	0	0	0	286.2507	1	10.194	0.309	0.806	4427	314485	846892	23181	0	0	286.2507	10.194	0			LMFA01050053
1415	758.4062	757.399	5.978			13194	61816	3	4	1	1.86	288	0	11639	50234	14.9	0	100	0	0	0	758.4062	1	5.979	0.117	0.154	2069	120634	495624	7633	0	0	758.4062	5.979	0			
1416	152.0332	151.0259	0.599	C5 H4 N4 O2	Xanthine	31147	255479	2	4	1	2.16	205	83	27743	246381	22.7	0	186.38	0	0	0	152.0333	1	0.615	0.226	0.457	10862	185734	495596	65452	0	0	152.0333	0.615	0	69-89-6	HMDB00292	
1417	611.3761	610.3715	10.051			9390	196979	2	6		2.75	279	9	8474	195869	34.9	0	100	0	0	0	611.3764	1	10.048	0.453	1.382	923	29668	495494	6452	0	0	611.3764	10.048	0			
1418	561.3051	560.2967	9.709			26969	202936	2	5	1	2.41	174	114	27411	203514	18.4	0	100	0	0	0	561.3047	1	9.713	0.228	0.914	3128	68915	495315	16458	0	0	561.3047	9.713	0			
1419	621.5335	1278.0339	12.101			13470	181562	2	5		4.89	199	89	15454	179803	60.6	0	100	0	0	0	621.5326	1	12.104	0.253	0.288	1181	33433	495011	2378	0	0	621.5326	12.104	0			
1420	533.2203	532.2132	10.256			38512	163957	2	3		1.75	267	21	39660	157923	21.5	0	100	0	0	0	533.2203	1	10.264	0.345	0.724	1576	68902	494900	8710	0	0	533.2203	10.264	0			
1421	666.5788	665.5725	10.801			26343	128879	2	5		2.98	246	42	23877	110851	18.5	0	100	0	0	0	666.5793	1	10.812	0.178	0.241	4350	74870	494899	19474	0	0	666.5793	10.812	0			
1422	312.2292	311.2226	8.424			27851	187465	2	6	1	2.9	241	47	25583	168194	21.9	0	100	0	0	0	312.2297	1	8.418	0.195	1.053	2250	124478	657628	10128	0	0	312.2297	8.418	0			
1423	156.0786	155.0713	1.789	C8 H12 O3	5-oxo-7-octenoic acid	14181	61368	2	2	1	0.84	132	156	10616	45420	21.3	0	100	0	0	0	156.0786	1	1.785	0.06	0.354	3489	105307	494132	12656	0	0	156.0786	1.785	0			
1424	621.364	620.3562	10.271			36054	249213	2	9		2.03	161	127	35847	255985	38.3	0	100	0	0	0	621.3639	1	10.272	0.468	1.058	885	97134	555716	3136	0	0	621.3639	10.272	0			
1425	873.498	872.4891	10.532			15709	286426	2	12		2.33	225	63	15215	283413	32.4	0	100	0	0	0	873.4983	1	10.512	0.363	0.688	1059	30940	493590	3671	0	0	873.4983	10.512	0			
1426	835.5719	834.5676	11.917			89584	288582	2	8	1	4.7	171	117	107974	311635	44.5	0	100	0	0	0	835.5729	1	11.914	0.394	0.93	3070	166067	492614	16942	0	0	835.5729	11.914	0			
1427	762.5594	761.5529	11.792	C45 H79 O7 P	"PA(O-20:0/22:6(4Z,7Z,10Z,13Z,16Z,19Z))"	36727	183773	2	6		3.56	199	89	37982	194588	37	0	100	0	0	0	762.56	1	11.795	0.386	0.324	1450	110055	490219	26052	0	0	762.56	11.795	0			LMGP10020070
1428	447.1639	446.156	9.285			13615	162801	2	5		6.21	81	207	9657	143148	30.2	0	100	0	0	0	447.1646	1	9.308	0.52	1.459	971	102986	490069	3010	0	0	447.1646	9.308	0			
1429	342.1209	683.2355	6.644	C18 H18 N2 O5	Dictyoquinazol C	12002	151952	2	4	2	2.92	181	107	12362	160513	32.2	0	100	0	0	0	342.1211	1	6.618	0.509	0.55	3469	26148	490060	8054	0	0	342.1211	6.618	0		HMDB40442	
1430	1045.9417	1044.9345	12.695			22291	228970	2	2		0.3	70	218	21479	197972	21.8	0	95.51	0	0	0	1045.9417	1	12.652	0.495	1.161	1406	41043	489747	12817	0	0	1045.9417	12.652	0			
1431	1029.8423	1028.8347	11.257			16481	116161	2	4		3.3	173	115	12275	89218	28.4	0	100	0	0	0	1029.8415	1	11.246	0.283	0.596	2238	71810	489074	13323	0	0	1029.8415	11.246	0			
1432	917.5191	916.5107	11.901			22227	153809	2	3	1	3.23	140	148	19157	140505	36.2	0	100	0	0	0	917.5184	1	11.908	0.436	0.339	2215	79981	488969	10778	0	0	917.5184	11.908	0			
1433	557.3471	602.3461	10.332			18536	166519	2	7	1	4.8	172	116	19089	155412	38.1	0	100	0	0	0	557.3474	1	10.356	0.527	1.623	2087	45058	488887	6071	0	0	557.3474	10.356	0			
1434	342.2767	341.2693	10.506	C20 H38 O4	MEDICA 16	26589	170187	2	13		1.81	38	250	29670	148238	39	0	100	0	0	0	342.2767	1	10.54	0.522	0.847	3198	57630	488210	5499	0	0	342.2767	10.54	0	87272-20-6		
1435	372.2872	407.2567	8.981			35589	284446	2	10	3	2.43	159	129	34018	284479	19.1	0	100	0	0	0	372.2873	1	8.949	0.392	1.674	1333	100239	881959	29078	0	0	372.2873	8.949	0			
1436	773.3914	772.3832	10.069			16589	185312	2	3		3.21	273	15	17158	167789	19.1	0	100	0	0	0	773.3908	1	10.069	0.303	0.76	753	30437	486715	6989	0	0	773.3908	10.069	0			
1437	394.3809	393.3737	12.272	C26 H50 O2	"22:1(5Z)(9Me,13Me,17Me,21Me)"	24261	87190	2	4		1.39	273	15	19488	65903	39.9	0	100	0	0	0	394.3809	1	12.277	0.34	0.791	1186	144696	486467	2342	0	0	394.3809	12.277	0			LMPR0104010028
1438	719.4888	778.5022	11.853			31920	183210	2	10	1	2.28	213	75	21526	135442	29.3	0	100	0	0	0	719.4889	1	11.851	0.283	0.57	911	122442	496127	1546	0	0	719.4889	11.851	0			
1439	270.2192	269.212	10.152	C16 H30 O3	Ambrettolic acid	20417	167447	2	2	1	0.61	230	58	19072	164393	15.3	0	100	0	0	0	270.2193	1	10.154	0.358	1.546	1536	49304	485700	4404	0	0	270.2193	10.154	0			LMFA01050106
1440	183.0353	228.0335	0.999	C8 H9 N O2 S	p-Hydroxyphenylacetothiohydroximate	38268	259582	2	4	1	0.36	151	137	32756	243721	16.3	0	181.76	0	0	0	183.0353	1	1.025	0.449	1.012	10414	150948	485370	84652	0	0	229.0407	1.025	0			
1441	1349.1576	1348.1501	12.582			11071	66248	2	4		3.7	268	20	5479	31143	36.2	0	100	0	0	0	1349.1569	1	12.589	0.186	0.267	1154	67070	483835	3591	0	0	1349.1569	12.589	0			
1442	1003.8272	1002.8191	11.273			17933	140730	2	5		4.11	197	91	17829	134007	22.6	0	100	0	0	0	1003.8261	1	11.271	0.159	0.585	2202	59025	483496	11562	0	0	1003.8261	11.271	0			
1443	270.2192	269.212	9.487	C16 H30 O3	15-oxo-hexadecanoic acid	44146	171041	2	4	1	0.85	182	106	41503	163201	18.7	0	100	0	0	0	270.2193	1	9.481	0.209	0.904	1465	153887	482461	9395	0	0	270.2193	9.481	0			LMFA01060105
1444	815.6485	814.6414	12.28			18212	143030	3	6		3.42	165	123	17645	124517	32.6	0	100	0	0	0	815.6483	1	12.288	0.15	0.39	1104	51085	482430	5578	0	0	815.6483	12.288	0			
1445	230.1876	229.1809	8.252	C13 H26 O3	"3-[[5-Methyl-2-(1-methylethyl)cyclohexyl]oxy]-1,2-propanediol"	25076	85004	2	3		3.85	265	23	18878	66033	14.5	0	100	0	0	0	230.1881	1	8.255	0.092	0.36	3830	143680	482217	13256	0	0	230.1881	8.255	0	87061-04-9	HMDB36133	
1446	426.371	471.3692	11.278	C26 H50 O4	Hexacosanedioic acid	36827	143906	2	4	1	0.3	228	60	28767	114034	21.2	0	100	0	0	0	426.371	1	11.287	0.167	0.293	12451	146437	481124	59788	0	0	472.3761	11.287	0			LMFA01170040
1447	495.332	494.3252	10.509	C24 H50 N O7 P	PE(19:0/0:0)	57739	340132	2	6		1.1	172	116	55409	338980	14.5	0	100	0	0	0	495.3321	1	10.513	0.223	0.75	2054	227603	1117586	9051	0	0	495.3321	10.513	0			LMGP02050028
1448	1289.0839	1348.0762	12.197			32214	157458	2	8		5.09	116	172	31130	145613	27.6	0	100	0	0	0	1289.0834	1	12.198	0.221	0.56	3647	94351	479814	8862	0	0	1289.0834	12.198	0			
1449	420.3598	479.374	10.818	C27 H48 O3	"(3alpha,5alpha,22R,23R)-Cholestane-3,22,23-triol"	31187	157942	2	5	1	3.08	182	106	31744	162947	30.4	0	100	0	0	0	420.3599	1	10.821	0.315	0.596	1152	90252	494252	4971	0	0	420.3599	10.821	0	378795-16-5	HMDB39463	
1450	724.3797	723.3726	11.293			27376	185778	2	10	1	3.2	122	166	17161	176733	69.4	0	100	0	0	0	724.3797	1	11.29	0.39	0.904	922	120035	478705	2207	0	0	724.3797	11.29	0			
1451	513.2845	558.281	9.105			27694	170536	2	8		5.29	201	87	27713	177078	31	0	100	0	0	0	513.2839	1	9.1	0.35	0.853	2028	53156	478686	26983	0	0	513.2839	9.1	0			
1452	362.213	361.2053	9.281			21590	117614	2	7		5.37	220	68	16821	89490	28.3	0	100	0	0	0	362.2127	1	9.284	0.333	0.894	949	84704	476859	5521	0	0	362.2127	9.284	0			
1453	558.2179	557.2113	6.073			21949	137937	4	5	1	1.44	288	0	20427	127553	8.6	0	100	0	0	0	558.2182	1	6.075	0.179	0.431	10983	91492	475802	60588	0	0	558.2182	6.075	0			
1454	857.557	856.5497	12.19			25746	186160	2	7		3.91	149	139	23904	171647	31.8	0	100	0	0	0	857.5567	1	12.189	0.527	0.431	5595	72373	474916	20386	0	0	857.5567	12.189	0			
1455	360.195	359.1838	8.043	C17 H24 N6 O3	Tryptophyl-Arginine	7426	53325	2	3		8.02	161	127	3218	30644	103.6	0	100	0	0	0	360.1952	1	8.071	0.526	0.955	1713	86805	473420	5733	0	0	360.1952	8.071	0		HMDB29077	
1456	618.4842	617.4759	9.408			13004	57094	2	4		5.39	198	90	5347	32793	36.3	0	100	0	0	0	618.4832	1	9.394	0.494	1.145	1496	129754	472857	1750	0	0	618.4832	9.394	0			
1457	219.11	218.1018	0.513			49305	213395	2	8	2	3.49	150	138	39299	187577	20.9	0	195.64	0	0	0	219.1103	1	0.464	0.171	0.724	8030	161993	472055	36303	0	0	219.1103	0.464	0			
1458	547.3343	546.3293	10.33			19707	137295	3	10	1	3.66	241	47	17691	131330	24.2	0	100	0	0	0	547.3346	1	10.34	0.291	0.878	5025	88395	471481	18733	0	0	547.3346	10.34	0			
1459	350.2692	349.2747	10.913	C22 H38 O3	"12,15-epoxy-13,14-dimethyleicosa-12,14-dienoic acid"	34962	222929	4	7	1	12.91	26	262	34887	231084	22.7	0	80	0	0	0	350.27	1	10.918	0.191	0.637	2062	83576	470732	21073	0	0	350.27	10.918	0			LMFA01150002
1460	434.1686	469.1382	4.121			15828	170715	2	5	2	0.37	270	18	15057	158204	14.3	0	100	0	0	0	434.1686	1	4.124	0.209	1.453	4233	43658	469268	63210	0	0	434.1686	4.124	0			
1461	565.374	610.3722	10.411	C28 H56 N O8 P	PE-NMe(11:0/11:0)	34243	212102	2	4		2.59	235	53	34085	214867	17.1	0	100	0	0	0	565.374	1	10.414	0.444	0.627	953	79872	468370	3835	0	0	611.3794	10.414	0			LMGP02010348
1462	1283.0034	1317.9734	11.821			21613	157231	2	10		1.84	255	33	20167	147471	28.5	0	100	0	0	0	1283.0035	1	11.839	0.447	0.76	928	66561	466789	3121	0	0	1283.0035	11.839	0			
1463	653.4898	652.482	11.736			21031	140802	3	4		6.75	234	54	23077	156901	42.3	0	100	0	0	0	653.4886	1	11.749	0.286	0.627	811	104485	466412	1245	0	0	653.4886	11.749	0			
1464	296.9921	356.0047	0.184			5773	41036	2	9		8.33	59	229	1733	18748	174.1	0	100	0	0	0	296.9909	1	0.136	0.337	0.231	1286	62926	466219	14049	0	0	296.9909	0.136	0			
1465	151.0489	150.0413	0.522	C5 H5 N5 O	Guanine	58645	338133	2	4	2	2.91	163	125	51197	339972	21.5	0	185.35	0	0	0	151.049	1	0.538	0.189	0.503	16006	151612	466192	94914	0	0	151.049	0.538	0	73-40-5	HMDB00132	
1466	510.3921	545.3611	10.424			21017	169827	2	6		1.62	205	83	20915	157170	18.1	0	100	0	0	0	510.392	1	10.425	0.316	0.806	891	46962	465724	7730	0	0	510.392	10.425	0			
1467	637.3945	696.4084	10.458			16395	242820	3	6		0.92	241	47	16242	243062	15.7	0	100	0	0	0	637.3946	1	10.461	0.216	0.847	5027	38835	464193	58789	0	0	637.3946	10.461	0			
1468	114.031	113.0234	0.468			55266	215951	2	6	1	4.51	191	97	46006	224173	42.4	0	194.8	0	0	0	114.0311	1	0.428	0.357	0.503	1014	193903	509798	5906	0	0	114.0311	0.428	0			
1469	250.0738	249.067	4.956	C15 H10 N2 O2	2-Methoxycanthin-6-one	21908	111126	2	4	1	1.85	285	3	21708	112074	0.6	0	100	0	0	0	250.074	1	4.957	0.102	0.272	8986	33983	185932	57934	0	0	250.074	4.957	0	116353-93-6	HMDB41064	
1470	857.6125	892.5888	12.271			17712	147263	2	13		3.93	98	190	16700	135910	24.7	0	100	0	0	0	857.6132	1	12.274	0.301	0.786	1520	45001	460453	10148	0	0	857.6132	12.274	0			
1471	173.8488	172.8425	0.34			22017	128894	3	5		10.01	11	277	21535	125411	72.4	0	100	0	0	0	173.8497	1	0.295	0.199	0.221	1003	86689	458698	3530	0	0	173.8497	0.295	0			
1472	650.621	649.6139	11.643	C42 H82 O4	"2S,3R-didecanoyl-docosane-2,3-diol"	49274	193063	2	3		0.38	272	16	46439	180071	22.1	0	100	0	0	0	650.621	1	11.651	0.153	0.2	2104	122521	457057	4775	0	0	650.621	11.651	0			LMFA07020001
1473	342.2195	341.212	9.434	C22 H30 O3	"2-Hydroxy-6-(8,11,14-pentadecatrienyl)benzoic acid"	32085	246155	2	7	2	1.44	196	92	30070	243475	22	0	100	0	0	0	342.2194	1	9.442	0.332	0.847	3822	109778	483002	55139	0	0	342.2194	9.442	0	103904-73-0	HMDB31059	
1474	937.5833	936.5759	12.264			29073	208579	2	3		1.13	273	15	26712	207150	19.9	0	100	0	0	0	937.5832	1	12.265	0.488	0.462	2197	68989	454428	13028	0	0	937.5832	12.265	0			
1475	893.8044	892.797	11.181			24002	124178	2	5	1	0.47	146	142	21151	106170	16.4	0	100	0	0	0	893.8044	1	11.178	0.305	0.401	5782	89623	452187	20285	0	0	893.8044	11.178	0			
1476	1519.1791	1518.1718	12.26			15076	107252	2	6		3.14	223	65	13442	102631	36.6	0	100	0	0	0	1519.1783	1	12.268	0.347	0.647	1072	67081	451241	1384	0	0	1519.1783	12.268	0			
1477	565.5441	610.5423	12.223	C36 H71 N O3	Cer(d16:1/20:0)	16154	108492	2	4		4.03	230	58	14235	101731	25.5	0	100	0	0	0	565.5441	1	12.233	0.222	0.657	1173	68807	450623	3202	0	0	611.5494	12.233	0			LMSP02010047
1478	650.621	709.6348	11.387	C42 H82 O4	"2S,3R-didecanoyl-docosane-2,3-diol"	22724	85270	2	3		1.62	271	17	18931	70253	26.5	0	95.47	0	0	0	650.621	1	11.397	0.133	0.231	1727	100462	448594	3067	0	0	710.6421	11.397	0			LMFA07020001
1479	210.1567	209.1546	5.619	C13 H22 O2	"3E,5E-Tridecadienoic acid"	28987	146391	2	3	1	10.19	221	67	32293	163813	8.3	0	100	0	0	0	210.1566	1	5.624	0.181	0.539	4676	94160	448397	21159	0	0	210.1566	5.624	0	103387-13-9		LMFA01030244
1480	837.7056	896.7195	12.701	C50 H95 N O8	Galbeta-Cer(d18:1/26:1(17Z))	32532	157747	3	4	1	1.29	267	21	29512	147510	18.5	0	100	0	0	0	837.7056	1	12.708	0.194	0.247	1970	117245	448255	3337	0	0	897.7268	12.708	0			LMSP0501AC08
1481	1034.6211	1033.6168	9.265			28924	225273	2	8	1	4.36	267	21	28779	217989	19.4	0	100	0	0	0	1034.6236	1	9.273	0.198	0.966	1792	72693	466999	11806	0	0	1034.6236	9.273	0			
1482	581.3679	580.3617	9.899	C28 H56 N O9 P	PS(22:0/0:0)	23511	198008	3	4	1	1.3	176	112	22795	195422	10.5	0	100	0	0	0	581.368	1	9.896	0.162	0.375	3414	66121	447728	29120	0	0	581.368	9.896	0			LMGP03050025
1483	633.3638	632.3565	10.481			21738	196981	2	6		0.47	264	24	21797	188826	17.1	0	100	0	0	0	633.3638	1	10.488	0.215	0.945	1430	43601	446969	16836	0	0	633.3638	10.488	0			
1484	282.2557	281.2486	11.273			21529	170192	2	6	1	0.72	114	174	18441	127809	78.5	0	100	0	0	0	282.2557	1	11.307	0.31	0.606	924	131928	820921	2868	0	0	282.2557	11.307	0			
1485	574.4233	633.4371	11.617	C35 H58 O6	Stigmasteryl glucoside	28304	114179	2	3		3.82	157	131	22874	94625	27.9	0	100	0	0	0	574.4233	1	11.626	0.395	0.416	702	132322	445572	3557	0	0	634.4439	11.626	0			LMST01040204
1486	978.5709	977.5635	9.505			21949	142054	3	5		6.59	160	128	21540	136141	11.3	0	100	0	0	0	978.5705	1	9.534	0.338	0.544	1520	85638	445408	19975	0	0	978.5705	9.534	0			
1487	298.2507	595.4939	10.001	C14 H30 N4 O5	Fortimicin AP	84160	517681	2	11	2	1.84	55	233	70545	425171	26.3	0	100	0	0	0	298.2506	1	10.02	0.298	1.058	1188	255139	1182407	13972	0	0	298.2506	10.02	0	2443-39-2		
1488	733.4892	732.482	12.417	C38 H72 N O10 P	PS(12:0/20:1(11Z))	35804	274239	2	3		2.07	144	144	35866	281928	17	0	100	0	0	0	733.4892	1	12.418	0.389	0.318	859	93394	688551	1673	0	0	733.4892	12.418	0			LMGP03010059
1489	507.2961	506.2883	9.865			24824	145968	2	7		2.12	225	63	23024	128195	28.1	0	100	0	0	0	507.2959	1	9.868	0.358	1.192	1610	63626	444637	10863	0	0	507.2959	9.868	0			
1490	607.384	666.3982	10.444			26042	190380	2	11		1.57	200	88	14451	156835	33.5	0	100	0	0	0	607.3841	1	10.442	0.304	1.145	976	104350	442394	2324	0	0	607.3841	10.442	0			
1491	731.4373	730.4302	10.521			17043	182670	2	5		2.81	270	18	17535	186397	39.3	0	100	0	0	0	731.437	1	10.526	0.439	0.863	764	36435	440911	1038	0	0	731.437	10.526	0			
1492	607.2884	606.2811	9.346			22800	192258	2	2	1	1.94	279	9	22751	190249	14.8	0	100	0	0	0	607.2883	1	9.352	0.212	0.514	1376	53481	439363	3236	0	0	607.2883	9.352	0			
1493	568.5894	567.5828	11.106			19261	152686	2	2		2.03	287	1	19320	145242	18	0	100	0	0	0	568.5892	1	11.106	0.275	0.437	1435	35659	438992	5788	0	0	568.5892	11.106	0			
1494	378.3131	377.306	11.377			23203	110029	2	4		1.22	182	106	19448	90308	22.2	0	100	0	0	0	378.3132	1	11.387	0.459	0.627	3177	107726	438918	15020	0	0	378.3132	11.387	0			
1495	629.2313	628.2243	7.788			35141	184498	2	4	1	3.45	104	184	25343	147306	40.1	0	100	0	0	0	629.2311	1	7.792	0.373	1.289	944	99595	438798	2453	0	0	629.2311	7.792	0			
1496	289.1349	288.1275	5.723	C16 H20 Cl N3	Chloropyramine	22834	220362	2	2	1	6.82	34	254	21310	214432	30.1	0	100	0	0	0	289.1347	1	5.725	0.173	0.421	1641	51868	438273	16567	0	0	289.1347	5.725	0	59-32-5	HMDB15690	
1497	572.476	571.4691	11.844			37283	158416	2	5		0.6	273	15	35236	151338	37.1	0	100	0	0	0	572.4761	1	11.852	0.117	0.313	1979	113130	438066	4150	0	0	572.4761	11.852	0			
1498	499.2686	498.2613	8.79	C25 H42 N O7 P	"PE(20:5(5Z,8Z,11Z,14Z,17Z)/0:0)"	97700	255254	2	7	1	2.74	126	162	79814	241403	54.7	0	100	0	0	0	499.2685	1	8.791	0.259	0.755	950	375811	1143737	4023	0	0	499.2685	8.791	0			LMGP02050027
1499	509.2751	508.2678	9.584	C23 H44 N O9 P	PS(17:1(9Z)/0:0)	29051	234261	2	3		0.64	157	131	27219	224572	11.3	0	100	0	0	0	509.2751	1	9.589	0.229	0.36	1111	126537	437282	3239	0	0	509.2751	9.589	0			LMGP03050033
1500	443.2093	502.2231	10.219			31889	163413	2	6	1	1.59	275	13	27617	149077	34.8	0	100	0	0	0	443.2094	1	10.231	0.432	1.13	1883	96474	437192	4167	0	0	443.2094	10.231	0			
1501	123.0683	122.061	1.962	C7 H9 N O	2-Acetyl-1-methylpyrrole	40534	197757	2	2	1	0.86	276	12	40169	187084	6.3	0	100	0	0	0	123.0683	1	1.96	0.069	0.406	6983	88496	437138	36200	0	0	123.0683	1.96	0	932-16-1	HMDB40360	
1502	839.5662	838.5599	13.052	C46 H82 N O10 P	"PS(18:0/22:4(7Z,10Z,13Z,16Z))"	38161	204230	2	8	2	4.51	53	235	12406	108268	76.4	0	100	0	0	0	839.5662	1	13.053	0.268	1.094	4506	308240	2235972	23416	0	0	839.5662	13.053	0			LMGP03010883
1503	667.4985	666.4987	11.923			28093	269324	2	9		5.52	176	112	27046	295474	27.5	0	100	0	0	0	667.4981	1	11.928	0.253	0.832	1696	134512	647634	18538	0	0	667.4981	11.928	0			
1504	776.6193	775.6127	13.292			39727	289291	2	11	1	3.27	157	131	25822	233871	32.2	0	100	0	0	0	776.6196	1	13.293	0.415	1.238	2371	802776	4690546	26254	0	0	776.6196	13.293	0			
1505	186.1613	185.1547	8.458	C11 H22 O2	Undecanoic acid	28481	108008	2	2	1	4.52	275	13	23916	89107	5.2	0	100	0	0	0	186.1618	1	8.462	0.191	0.252	4094	117597	436143	15102	0	0	186.1618	8.462	0	112-37-8	HMDB00947	LMFA01010011
1506	533.2725	532.2651	8.979			27330	205936	2	5		1.02	250	38	25480	187038	16.1	0	100	0	0	0	533.2725	1	8.981	0.196	0.272	1394	51853	446543	4076	0	0	533.2725	8.981	0			
1507	355.3086	354.3013	10.692	C21 H41 N O3	N-stearoyl alanine	30602	145306	2	4		2.13	235	53	27666	131047	13.7	0	100	0	0	0	355.3085	1	10.695	0.213	0.457	834	93489	435734	3975	0	0	355.3085	10.695	0			LMFA08020125
1508	721.5041	720.4973	12.013	C41 H72 N O7 P	"PE(P-18:1(9Z)/18:4(6Z,9Z,12Z,15Z))"	58111	381718	2	10	2	1.95	88	200	59580	386431	33.1	0	100	0	0	0	721.5043	1	12.012	0.223	0.919	980	122962	905005	8445	0	0	721.5043	12.012	0		HMDB11445	
1509	535.2884	534.2871	9.538			24466	111416	2	3	1	0.94	202	86	23705	107690	14.3	0	100	0	0	0	535.2884	1	9.547	0.317	0.329	3176	68541	433938	25207	0	0	535.2884	9.547	0			
1510	272.2696	271.2644	9.834	C17 H36 O2	"iso-1,2-heptadecanediol"	25861	92045	2	2		5.57	257	31	20369	67482	18.7	0	100	0	0	0	272.269	1	9.846	0.253	0.354	2773	112528	433443	3548	0	0	272.269	9.846	0			LMFA05000069
1511	733.623	732.6169	11.456			18086	160296	2	7		1.83	272	16	16923	146514	30.3	0	100	0	0	0	733.6228	1	11.462	0.204	0.724	5670	50071	432895	22751	0	0	733.6228	11.462	0			
1512	677.5952	676.5881	12.478			31181	131985	2	3		0.85	186	102	29969	125614	26.3	0	100	0	0	0	677.5953	1	12.488	0.144	0.282	1321	95598	432881	5263	0	0	677.5953	12.488	0			
1513	467.301	466.2938	9.9	C22 H46 N O7 P	PE(17:0/0:0)	61149	270038	2	4	1	2.14	131	157	67700	304215	40.7	0	100	0	0	0	467.3009	1	9.909	0.319	0.365	757	112251	503744	1448	0	0	467.3009	9.909	0			LMGP02050030
1514	983.8364	982.8292	11.775			27340	123946	2	4		2.68	242	46	26778	113556	32.1	0	91.9	0	0	0	983.8361	1	11.787	0.337	0.452	1964	92760	431647	5010	0	0	983.8361	11.787	0			
1515	530.4307	529.4233	10.093			11010	87910	2	2		1.18	272	16	8857	64626	38	0	100	0	0	0	530.4307	1	10.087	0.315	0.601	1716	38743	431492	7288	0	0	530.4307	10.087	0			
1516	408.1945	407.1873	9.892	C22 H29 F O6	6-Hydroxydexamethasone	17055	121968	2	3		2.6	194	94	15059	100290	31.1	0	100	0	0	0	408.1944	1	9.898	0.299	0.452	1589	76921	531223	5369	0	0	408.1944	9.898	0	55879-47-5		
1517	766.456	801.4254	6.185	C45 H67 O8 P	"PA(20:5(5Z,8Z,11Z,14Z,17Z)/22:6(4Z,7Z,10Z,13Z,16Z,19Z))"	11974	57789	3	4	1	2.61	288	0	10782	49071	16.2	0	100	0	0	0	766.456	1	6.186	0.119	0.252	2074	94102	430014	10028	0	0	802.4323	6.186	0			LMGP10010855
1518	776.2899	775.2827	6.628			27834	267593	2	6	2	0.49	241	47	27047	267776	13	0	100	0	0	0	776.29	1	6.627	0.085	0.395	16076	47342	429934	114627	0	0	776.29	6.627	0			
1519	709.4339	708.4237	11.303			15354	139867	2	4		3.22	276	12	15974	133930	23.4	0	100	0	0	0	709.4339	1	11.304	0.144	0.508	863	38182	429865	7431	0	0	709.4339	11.304	0			
1520	162.0509	161.043	0.408			25786	163754	2	4	1	5.93	268	20	22279	168201	25	0	204.24	0	0	0	162.0509	1	0.41	0.319	0.668	3312	115057	429576	11723	0	0	162.0509	0.41	0			
1521	541.283	540.276	11.623			44231	164979	2	3		1.5	285	3	46309	168050	29.2	0	100	0	0	0	541.283	1	11.632	0.268	0.303	1177	94052	428487	2143	0	0	541.283	11.632	0			
1522	650.418	649.4121	9.392			10451	55510	2	6		5.41	248	40	4162	33152	57.6	0	100	0	0	0	650.4179	1	9.366	0.253	0.37	881	86916	427455	3647	0	0	650.4179	9.366	0			
1523	238.1563	237.1496	5.392	C14 H22 O3	"(9R,13R)-1a,1b-dihomo-jasmonic acid"	14372	129728	2	2	1	2.66	269	19	11778	116303	32.2	0	100	0	0	0	238.1567	1	5.395	0.196	0.534	1372	44944	427123	4073	0	0	238.1567	5.395	0			LMFA02010010
1524	208.067	207.0599	2.357			75947	319892	2	4	2	0.54	110	178	72855	321182	11.5	0	100	0	0	0	208.067	1	2.353	0.143	0.339	27996	137488	426397	178860	0	0	208.067	2.353	0			
1525	664.5065	699.4759	12.4	C43 H68 O5	"DG(22:6(4Z,7Z,10Z,13Z,16Z,19Z)/18:2(9Z,12Z)/0:0)"	17788	123262	2	3		3.82	199	89	12560	90173	44.2	0	100	0	0	0	664.5065	1	12.406	0.359	0.359	838	62779	425856	1161	0	0	700.4832	12.406	0		HMDB07770	
1526	216.0399	215.0327	0.277			100645	292632	2	4	1	0.45	164	124	95600	276834	17.3	0	201.19	0	0	0	216.0399	1	0.277	0.068	0.293	5427	281546	835940	9377	0	0	216.0399	0.277	0			
1527	731.5461	730.5393	12.403	C40 H78 N O8 P	"1,2-Dierucoyl-SN-Glycero-3-Phosphoethanolamine"	51935	254081	2	8	2	2.1	92	196	51607	250131	24.3	0	100	0	0	0	731.5465	1	12.416	0.459	0.704	6159	102821	424866	18899	0	0	731.5465	12.416	0	904304-57-0		
1528	1359.0115	1358.0048	11.916			29823	202613	2	7		1.55	266	22	31118	212096	30.2	0	100	0	0	0	1359.0115	1	11.924	0.203	0.565	1460	62558	424567	6421	0	0	1359.0115	11.924	0			
1529	892.5371	891.5311	10.549	C55 H72 Mg N4 O5	Chlorophyll a	20003	117381	2	3		2.36	276	12	18792	107628	33	0	100	0	0	0	892.5376	1	10.556	0.35	0.395	1115	65983	424132	3117	0	0	892.5376	10.556	0	479-61-8	HMDB38578	
1530	270.2191	269.2118	9.046	C16 H30 O3	15-oxo-hexadecanoic acid	44619	231101	2	5	1	1.52	227	61	41781	226207	25.9	0	100	0	0	0	270.2193	1	9.049	0.26	1.202	4125	107939	423783	12429	0	0	270.2193	9.049	0			LMFA01060105
1531	1501.1707	1546.1769	12.255			13156	129305	2	12		5.21	207	81	12747	117884	49.3	0	100	0	0	0	1501.171	1	12.269	0.363	0.693	729	41148	423582	1562	0	0	1501.171	12.269	0			
1532	384.3241	419.2935	10.843	C23 H44 O4	Tetrahydropersin	33476	182345	2	5	1	1.85	244	44	27837	139382	19.3	0	100	0	0	0	384.3241	1	10.832	0.263	0.534	969	306378	1671867	3394	0	0	420.3004	10.832	0	163955-67-7	HMDB36344	
1533	973.8155	972.8082	11.265			33368	172494	2	4	1	1.15	254	34	31306	163060	18.2	0	100	0	0	0	973.8155	1	11.27	0.084	0.318	2933	78497	422752	13594	0	0	973.8155	11.27	0			
1534	444.2546	443.2472	10.693	C16 H32 N10 O5	Arg Asn Arg	21842	214618	2	8	1	2.37	209	79	21362	215418	11.3	0	100	0	0	0	444.2545	1	10.693	0.269	0.976	855	55297	421834	12617	0	0	444.2545	10.693	0			
1535	797.5569	796.5495	9.964	C44 H80 N O9 P	"PS(O-16:0/22:4(7Z,10Z,13Z,16Z))"	24219	162272	2	5		2.06	279	9	23672	155079	18.9	0	100	0	0	0	797.5567	1	9.969	0.224	0.591	844	51555	420239	1572	0	0	797.5567	9.969	0			LMGP03020017
1536	744.5421	743.534	11.646	C46 H79 O8 P	"PA(22:6(4Z,7Z,10Z,13Z,16Z,19Z)/21:0)"	17355	143443	2	5	1	3.08	245	43	14147	130710	42.6	0	100	0	0	0	744.5417	1	11.651	0.548	0.704	1841	99059	420193	11772	0	0	744.5417	11.651	0			LMGP10010840
1537	1070.2897	534.1349	0.491			2497	23209	2	5		5.43	112	176	1731	10046	158	0	100	0	0	0	1070.289	1	0.496	0.258	0.282	816	28356	464031	1129	0	0	1070.289	0.496	0			
1538	551.5276	586.497	12.218	C35 H69 N O3	Cer(d15:1/20:0)	25625	143341	2	7	1	2.11	197	91	20799	135900	28.8	0	100	0	0	0	551.5276	1	12.218	0.217	0.935	793	90323	428961	1850	0	0	587.5041	12.218	0			LMSP02010043
1539	827.6846	886.6985	12.637			15347	120157	2	10		4	183	105	13153	110327	42.8	0	100	0	0	0	827.6847	1	12.648	0.329	0.36	993	57077	416991	2732	0	0	827.6847	12.648	0			
1540	649.3581	648.3515	9.493			20533	187742	2	6	1	2.81	206	82	19001	178909	22.3	0	100	0	0	0	649.3579	1	9.487	0.369	1.145	2129	48106	416563	41450	0	0	649.3579	9.487	0			
1541	386.2435	385.2362	10.394			17940	162146	2	6	1	1.7	221	67	17924	161096	32.7	0	100	0	0	0	386.2434	1	10.395	0.261	0.745	1496	37931	414533	2166	0	0	386.2434	10.395	0			
1542	669.583	668.5745	12.702			14304	114637	2	5	1	3.44	267	21	11164	88188	38.3	0	100	0	0	0	669.5827	1	12.71	0.263	0.714	1449	68567	414392	5409	0	0	669.5827	12.71	0			
1543	615.3531	614.3457	10.323			16797	191882	2	11		1.07	245	43	17134	199315	26.5	0	100	0	0	0	615.3532	1	10.335	0.363	1.623	2604	34119	384172	6147	0	0	615.3532	10.335	0			
1544	723.5187	722.5124	12.141			35398	186966	2	10	3	3.54	55	233	41168	159564	50.2	0	100	0	0	0	723.5195	1	12.148	0.389	1.012	2442	91929	412970	9455	0	0	723.5195	12.148	0			
1545	405.1493	440.1187	10.591	C21 H22 F3 N3 S	N-Desalkylflupenthixol	3968	30846	3	5		3.58	43	245	1197	3990	120	0	100	0	0	0	405.1493	1	10.582	0.152	0.226	779	40849	412780	1470	0	0	441.126	10.582	0			
1546	471.241	470.2337	11.178			10474	157361	2	6		1.99	223	65	10707	169121	32.7	0	100	0	0	0	471.2409	1	11.177	0.353	1.022	1691	21922	411352	3705	0	0	471.2409	11.177	0			
1547	586.4956	645.5095	10.209	C38 H66 O4	Erythrinasinate A	48588	167840	3	3		0.29	272	16	46162	156287	33.7	0	100	0	0	0	586.4956	1	10.221	0.148	0.216	8100	113417	410729	32207	0	0	646.5169	10.221	0	102607-46-5	HMDB38713	
1548	834.6096	833.6019	11.081			25137	188074	2	3		1.59	233	55	23446	177291	19.5	0	100	0	0	0	834.6094	1	11.083	0.239	0.334	2208	60519	410690	7681	0	0	834.6094	11.083	0			
1549	618.3318	653.3012	10.916	C25 H46 N8 O10	Minosaminomycin	17860	82856	2	5	1	5.96	33	255	5213	32451	89.3	0	100	0	0	0	618.3318	1	10.938	0.335	0.899	948	198920	410478	2420	0	0	654.3085	10.938	0	51746-09-9		
1550	443.2096	442.2026	10.671			15764	184836	3	4		1.93	79	209	13436	183297	24.3	0	100	0	0	0	443.2096	1	10.618	0.467	1.207	1141	52017	410180	8796	0	0	443.2096	10.618	0			
1551	850.4784	849.4714	12.822			19514	202026	2	4		4.57	86	202	20887	232324	60.8	0	100	0	0	0	850.4783	1	12.807	0.374	0.365	777	73699	669789	3108	0	0	850.4783	12.807	0			
1552	464.3867	463.379	11.109			25274	162784	2	6		2.33	281	7	22924	149369	19	0	100	0	0	0	464.3866	1	11.116	0.391	0.38	1087	73626	409933	1625	0	0	464.3866	11.116	0			
1553	382.0161	381.0089	0.237			245493	311834	2	3		0.45	280	8	248147	319119	45.8	0	234.91	0	0	0	382.0161	1	0.237	0.017	0.919	8869	335174	409826	15042	0	0	382.0161	0.237	0			
1554	662.5846	707.5828	12.935	C42 H78 O5	"DG(19:0/20:2(11Z,14Z)/0:0)[iso2]"	19856	139453	2	3		3.05	78	210	19599	130730	35.2	0	100	0	0	0	662.5846	1	12.934	0.448	0.467	2129	43922	408626	10077	0	0	708.5901	12.934	0			LMGL02010129
1555	951.6986	950.6912	12.507			17802	91999	2	3		3.34	209	79	9669	52446	46.5	0	100	0	0	0	951.6981	1	12.512	0.214	0.277	811	78337	408375	1337	0	0	951.6981	12.512	0			
1556	591.3515	650.3665	9.955			23989	193806	2	9	2	1.93	78	210	24547	180496	23.2	0	100	0	0	0	591.3513	1	9.941	0.47	0.652	4967	44504	406162	80254	0	0	591.3513	9.941	0			
1557	372.2845	371.2797	10.748			7136	58127	2	4		7.91	274	14	6171	48156	45.2	0	100	0	0	0	372.2856	1	10.763	0.302	0.873	1745	51471	405212	4042	0	0	372.2856	10.763	0			
1558	1023.4758	1082.4877	7.864			11027	146657	2	9	1	4.37	201	87	9716	126464	61.9	0	100	0	0	0	1023.4745	1	7.874	0.309	1.012	930	26162	404097	6278	0	0	1023.4745	7.874	0			
1559	250.1931	249.1858	9.348	C16 H26 O2	"(E)-2-Hexenyl (E)-7,9-decadienoate"	39152	200603	2	8	2	1.16	210	78	32826	183516	15.2	0	100	0	0	0	250.1931	1	9.352	0.258	0.94	7062	123846	595472	18377	0	0	250.1931	9.352	0			LMFA07010584
1560	160.0735	159.0662	1.612	C7 H12 O4	Pimelic acid	14513	71496	2	2	1	0.66	246	42	12707	62182	11	0	100	0	0	0	160.0735	1	1.61	0.053	0.421	4847	89522	403757	26870	0	0	160.0735	1.61	0	111-16-0	HMDB00857	LMFA01170051
1561	781.5969	826.5961	12.548	C45 H84 N O7 P	"PE(P-20:0/20:3(8Z,11Z,14Z))"	29233	230063	2	10	1	3.48	160	128	28444	225778	26.2	0	100	0	0	0	781.5976	1	12.581	0.542	1.073	4317	80632	439170	35624	0	0	781.5976	12.581	0			LMGP02030084
1562	411.4066	446.376	11.866	C26 H53 N O2	C-8 Ceramine	31146	124549	2	3		0.76	241	47	27424	100935	29.8	0	100	0	0	0	411.4066	1	11.871	0.144	0.868	783	99787	402166	1704	0	0	447.3834	11.871	0	170926-06-4		
1563	649.4119	648.4055	9.388			14468	72169	2	6	1	3.97	247	41	8562	59252	51.2	0	100	0	0	0	649.4125	1	9.356	0.446	0.781	559	94024	401589	7595	0	0	649.4125	9.356	0			
1564	701.5418	746.5425	11.464			17575	200731	2	10	1	3.26	157	131	15009	205870	39.5	0	100	0	0	0	701.5422	1	11.471	0.254	1.094	1765	245871	401340	6970	0	0	701.5422	11.471	0			
1565	216.1356	215.1288	6.049	C11 H20 O4	Undecanedioic acid	22212	83907	2	2	1	3.67	274	14	17940	70879	5.4	0	100	0	0	0	216.136	1	6.051	0.167	0.211	5838	119764	400446	27477	0	0	216.136	6.051	0	1852-04-6	HMDB00888	LMFA01170007
1566	202.1201	201.1132	5.093	C10 H18 O4	Sebacic acid	20706	81182	2	2	1	2.57	282	6	17745	71814	8.4	0	100	0	0	0	202.1204	1	5.095	0.129	0.365	3321	115643	399580	16948	0	0	202.1204	5.095	0	111-20-6	HMDB00792	LMFA01170006
1567	687.4821	686.4681	11.901			30973	162238	2	8	1	4.49	225	63	23270	134519	29.6	0	100	0	0	0	687.4827	1	11.874	0.478	1.269	710	147297	598963	1468	0	0	687.4827	11.874	0			
1568	712.5637	711.5569	10.568			22785	121498	2	3		0.44	233	55	18117	103640	17.6	0	100	0	0	0	712.5637	1	10.581	0.158	0.627	4491	102453	397915	24809	0	0	712.5637	10.581	0			
1569	90.0316	89.0249	0.382	C3H6O3	D-Lactic acid	245492	278675	2	5	3	5.26	49	239	260285	278508	39	0	144.07	0	0	0	90.0316	1	0.376	0.16	0.272	25022	640773	397670	104609	0	0	90.0316	0.376	0	10326-41-7		
1570	966.5533	965.5463	10.548			25945	141239	3	3		2.12	273	15	21555	130804	24.4	0	100	0	0	0	966.5532	1	10.555	0.583	0.431	684	83123	397321	6439	0	0	966.5532	10.555	0			
1571	534.4623	533.4547	10.553			13980	116642	2	3		1.55	31	257	10542	76793	42.3	0	100	0	0	0	534.462	1	10.574	0.352	0.324	2237	53401	397299	15775	0	0	534.462	10.574	0			
1572	634.5166	633.5095	10.248			24358	167540	2	8	1	3.24	248	40	21975	157128	28.7	0	100	0	0	0	634.5165	1	10.25	0.321	0.93	1367	65475	395816	11514	0	0	634.5165	10.25	0			
1573	230.1513	229.1445	5.534	C12 H22 O4	Dodecanedioic acid	47129	184183	2	2	1	2.97	278	10	41415	166291	3.2	0	100	0	0	0	230.1517	1	5.535	0.093	0.236	9510	108646	395705	31787	0	0	230.1517	5.535	0	693-23-2	HMDB00623	LMFA01170009
1574	160.1099	159.1027	4.157	C8 H16 O3	3-Hydroxyvalproic acid	37084	163287	2	2	1	1.21	279	9	31968	143149	1.3	0	100	0	0	0	160.1099	1	4.16	0.1	0.308	9827	87850	395461	42621	0	0	160.1099	4.16	0	58888-84-9		
1575	645.5092	644.5023	11.284	C36 H72 N O6 P	CerP(d18:1/18:0)	23678	182666	2	7	1	3.86	224	64	23193	179289	31.8	0	100	0	0	0	645.5094	1	11.299	0.422	0.832	1070	54212	394873	6045	0	0	645.5094	11.299	0			LMSP02050004
1576	144.1146	143.1073	6.092	C8 H16 O2	2-Hydroxyoctan-3-one	39049	172375	2	2	1	4.34	270	18	38042	165847	4.5	0	100	0	0	0	144.115	1	6.095	0.106	0.334	5176	95114	392239	33103	0	0	144.115	6.095	0			LMFA12000123
1577	709.4315	708.4246	10.614			15924	109200	2	5	1	3.33	264	24	12161	93944	31.9	0	100	0	0	0	709.4313	1	10.617	0.362	0.437	1875	74764	392214	12743	0	0	709.4313	10.617	0			
1578	254.2259	253.226	10.472			32932	229816	2	8		5.96	183	105	34740	225894	26.3	0	100	0	0	0	254.2259	1	10.472	0.473	1.161	4083	106745	391918	26193	0	0	254.2259	10.472	0			
1579	1267.0796	1266.0722	12.349			15642	76016	2	4		3.08	258	30	14599	71910	48.8	0	86.38	0	0	0	1267.079	1	12.354	0.183	0.216	780	84181	391741	1373	0	0	1267.079	12.354	0			
1580	680.2921	725.2903	9.271	C30 H48 O17	Vomifoliol 9-[glucosyl-(1->4)-xylosyl-(1->6)-glucoside]	13481	169577	2	3	1	0.6	161	127	13560	168727	16.8	0	100	0	0	0	680.2921	1	9.276	0.259	0.786	5204	22284	391696	49092	0	0	726.2976	9.276	0	141947-49-1	HMDB38449	
1581	378.2738	437.2865	10.984			25521	110527	2	5	1	4.08	183	105	21410	91826	44.3	0	100	0	0	0	378.2743	1	10.995	0.408	0.991	2162	56050	390819	13983	0	0	378.2743	10.995	0			
1582	475.2693	474.2624	9.012	C23 H42 N O7 P	"PE(18:3(9Z,12Z,15Z)/0:0)"	31003	187351	2	11	1	5.39	102	186	20095	153814	59.7	0	100	0	0	0	475.2696	1	8.943	0.485	0.909	1205	165978	516721	5888	0	0	475.2696	8.943	0			LMGP02050029
1583	609.4596	608.4503	11.698			20697	137604	2	7		5.19	245	43	22122	139863	42.9	0	100	0	0	0	609.4583	1	11.716	0.306	0.889	923	76453	389803	4346	0	0	609.4583	11.716	0			
1584	595.4632	594.456	12.307			20117	115620	2	3	1	2.17	243	45	16483	107626	28.5	0	100	0	0	0	595.4631	1	12.322	0.235	0.282	1139	80865	389748	2999	0	0	595.4631	12.322	0			
1585	358.3079	393.2773	10.751	C21 H42 O4	MG(0:0/18:0/0:0)	32289	193303	2	4	1	0.81	230	58	29184	174700	19.3	0	100	0	0	0	358.3079	1	10.738	0.274	0.39	938	84724	710576	1581	0	0	394.2847	10.738	0		HMDB11535	
1586	827.5996	886.5973	12.399			29632	201797	2	9		7.07	109	179	30932	228505	40.9	0	100	0	0	0	827.6028	1	12.422	0.478	1.274	1058	90228	389900	10248	0	0	827.6028	12.422	0			
1587	717.6269	716.6197	12.677			16174	66306	2	3	1	1.52	265	23	13229	54667	32	0	100	0	0	0	717.6267	1	12.685	0.172	0.303	1045	113813	387070	1528	0	0	717.6267	12.685	0			
1588	318.074	377.0851	0.626			17905	197524	2	7	1	2.13	176	112	17750	191169	22.9	0	187.99	0	0	0	318.0742	1	0.644	0.414	0.616	2633	50570	386675	11580	0	0	318.0742	0.644	0			
1589	654.5219	699.5201	9.938	C42 H70 O5	"DG(17:0/22:6(4Z,7Z,10Z,13Z,16Z,19Z)/0:0)[iso2]"	19234	125924	2	3		0.34	234	54	16500	103873	22.7	0	100	0	0	0	654.5219	1	9.948	0.166	0.421	4891	57997	386260	20752	0	0	700.5274	9.948	0			LMGL02010185
1590	696.4725	695.4659	13.13	C39 H69 O8 P	"1,2-Di-(9Z,12Z-octadecadienoyl)-sn-glycero-3-phosphate"	18518	225196	2	6	1	0.72	20	268	16228	135200	55.5	0	100	0	0	0	696.4725	1	13.13	0.218	0.596	4444	59530	1114260	41252	0	0	696.4725	13.13	0	13397-95-0	HMDB31092	
1591	290.2242	335.2173	9.986			22225	218651	2	7	1	1.72	205	83	20546	213212	18.2	0	100	0	0	0	290.2243	1	9.982	0.265	0.637	7741	106666	433144	50080	0	0	290.2243	9.982	0			
1592	614.5183	613.4985	12.173			14271	265217	2	16		5.6	85	203	10918	270931	27.4	0	100	0	0	0	614.5194	1	12.176	0.244	0.678	2918	59295	384722	9256	0	0	614.5194	12.176	0			
1593	519.3771	578.3913	11.673			17587	101805	2	7		2.58	265	23	17315	96500	29.8	0	100	0	0	0	519.3772	1	11.673	0.43	0.745	1269	80492	384620	5032	0	0	519.3772	11.673	0			
1594	286.2506	285.2433	10.025	C17 H34 O3	17-hydroxy-heptadecanoic acid	42235	217198	2	7	1	1.89	203	85	42453	208545	21.6	0	100	0	0	0	286.2506	1	10	0.289	0.801	2224	102746	384147	6209	0	0	286.2506	10	0			LMFA01050053
1595	683.531	682.5238	11.973	C39 H73 N O8	"GlcCer(d15:2(4E,6E)/18:0)"	16136	107010	2	3		2.68	174	114	16988	109467	35	0	100	0	0	0	683.5309	1	11.99	0.303	0.524	1107	62672	383622	5372	0	0	683.5309	11.99	0			LMSP0501AA58
1596	1373.0839	1372.0769	12.104			14993	107328	2	7		2.79	272	16	14559	114894	42.5	0	100	0	0	0	1373.0835	1	12.111	0.193	0.811	882	48245	383063	2040	0	0	1373.0835	12.111	0			
1597	208.0193	207.0121	1.884	C10 H8 O3 S	2-Naphthalenesulfonic acid	12286	73911	2	2	1	0.63	236	52	10152	58823	18	0	100	0	0	0	208.0193	1	1.888	0.079	0.298	3165	58610	382822	8550	0	0	208.0193	1.888	0	120-18-3		
1598	200.1406	199.1339	6.296	C11 H20 O3	2R-hydroxy-10-undecenoic acid	25518	147506	2	2	1	4.17	265	23	23619	137632	7.3	0	100	0	0	0	200.1411	1	6.296	0.258	0.313	3554	67838	382557	9010	0	0	200.1411	6.296	0			
1599	421.1679	480.1818	9.662	C25 H24 F N O4	pitavastatin	20760	134197	2	2		0.4	234	54	19613	122336	8.1	0	100	0	0	0	421.1679	1	9.67	0.106	0.318	3662	48706	382312	16283	0	0	481.1889	9.67	0	147511-69-1	HMDB41991	
1600	456.2173	455.2099	10.762			24264	219600	2	8	1	3.36	131	157	16156	187319	42.2	0	100	0	0	0	456.2172	1	10.763	0.294	1.428	1056	81706	897074	14385	0	0	456.2172	10.763	0			
1601	266.1527	531.2982	8.653	C12H26O4S	Lauryl hydrogen sulfate	8699	123612	3	9	2	5.86	31	257	4179	53797	70.3	0	100	0	0	0	266.1527	1	8.665	0.369	1.079	1147	34503	382283	6213	0	0	266.1527	8.665	0	151-21-3		
1602	819.6534	854.6274	12.829			12522	110531	2	5		3.82	131	157	12231	94466	65.6	0	100	0	0	0	819.653	1	12.855	0.466	0.503	607	29988	381086	1417	0	0	819.653	12.855	0			
1603	254.1512	253.1443	5.603	C14 H22 O4	C75	23393	109724	2	2	1	2.8	278	10	27066	119354	20.9	0	100	0	0	0	254.1516	1	5.609	0.096	0.472	4956	92889	380691	26035	0	0	254.1516	5.609	0	191282-48-1		
1604	380.2912	379.2829	11.41			15306	96097	2	4	1	4.75	268	20	14918	87052	39.1	0	100	0	0	0	380.2905	1	11.415	0.323	0.544	1150	45704	380075	8874	0	0	380.2905	11.415	0			
1605	188.1407	187.134	6.479	C10 H20 O3	3-Hydroxycapric acid	37570	168317	2	2	1	4.4	249	39	40151	179316	1.5	0	100	0	0	0	188.1411	1	6.484	0.087	0.231	10144	95954	379509	49790	0	0	188.1411	6.484	0	14292-26-3	HMDB02203	LMFA01050153
1606	566.1202	565.1126	4.289	C32 H22 O10	Isoginkgetin	14997	111554	2	3		0.99	235	53	10500	77353	20.5	0	100	0	0	0	566.1201	1	4.295	0.202	0.524	3007	55290	378385	24762	0	0	566.1201	4.295	0	548-19-6		
1607	727.593	762.5654	12.024			39437	169908	2	7		3.22	97	191	34164	155789	37.5	0	100	0	0	0	727.593	1	12.028	0.304	0.344	1926	132030	378051	15426	0	0	727.593	12.028	0			
1608	370.3445	369.337	11.722	C23 H46 O3	2-hydroxy-tricosanoic acid	17355	59958	2	2		1.86	267	21	14539	50694	24.6	0	100	0	0	0	370.3445	1	11.729	0.157	0.241	1598	100295	377848	3171	0	0	370.3445	11.729	0			LMFA01050212
1609	595.4419	594.4346	11.551			27872	98787	2	3		2.95	227	61	27809	98380	46.5	0	100	0	0	0	595.442	1	11.559	0.108	0.401	869	112966	377299	1808	0	0	595.442	11.559	0			
1610	653.5526	652.5436	12.463			27095	161885	2	6		4.78	160	128	21332	153772	31.1	0	100	0	0	0	653.5522	1	12.474	0.445	0.621	2284	77808	377283	26409	0	0	653.5522	12.474	0			
1611	555.3531	554.346	9.765			33459	215758	2	6	1	2.33	176	112	31409	214873	26.8	0	100	0	0	0	555.3532	1	9.771	0.162	0.668	861	245691	377172	1748	0	0	555.3532	9.771	0			
1612	527.9822	526.9756	8.529			16328	109041	2	2	1	1.44	288	0	16491	110465	12.7	0	100	0	0	0	527.9827	1	8.53	0.132	0.339	10277	68985	376483	42523	0	0	527.9827	8.53	0			
1613	837.5161	882.5218	11.576			26119	295144	2	15	1	3.78	77	211	19605	261890	31.9	0	100	0	0	0	837.5155	1	11.552	0.281	1.089	1554	312142	2849473	9010	0	0	837.5155	11.552	0			
1614	1293.0947	1292.0878	12.349			16380	103835	2	5		1.53	257	31	17425	107740	46.4	0	100	0	0	0	1293.0947	1	12.359	0.299	0.729	833	53261	376009	1439	0	0	1293.0947	12.359	0			
1615	1247.0189	1292.0147	11.851			25820	183269	3	8		2.42	272	16	25245	188279	35	0	100	0	0	0	1247.0189	1	11.857	0.302	0.457	961	72812	375747	3317	0	0	1247.0189	11.857	0			
1616	557.2203	556.2131	10.41			28190	245291	2	3		1.19	168	120	27254	248362	30.4	0	100	0	0	0	557.2204	1	10.428	0.316	0.709	804	53333	398775	2812	0	0	557.2204	10.428	0			
1617	879.825	878.8182	11.713			17616	108036	2	3		1.64	266	22	16320	96908	24.2	0	100	0	0	0	879.8251	1	11.719	0.233	0.683	1025	72498	374140	6727	0	0	879.8251	11.719	0			
1618	1553.0471	1552.0379	12.069			15090	199409	4	5		3.85	252	36	14997	204291	20.9	0	100	0	0	0	1553.0454	1	12.069	0.193	0.38	1484	26555	373807	8648	0	0	1553.0454	12.069	0			
1619	658.2632	657.2562	6.432			30758	270134	2	6	2	0.81	258	30	30635	280822	5.7	0	100	0	0	0	658.2634	1	6.434	0.143	0.467	12974	52520	429322	78376	0	0	658.2634	6.434	0			
1620	384.3026	383.2953	11.208	C26 H40 O2	"26:6(8Z,11Z,14Z,17Z,20Z,23Z)"	18543	81355	2	4		0.54	265	23	16719	66318	15.9	0	100	0	0	0	384.3026	1	11.217	0.201	0.498	4644	67750	372965	18253	0	0	384.3026	11.217	0			LMFA01030838
1621	628.2257	687.2379	7.936			17065	135781	2	4	1	3.98	200	88	17198	124127	30.6	0	100	0	0	0	628.2248	1	7.936	0.276	0.796	1510	39172	372374	3242	0	0	628.2248	7.936	0			
1622	114.0294	113.0218	0.363			59280	242057	2	7	1	6.2	130	158	55858	234949	26.7	0	202.09	0	0	0	114.0292	1	0.34	0.127	0.647	2473	174505	449961	13511	0	0	114.0292	0.34	0			
1623	725.5888	724.5846	12.202			31356	143905	2	3		3.28	247	41	33479	157204	33.9	0	100	0	0	0	725.588	1	12.204	0.239	0.298	1279	74401	371785	6004	0	0	725.588	12.204	0			
1624	546.0187	545.017	8.8			11627	73281	2	2		1.59	283	5	11414	75189	40.5	0	100	0	0	0	546.0186	1	8.805	0.167	0.37	6669	66946	370840	13031	0	0	546.0186	8.805	0			
1625	2205.6282	1101.8077	0.379			12452	171224	3	4		1.69	9	279	13745	172559	46.9	0	97.17	0	0	0	2205.6299	1	0.367	0.059	0.277	1128	19576	370484	2955	0	0	2205.6299	0.367	0			
1626	628.5639	627.5568	10.852			26159	144976	3	4		0.56	272	16	24808	139151	14.8	0	100	0	0	0	628.5639	1	10.865	0.148	0.77	7755	68728	369449	40532	0	0	628.5639	10.865	0			
1627	523.2673	582.2812	9.143	C29 H37 N3 O6	Calcimycin	23408	107007	2	2		2.59	267	21	19929	88277	17.7	0	100	0	0	0	523.2673	1	9.148	0.113	0.334	1121	86633	368364	2388	0	0	583.2882	9.148	0	52665-69-7		
1628	187.0498	186.0426	0.33			61697	139312	2	5		2.84	273	15	44749	132003	34	0	231.81	0	0	0	187.0498	1	0.328	0.106	0.467	3668	239733	367898	4496	0	0	187.0498	0.328	0			
1629	631.3847	630.3774	10.894			20816	197563	2	6		1.66	272	16	21497	206690	13.3	0	100	0	0	0	631.3846	1	10.894	0.183	0.873	1507	38864	367334	6864	0	0	631.3846	10.894	0			
1630	482.2346	481.2258	10.945			22884	170728	2	6		6.38	173	115	23715	160444	37.8	0	100	0	0	0	482.2335	1	10.944	0.58	1.048	1110	48976	415618	17054	0	0	482.2335	10.944	0			
1631	715.6024	714.5972	12.465			26877	156577	2	9	1	3.97	75	213	25673	150590	42.4	0	100	0	0	0	715.6029	1	12.467	0.195	0.591	1309	62680	366444	3453	0	0	715.6029	12.467	0			
1632	953.7895	952.7814	11.49			22218	113703	3	5		5.44	264	24	19400	99944	22.4	0	100	0	0	0	953.7884	1	11.498	0.511	0.298	1724	78927	366306	5255	0	0	953.7884	11.498	0			
1633	705.4214	704.414	10.457			25486	200120	2	3	1	1.47	277	11	24831	204958	16.5	0	100	0	0	0	705.4214	1	10.462	0.275	0.873	1375	54816	366145	9074	0	0	705.4214	10.462	0			
1634	849.4945	848.487	11.565			45346	218000	2	6	1	0.96	155	133	47149	228201	31.9	0	100	0	0	0	849.4945	1	11.562	0.235	0.344	1055	86237	363903	12489	0	0	849.4945	11.562	0			
1635	316.2613	375.2751	9.93	C18 H36 O4	"9,14-dihydroxy-octadecanoic acid"	21058	200310	2	7		0.9	240	48	20547	204347	20.6	0	100	0	0	0	316.2613	1	9.929	0.236	1.489	2545	45579	379706	27107	0	0	316.2613	9.929	0			LMFA02000176
1636	497.2758	496.2683	9.957	C22 H44 N O9 P	PS(16:0/0:0)	33709	250695	2	5		2.09	111	177	34846	289754	22.2	0	100	0	0	0	497.2754	1	9.948	0.449	0.524	2118	85840	362498	10575	0	0	497.2754	9.948	0			LMGP03050002
1637	310.2136	309.207	8.394	C18 H30 O4	Auxin b	20305	119134	2	3	1	2.93	258	30	19317	111509	12.9	0	100	0	0	0	310.2141	1	8.396	0.155	0.262	2228	48314	362053	11301	0	0	310.2141	8.396	0		HMDB38484	
1638	730.2842	775.2829	6.672			24736	150452	2	4	1	1.57	190	98	25346	126558	19.4	0	100	0	0	0	730.2842	1	6.655	0.397	0.729	1590	36346	360677	2451	0	0	730.2842	6.655	0			
1639	306.2921	305.2874	10.725			39689	190227	2	7		5.73	124	164	39344	187641	22.5	0	82.48	0	0	0	306.2923	1	10.722	0.333	0.837	1779	111575	360579	13765	0	0	306.2923	10.722	0			
1640	566.2164	565.209	6.846	C31 H34 O10	100-1	31547	167567	2	3	1	4.11	20	268	31293	166145	52.8	0	100	0	0	0	566.2162	1	6.852	0.244	0.55	1596	120453	474304	4493	0	0	566.2162	6.852	0			
1641	182.9731	181.9659	0.256			151720	216390	3	3	1	0.51	272	16	153844	216003	27.8	0	222.2	0	0	0	182.9731	1	0.256	0.022	0.38	72693	213018	358367	130971	0	0	182.9731	0.256	0			
1642	372.3239	417.3221	10.693	C22 H44 O4	"13,14-dihydroxy-docosanoic acid"	31911	153856	2	2	1	0.4	250	38	30806	147036	8	0	100	0	0	0	372.3239	1	10.698	0.293	0.221	1481	84397	357344	5193	0	0	418.3291	10.698	0			LMFA01050211
1643	471.241	470.2338	10.905			17013	97588	2	5		1.78	210	78	17145	94213	24.3	0	100	0	0	0	471.241	1	10.902	0.299	1.017	2082	63872	355662	9050	0	0	471.241	10.902	0			
1644	202.1563	201.1496	7.284	C11 H22 O3	2-hydroxy hendecanoic acid	29838	127107	2	2	1	4.25	244	44	29159	124464	5.7	0	100	0	0	0	202.1568	1	7.288	0.094	0.303	6430	91669	355544	29898	0	0	202.1568	7.288	0			LMFA01050034
1645	316.2608	315.2537	8.606	C18 H36 O4	"9,14-dihydroxy-octadecanoic acid"	25205	104249	2	6	1	4.73	201	87	24049	100987	17.8	0	100	0	0	0	316.261	1	8.608	0.225	0.514	1438	94558	355238	4339	0	0	316.261	8.608	0			LMFA02000176
1646	656.5505	655.5433	10.021			17814	122196	2	2		1.64	222	66	17665	102414	23.2	0	100	0	0	0	656.5504	1	10.029	0.152	0.339	2148	31965	353586	3040	0	0	656.5504	10.029	0			
1647	433.1804	468.1498	11.229	C20 H27 N5 O4 S	His Met Phe	3132	21416	2	4		4.31	71	217	1391	5198	127.6	0	100	0	0	0	433.1804	1	11.241	0.174	0.36	729	34748	353468	1098	0	0	469.1569	11.241	0			
1648	776.6055	1598.1989	12.38			14874	148298	2	10		4.7	179	109	14610	153820	50.9	0	100	0	0	0	776.6053	1	12.377	0.369	0.878	1193	42521	353134	3819	0	0	776.6053	12.377	0			
1649	348.2662	347.259	9.721	C22 H36 O3	"ent-16b,19-Kauranediol 19-acetate"	18502	142426	2	4		1.11	231	57	17787	136941	22.8	0	100	0	0	0	348.2662	1	9.727	0.358	1.099	1643	46642	352959	2339	0	0	348.2662	9.727	0	30320-70-8	HMDB36801	
1650	833.7834	832.7765	11.677			38355	200244	2	4	1	1.12	212	76	36566	206680	31.5	0	100	0	0	0	833.7833	1	11.683	0.147	0.591	1939	103379	358573	5812	0	0	833.7833	11.683	0			
1651	237.0848	236.0769	0.427	C8 H15 N O7	N-(1-Deoxy-1-fructosyl)glycine	64062	202932	2	7	2	4.12	222	66	60641	198264	18.8	0	203.91	0	0	0	237.085	1	0.424	0.158	0.488	1806	161596	464675	3782	0	0	237.085	0.424	0	60644-20-4	HMDB37848	
1652	916.47	951.4394	6.648	C45 H72 O19	Fistuloside C	19944	98584	2	4	1	2.35	286	2	12854	68167	13.7	0	100	0	0	0	916.47	1	6.653	0.155	0.657	2844	73708	351899	9469	0	0	952.4465	6.653	0	142293-74-1	HMDB39007	
1653	401.1757	400.1687	11.218	C21 H24 F N3 O4	Moxifloxacin	17677	99473	2	2		0.85	6	282	9851	49323	90.3	0	100	0	0	0	401.1758	1	11.217	0.121	0.216	1264	56835	351606	4760	0	0	401.1758	11.217	0	151096-09-2	HMDB14363	
1654	284.0519	283.0446	0.423			77270	171150	2	5	1	4.09	159	129	68155	159999	30	0	212.38	0	0	0	284.0522	1	0.423	0.452	0.498	3752	311318	562511	5272	0	0	284.0522	0.423	0			
1655	647.3793	692.378	10.313			20770	347268	2	13		0.75	166	122	20925	344063	26.9	0	100	0	0	0	647.3793	1	10.314	0.317	0.899	709	39292	682579	5682	0	0	647.3793	10.314	0			
1656	440.3864	499.4003	11.766	C27 H52 O4	MG(24:1(15Z)/0:0/0:0)	24171	92285	3	4		1.82	267	21	21495	85389	27.9	0	100	0	0	0	440.3864	1	11.774	0.208	0.257	1357	94011	349912	10633	0	0	500.4074	11.774	0		HMDB11589	
1657	584.105	583.1012	10.201			17408	152368	2	3		8.64	28	260	18191	152586	18.2	0	100	0	0	0	584.1081	1	10.335	0.458	0.668	1803	28955	349790	6736	0	0	584.1081	10.335	0			
1658	1008.6175	1007.6099	9.719			22341	131809	2	4		2.16	178	110	20623	115965	13.5	0	100	0	0	0	1008.6176	1	9.716	0.306	0.329	3344	61171	349111	13563	0	0	1008.6176	9.716	0			
1659	539.254	574.2234	9.991	C31 H33 N5 O4	BIBF 1120	22210	138407	2	2		0.26	136	152	20367	130713	11.4	0	100	0	0	0	539.254	1	9.993	0.193	0.313	8559	58857	348926	59598	0	0	575.2304	9.993	0	656247-17-5		
1660	310.1808	309.1738	9.259			34580	217250	2	6	1	1.28	23	265	38059	225484	26.2	0	100	0	0	0	310.181	1	9.249	0.245	0.637	4029	70408	348913	13869	0	0	310.181	9.249	0			
1661	384.1212	383.1141	0.837	C21 H20 O7	4'-Demethyldeoxypodophyllotoxin	13349	102278	2	3	1	0.64	268	20	12177	95879	26.6	0	184.41	0	0	0	384.1212	1	0.836	0.073	0.488	1831	43099	347469	3390	0	0	384.1212	0.836	0	3590-93-0		
1662	519.465	578.4784	11.698			17404	80562	2	5	1	4.25	242	46	15457	52082	39.2	0	100	0	0	0	519.4646	1	11.705	0.253	0.257	1350	62302	346736	2196	0	0	519.4646	11.705	0			
1663	412.282	411.2748	9.509	C23 H40 O6	3-methoxy Limaprost	23067	129960	2	5	1	3.25	155	133	21555	128936	28	0	100	0	0	0	412.2822	1	9.517	0.227	0.801	966	54392	346650	1738	0	0	412.2822	9.517	0			
1664	172.1459	171.1391	7.816	C10 H20 O2	Capric acid	32929	121191	2	2		4.08	92	196	33081	112861	19.7	0	100	0	0	0	172.1462	1	7.804	0.269	0.431	3575	87104	345834	15768	0	0	172.1462	7.804	0	334-48-5	HMDB00511	LMFA01010010
1665	184.0222	183.0158	0.434			17999	105740	2	3		4.97	258	30	16980	85040	32.6	0	192.28	0	0	0	184.0223	1	0.415	0.145	0.591	2809	51121	345636	14217	0	0	184.0223	0.415	0			
1666	339.0016	337.9943	2.63			18365	192155	2	3	1	0.43	282	6	18135	188146	15.9	0	100	0	0	0	339.0016	1	2.633	0.083	0.452	2414	31350	345276	7580	0	0	339.0016	2.633	0			
1667	447.2262	446.2196	8.297			26278	127049	2	2		1.28	233	55	25169	119699	5.1	0	100	0	0	0	447.2264	1	8.297	0.088	0.293	2878	59148	344665	11409	0	0	447.2264	8.297	0			
1668	416.2529	475.2651	9.422			12779	85302	2	6		10.19	111	177	10765	71255	55.1	0	100	0	0	0	416.254	1	9.421	0.478	1.351	1123	80662	344290	4571	0	0	416.254	9.421	0			
1669	509.2564	508.2494	10.913			18613	119696	2	3		2.25	273	15	18581	116921	16.2	0	100	0	0	0	509.2566	1	10.925	0.377	0.426	1085	36158	343154	4956	0	0	509.2566	10.925	0			
1670	978.5706	977.5632	9.226			31810	152919	2	5		0.5	228	60	30546	148054	17.1	0	100	0	0	0	978.5707	1	9.242	0.261	0.621	4496	84035	342644	14148	0	0	978.5707	9.242	0			
1671	509.2203	508.213	10.432			24232	216891	2	3	1	0.53	202	86	23841	225376	28.1	0	100	0	0	0	509.2203	1	10.431	0.259	0.334	1168	48466	463487	4382	0	0	509.2203	10.431	0			
1672	429.2122	428.2053	4.92			14553	86669	2	2	1	1.12	269	19	11877	68947	23.6	0	100	0	0	0	429.2124	1	4.923	0.136	0.601	2741	57805	340205	22133	0	0	429.2124	4.923	0			
1673	411.1831	470.1969	9.35	C24 H26 F N O4	Fluvastatin	20868	141464	2	3	1	2.79	217	71	20842	138757	35.8	0	100	0	0	0	411.1831	1	9.348	0.48	0.714	1385	54068	339936	6226	0	0	471.2042	9.348	0	93957-55-2		
1674	368.3653	367.3583	12.269	C24 H48 O2	"Tricosanoic acid, methyl ester"	38680	108188	2	4		0.56	280	8	34525	102356	34.9	0	100	0	0	0	368.3653	1	12.277	0.436	0.719	1969	130263	339678	7083	0	0	368.3653	12.277	0			
1675	588.475	623.4444	12.244	C37 H64 O5	"DG(12:0/22:4(7Z,10Z,13Z,16Z)/0:0)[iso2]"	10755	82243	2	4		1.72	192	96	7379	60059	34.9	0	100	0	0	0	588.475	1	12.253	0.292	0.868	1303	40702	339385	3244	0	0	624.4517	12.253	0			LMGL02010351
1676	622.4421	621.4371	11.704	C36 H62 O8	Squamosinin A	14796	109740	2	7		4.22	270	18	11481	100945	27.7	0	100	0	0	0	622.4425	1	11.716	0.304	0.683	1092	81528	338224	3512	0	0	622.4425	11.716	0	163597-71-5	HMDB41429	
1677	467.2098	466.2027	9.348			25893	167781	2	3	1	1.4	276	12	25327	173552	13	0	100	0	0	0	467.2098	1	9.347	0.178	0.349	2274	58438	337496	21026	0	0	467.2098	9.347	0			
1678	416.2092	451.1786	9.991	C26 H28 N2 O3	JP83	22110	121828	2	3		1.72	183	105	21202	121867	25.9	0	100	0	0	0	416.2092	1	9.996	0.157	0.349	982	54241	336917	1743	0	0	452.1859	9.996	0			
1679	340.2625	339.2538	10.708	C20 H36 O4	Thromboxanoic acid skeleton	15719	117232	2	9		7.26	152	136	15632	113302	32.1	0	100	0	0	0	340.2611	1	10.715	0.431	0.657	1154	42635	336416	1436	0	0	340.2611	10.715	0			LMFA03030000
1680	234.193	233.1877	8.321			17317	95476	2	2		4.11	272	16	15212	88242	15.1	0	100	0	0	0	234.1932	1	8.329	0.183	0.401	4579	58451	335699	16561	0	0	234.1932	8.329	0			
1681	222.8496	257.819	0.513			7680	51274	2	3		6.83	105	183	4813	33127	87.2	0	82.84	0	0	0	222.8494	1	0.534	0.511	0.36	1263	51729	334549	4717	0	0	222.8494	0.534	0			
1682	1171.3247	1170.3167	0.423			7201	85405	2	8		3.99	110	178	4220	48362	42.4	0	149.06	0	0	0	1171.324	1	0.415	0.172	0.375	1546	55765	334189	6181	0	0	1171.324	0.415	0			
1683	224.1406	223.134	6.162	C13 H20 O3	3-Methylbutyl 2-furanbutanoate	35600	249023	2	4	2	3.78	284	4	35784	253992	13.9	0	100	0	0	0	224.1411	1	6.164	0.235	1.217	3714	50389	332963	16637	0	0	224.1411	6.164	0	7779-66-0	HMDB37736	
1684	133.0428	132.0298	0.516	C4 H7 N O4	L-Aspartic Acid	22539	192328	2	4	2	11.66	99	189	19179	184687	29.4	0	151.59	0	0	0	133.0424	1	0.519	0.22	0.621	9445	54939	331804	70841	0	0	133.0424	0.519	0	56-84-8	HMDB00191	
1685	228.0204	227.013	1.956			13976	75700	2	2	1	0.54	224	64	11201	58652	15.2	0	100	0	0	0	228.0204	1	1.958	0.064	0.277	3357	59612	331693	15763	0	0	228.0204	1.958	0			
1686	533.2959	532.2886	11.983			20025	184973	2	4		1.42	116	172	19512	178741	27.2	0	100	0	0	0	533.2958	1	11.999	0.353	0.817	3148	40933	398613	14230	0	0	533.2958	11.999	0			
1687	785.4838	844.4974	11.254			23177	161398	2	23	1	2.05	182	106	22835	161275	24.9	0	100	0	0	0	785.4838	1	11.266	0.46	0.924	877	75190	383663	8651	0	0	785.4838	11.266	0			
1688	257.0652	292.0346	0.407	C12 H16 Cl N O S	Thiobencarb	34707	140738	2	2		3.26	182	106	32086	134573	28.1	0	192.75	0	0	0	257.0652	1	0.397	0.105	0.39	7715	86483	329562	38396	0	0	293.041	0.397	0	28249-77-6		
1689	264.9768	263.9754	0.272			10798	19618	2	4		7.79	115	173	10517	8369	122.4	0	232.47	0	0	0	264.9761	1	0.254	0.202	0.247	2260	34715	329454	7179	0	0	264.9761	0.254	0			
1690	244.8969	243.8909	0.156			8376	84540	2	4		2.55	250	38	7501	80425	48.9	0	100	0	0	0	244.8968	1	0.13	0.418	0.211	1854	53653	328631	7905	0	0	244.8968	0.13	0			
1691	228.1359	227.1281	4.594	C12 H20 O4	Traumatic Acid	14590	55661	2	2	1	1.58	266	22	11381	45232	20	0	100	0	0	0	228.136	1	4.596	0.096	0.349	1633	85531	327897	6563	0	0	228.136	4.596	0	6402-36-4	HMDB00933	LMFA01170002
1692	334.2122	333.2043	9.655			20231	100230	2	3	1	3.08	207	81	17460	84212	20.9	0	100	0	0	0	334.212	1	9.664	0.263	0.334	2454	72373	327239	6796	0	0	334.212	9.664	0			
1693	491.2907	526.2601	11.404	C20 H41 N7 O5 S	Glutathionylspermine	18041	102814	2	3		0.35	204	84	17024	94913	14.5	0	100	0	0	0	491.2907	1	11.412	0.134	0.663	6184	42658	326160	61483	0	0	527.2673	11.412	0			
1694	316.1421	315.1347	3.873			11850	193235	2	2	2	1.56	288	0	11634	194532	14.7	0	95.04	0	0	0	316.1421	1	3.87	0.209	0.827	3330	19560	324423	33827	0	0	316.1421	3.87	0			
1695	659.5264	658.5191	11.845			46219	195107	2	3		3.15	208	80	46198	201199	28.6	0	100	0	0	0	659.5259	1	11.85	0.332	0.334	713	95191	332505	3410	0	0	659.5259	11.85	0			
1696	627.5798	626.5725	12.411	C38 H77 N O5	Cer(t20:0/18:0(2OH))	17498	79086	2	8		4.18	189	99	16737	75843	42.1	0	100	0	0	0	627.5794	1	12.421	0.302	0.58	981	89870	323479	1775	0	0	627.5794	12.421	0			LMSP02030020
1697	1066.5908	1065.5827	7.142			6927	40705	4	5	1	4.33	288	0	5026	29045	31.2	0	100	0	0	0	1066.5896	1	7.141	0.137	0.555	1264	61057	322619	7548	0	0	1066.5896	7.141	0			
1698	235.1202	234.1136	5.971	C13 H17 N O3	bk-DMBDB	22253	92508	2	2		3.39	214	74	20851	87991	0.7	0	100	0	0	0	235.1207	1	5.974	0.098	0.241	5460	69363	322409	18040	0	0	235.1207	5.974	0	17763-12-1		
1699	753.5646	752.5601	12.525	C43 H80 N O7 P	"PE(P-20:0/18:3(9Z,12Z,15Z))"	25208	149314	2	10	1	5.67	163	125	18362	137294	47.8	0	100	0	0	0	753.5648	1	12.511	0.477	1.166	2321	100836	491140	8960	0	0	753.5648	12.511	0			LMGP02030077
1700	776.2899	775.283	6.704			27682	235275	2	6	2	0.52	182	106	28349	235025	20	0	100	0	0	0	776.29	1	6.698	0.124	0.483	11826	38074	321986	39786	0	0	776.29	6.698	0			
1701	467.2825	512.2807	11.623	C26 H42 Cl N O4	Malyngamide L	23836	131241	2	4		2.33	283	5	25269	141761	33.7	0	100	0	0	0	467.2825	1	11.633	0.448	0.786	1080	52408	320640	4045	0	0	513.2876	11.633	0			
1702	258.2194	257.2122	9.478	C15 H30 O3	10-Hydroxymyristic acid methyl ester	37845	184525	2	6		2.62	155	133	37942	186739	24.9	0	100	0	0	0	258.2194	1	9.478	0.291	0.678	1400	85235	370200	4059	0	0	258.2194	9.478	0		HMDB31061	
1703	352.1017	387.0716	0.309	C17 H21 Cl N2 O2 S	Hexythiazox	62819	102841	2	5		3.3	277	11	59277	94907	33.7	0	210.16	0	0	0	352.1018	1	0.312	0.161	0.267	2373	203707	319531	8764	0	0	352.1018	0.312	0	78587-05-0		
1704	333.2299	392.244	7.799	C20 H31 N O3	Stearidonoyl glycine	10006	72761	2	5		3.17	95	193	7525	50450	41.5	0	100	0	0	0	333.2301	1	7.795	0.304	0.282	1209	37435	319306	2665	0	0	333.2301	7.795	0			
1705	376.1918	375.1846	9.801			17569	109763	2	5		1.96	276	12	15036	92537	16.8	0	100	0	0	0	376.1917	1	9.803	0.168	0.755	992	60147	317847	2333	0	0	376.1917	9.803	0			
1706	145.0527	144.0454	2.79	C9 H7 N O	4-Quinolinol	23991	123808	2	2	1	0.67	272	16	23318	119415	3.8	0	100	0	0	0	145.0527	1	2.79	0.088	0.354	15222	71190	317368	86033	0	0	145.0527	2.79	0	611-36-9		
1707	442.3286	441.3219	10.496			28366	116434	2	5	1	2.15	189	99	25488	87483	25.6	0	100	0	0	0	442.3287	1	10.497	0.184	0.94	791	81301	317362	2000	0	0	442.3287	10.497	0			
1708	909.8357	908.8288	11.697			23369	100603	3	3		0.95	243	45	21252	92130	22.1	0	97.78	0	0	0	909.8357	1	11.706	0.1	0.226	3988	73868	317182	17973	0	0	909.8357	11.706	0			
1709	272.0088	271.0009	0.364			38062	129243	2	3	1	2.84	219	69	37014	104672	28.9	0	180.02	0	0	0	272.0085	1	0.371	0.211	0.318	13626	96357	427841	40770	0	0	272.0085	0.371	0			
1710	990.571	989.5633	9.357			15934	121051	2	5		2.05	270	18	14326	101936	15	0	100	0	0	0	990.5707	1	9.364	0.115	0.406	2773	41690	316219	8570	0	0	990.5707	9.364	0			
1711	184.1458	183.1391	7.867	C11 H20 O2	10-Hendecenoic acid	19281	73551	2	2		4.38	58	230	15631	59349	23.5	0	100	0	0	0	184.1462	1	7.839	0.454	0.272	3835	90799	315427	8174	0	0	184.1462	7.839	0	112-38-9	HMDB33724	LMFA01030036
1712	1037.8829	1036.876	11.774			22175	92678	2	4		1.62	242	46	19258	79856	30	0	100	0	0	0	1037.883	1	11.782	0.095	0.252	1933	85071	314401	6723	0	0	1037.883	11.782	0			
1713	701.4264	700.4191	10.848	C36 H64 N O10 P	"PS(18:3(9Z,12Z,15Z)/12:0)"	19231	160224	2	7		2.24	222	66	18821	152391	22.9	0	100	0	0	0	701.4263	1	10.846	0.35	0.822	1006	40986	314323	5280	0	0	701.4263	10.846	0			LMGP03010397
1714	711.4838	710.4767	11.828	C39 H70 N O8 P	"PE(17:2(9Z,12Z)/17:2(9Z,12Z))"	30259	162446	2	5	2	1.99	255	33	29582	160580	23.6	0	100	0	0	0	711.4837	1	11.831	0.27	0.847	3713	70667	314229	15195	0	0	711.4837	11.831	0			LMGP02011208
1715	623.3793	622.3718	10.414	C30 H58 N O10 P	PS(12:0/12:0)	24240	180288	2	6	1	3.24	207	81	24189	183496	16	0	100	0	0	0	623.379	1	10.426	0.422	0.683	1393	47192	307667	8502	0	0	623.379	10.426	0			LMGP03010027
1716	737.5877	736.5841	12.247			29625	143164	2	3		1.89	176	112	28226	136265	22.6	0	100	0	0	0	737.5876	1	12.255	0.118	0.262	4719	62670	313992	7133	0	0	737.5876	12.255	0			
1717	388.1521	387.1393	9.455	C14 H16 D4 N6 O5 S	S-Adenosylhomocysteine-d4	6239	41022	2	6		7.74	171	117	4598	26381	55.6	0	100	0	0	0	388.1536	1	9.475	0.239	0.329	1014	44927	313953	3068	0	0	388.1536	9.475	0			
1718	132.0225	263.0342	0.36			37403	171640	2	3		15.25	9	279	44870	223746	45.9	0	82.76	0	0	0	132.0209	1	0.289	0.243	0.139	3700	85710	312399	22956	0	0	132.0209	0.289	0			
1719	143.0573	142.0503	0.426			21172	114944	2	5		5.41	253	35	19788	113881	32.2	0	208.41	0	0	0	143.0574	1	0.42	0.213	0.401	1468	97201	312261	8301	0	0	143.0574	0.42	0			
1720	464.3512	463.3539	10.196			32919	157211	2	2		4.68	195	93	32786	152449	18.6	0	95.58	0	0	0	464.3512	1	10.198	0.283	0.257	10342	70309	312179	39362	0	0	464.3512	10.198	0			
1721	413.3134	412.3066	10.316	C23 H43 N O5	N-stearoyl glutamic acid	22634	102155	2	2		2.06	270	18	20304	91332	17.1	0	100	0	0	0	413.3136	1	10.324	0.19	0.39	1742	67682	311893	6208	0	0	413.3136	10.324	0			LMFA08020090
1722	529.1268	564.0964	6.077			15827	117336	2	7	1	1.94	192	96	16865	117024	16.5	0	100	0	0	0	529.1269	1	6.082	0.195	0.442	2448	43833	311484	6267	0	0	529.1269	6.082	0			
1723	1095.9391	1094.9315	13.064			6314	70207	2	2		3.48	242	46	4349	46549	125.4	0	89.89	0	0	0	1095.9385	1	13.057	0.38	0.56	883	23093	311156	2077	0	0	1095.9385	13.057	0			
1724	380.2927	379.2852	10.393	C23 H40 O4	"2-Hydroxy-4-oxo-5,12-heneicosadien-1-yl acetate"	44703	195093	2	8	1	2.43	140	148	38425	173713	27.1	0	100	0	0	0	380.2925	1	10.397	0.34	0.986	6877	132469	648197	44932	0	0	380.2925	10.397	0		HMDB39403	
1725	648.4027	707.4166	10.579	C40 H56 O7	trans-3-Feruloylcorosolic acid	6458	45790	2	4		8.74	98	190	4387	31647	78.3	0	100	0	0	0	648.4027	1	10.579	0.25	0.334	1031	39942	309580	4383	0	0	708.4248	10.579	0		HMDB40496	
1726	576.4901	575.4824	12.099			23618	78715	2	2		4.02	112	176	21589	71070	31.9	0	100	0	0	0	576.4896	1	12.098	0.259	0.257	1045	100820	309527	3805	0	0	576.4896	12.098	0			
1727	675.5193	674.5121	12.22	C37 H74 N O7 P	PE(P-20:0/12:0)	20163	147988	2	3		3.23	157	131	20877	145136	32.2	0	100	0	0	0	675.519	1	12.214	0.274	0.462	2123	39977	309516	4441	0	0	675.519	12.214	0			LMGP02030062
1728	638.2453	683.2435	7.959	C27 H42 O17	Kanokoside C	14132	161502	2	3	1	0.54	269	19	14281	156648	12.2	0	100	0	0	0	638.2453	1	7.961	0.12	0.77	4559	20851	309311	63949	0	0	684.2506	7.961	0			
1729	684.2423	683.2353	6.627			14121	97822	2	3	2	1.37	129	159	13863	95623	22	0	100	0	0	0	684.2427	1	6.625	0.296	0.395	4887	27600	308715	33718	0	0	684.2427	6.625	0			
1730	658.4214	693.3908	5.509	C42 H58 O6	Fucoxanthin	18837	68479	2	3	1	0.7	288	0	19056	68937	8.4	0	100	0	0	0	658.4214	1	5.509	0.116	0.18	8007	98140	308124	19940	0	0	694.3982	5.509	0	3351-86-8	HMDB02741	LMPR01070300
1731	359.2493	358.242	10.251			19286	87302	2	3		1.18	268	20	16261	80181	19.9	0	100	0	0	0	359.2492	1	10.257	0.171	0.421	2339	81168	307899	2945	0	0	359.2492	10.257	0			
1732	450.1558	449.1598	7.967			5494	38535	2	5	1	5.05	87	201	3845	27541	62.5	0	87	0	0	0	450.156	1	7.984	0.342	0.709	733	74862	399415	2937	0	0	450.156	7.984	0			
1733	635.6211	670.5905	12.917	C41 H81 N O3	Cer(d18:1/23:0)	11585	90866	3	3		0.78	213	75	10036	81249	19	0	100	0	0	0	635.6211	1	12.922	0.27	0.817	3747	45951	306525	22020	0	0	671.5979	12.922	0			LMSP02010021
1734	1287.0111	1286.0041	11.948			19955	160265	2	4		0.4	233	55	19566	156255	22.1	0	100	0	0	0	1287.0112	1	11.955	0.125	0.231	3560	46424	306510	19306	0	0	1287.0112	11.955	0			
1735	376.1853	375.1765	6.639			21656	105839	2	2	1	2.3	283	5	21032	102384	11.1	0	100	0	0	0	376.1858	1	6.641	0.157	0.488	6175	61622	306324	24688	0	0	376.1858	6.641	0			
1736	614.3096	613.3025	9.069	C23 H46 N6 O13	Neomycin C	13087	105017	2	4	1	1.93	231	57	12756	95431	28.1	0	100	0	0	0	614.3096	1	9.071	0.339	1.145	1500	35930	305972	12865	0	0	614.3096	9.071	0	66-86-4		
1737	618.5177	617.5106	11.869			18422	72255	2	4		1.87	255	33	17353	66642	41.1	0	100	0	0	0	618.518	1	11.875	0.131	0.241	945	78106	305493	3056	0	0	618.518	11.875	0			
1738	594.5583	653.5721	10.916	C38 H74 O4	Ethylene glycol distearate	22749	128751	2	3		0.57	271	17	21706	123612	14.8	0	100	0	0	0	594.5583	1	10.926	0.128	0.277	3676	50344	305361	9889	0	0	654.5794	10.926	0	627-83-8	HMDB32260	
1739	170.0942	169.0869	3.295	C9 H14 O3	cis-3-Hexenyl pyruvate	19770	88301	2	3	1	0.79	279	9	16153	75594	24.6	0	100	0	0	0	170.0942	1	3.296	0.161	0.493	1188	84012	305004	3334	0	0	170.0942	3.296	0	68133-76-6	HMDB38276	
1740	516.3107	515.3045	9.546	C31 H48 O2 S2	Probucol	24203	189977	2	9	1	3.63	86	202	17118	181301	33.6	0	100	0	0	0	516.3111	1	9.534	0.313	0.478	2666	155164	1118838	11262	0	0	516.3111	9.534	0	23288-49-5	HMDB15537	
1741	250.1566	249.1497	7.679	C15 H22 O3	"(3beta,8beta)-3-Hydroxy-7(11)-eremophilen-12,8-olide"	23151	129110	2	3	2	5.73	196	92	19463	123781	29.2	0	100	0	0	0	250.1569	1	7.687	0.395	0.442	3441	58611	304344	6880	0	0	250.1569	7.687	0	158848-23-8	HMDB40754	
1742	326.3183	325.3111	11.816	C21 H42 O2	Heneicosanoic acid	31815	87826	2	2		0.49	266	22	28958	83000	32.1	0	100	0	0	0	326.3183	1	11.826	0.356	0.216	2838	132351	303930	5941	0	0	326.3183	11.826	0	2363-71-5	HMDB02345	LMFA01010021
1743	219.1292	264.1274	4.761	C10 H21 N O2 S	Pentahomomethionine	21516	164131	2	3		1.28	186	102	20046	150204	10.2	0	100	0	0	0	219.1292	1	4.765	0.101	0.354	6825	92118	303881	48928	0	0	265.1346	4.765	0			
1744	459.1836	504.1818	9.644	C23 H29 N3 O5 S	Met Tyr Phe	15369	93009	2	3		3.35	278	10	14363	88432	25.7	0	100	0	0	0	459.1836	1	9.66	0.415	0.298	1352	45615	302187	3530	0	0	505.189	9.66	0			
1745	755.4726	754.4658	11.004			19754	193322	2	11	1	1.42	124	164	19707	204361	28.6	0	100	0	0	0	755.4728	1	11.004	0.404	0.719	704	45076	328450	2569	0	0	755.4728	11.004	0			
1746	1357.0899	1356.0822	12.363			20012	160448	2	6		1.9	186	102	19673	163778	17.4	0	100	0	0	0	1357.0897	1	12.372	0.202	0.472	2843	51997	301191	11361	0	0	1357.0897	12.372	0			
1747	158.0214	157.013	0.294			49998	149425	2	6	1	7.25	166	122	52416	129229	33.7	0	166.52	0	0	0	158.0216	1	0.273	0.221	0.966	4428	187595	312216	31832	0	0	158.0216	0.273	0			
1748	278.1509	277.1444	6.152	C16 H22 O4	Phthalic acid Mono-2-ethylhexyl Ester	14342	90276	2	2	1	3.15	205	83	8068	53054	31.5	0	100	0	0	0	278.1515	1	6.157	0.11	0.56	3191	49104	300777	10072	0	0	278.1515	6.157	0	4376-20-9	HMDB13248	
1749	104.0094	163.0247	0.318			21748	109248	2	2		6.34	201	87	18851	94312	26.5	0	153.86	0	0	0	104.0093	1	0.313	0.167	0.832	1921	93048	299916	5096	0	0	104.0093	0.313	0			
1750	614.3955	649.3649	5.24	C33 H59 O8 P	"PA(18:3(9Z,12Z,15Z)/12:0)"	13091	46372	2	3	1	2.23	288	0	13712	48616	12.4	0	100	0	0	0	614.3955	1	5.239	0.115	0.144	2409	87672	298347	7389	0	0	650.3721	5.239	0			LMGP10010395
1751	461.2197	460.2126	10.632	C28 H31 N O5	Bitolterol	18252	179037	2	2		0.41	15	273	18622	153390	21.7	0	95.33	0	0	0	461.2198	1	10.628	0.156	0.324	2982	33744	297686	20495	0	0	461.2198	10.628	0	30392-40-6		
1752	414.2535	413.2462	9.879			43691	187777	3	6	1	1.84	171	117	40229	176424	21.7	0	100	0	0	0	414.2534	1	9.878	0.308	0.673	2085	122618	442173	16348	0	0	414.2534	9.878	0			
1753	919.8201	918.8131	11.196			19173	97694	3	3		0.41	254	34	17776	86682	19.7	0	100	0	0	0	919.8201	1	11.203	0.108	0.221	5251	55294	296298	11602	0	0	919.8201	11.203	0			
1754	330.2397	329.2315	7.076			19463	99460	2	4	1	2.94	279	9	17709	85734	11.2	0	100	0	0	0	330.2403	1	7.1	0.217	0.318	689	71731	294922	4406	0	0	330.2403	7.1	0			
1755	139.0633	138.0561	1.482	C7 H9 N O2	Ethylmethylmaleimide	29123	159143	2	2	1	0.68	272	16	29048	159029	9.7	0	171.13	0	0	0	139.0632	1	1.481	0.05	0.313	14969	55767	294642	74518	0	0	139.0632	1.481	0			
1756	827.7578	826.7504	11.382			19536	87362	2	3		3.06	272	16	16921	71973	27.8	0	100	0	0	0	827.7574	1	11.39	0.088	0.205	1050	60372	291774	3933	0	0	827.7574	11.39	0			
1757	488.2431	487.2333	11.241	C27 H36 O8	Prednicarbate	11740	80191	2	2		5.93	74	214	12904	74401	65.3	0	93.06	0	0	0	488.2435	1	11.274	0.291	0.478	1079	38249	291706	2665	0	0	488.2435	11.274	0			
1758	439.2144	484.2126	9.048	C21 H33 N3 O5 S	Pivmecillinam	21329	99355	2	2	1	2.63	194	94	21120	90055	36.4	0	100	0	0	0	439.2144	1	9.05	0.099	0.344	1189	72255	278870	4077	0	0	485.2198	9.05	0	32886-97-8	HMDB15543	
1759	507.2046	506.1975	9.985			20238	144847	2	3		0.65	247	41	21299	149452	22	0	100	0	0	0	507.2046	1	9.991	0.173	0.375	1199	36550	291279	3918	0	0	507.2046	9.991	0			
1760	670.2726	729.285	9.178			12450	110720	2	5		4.86	90	198	8804	94612	45.8	0	100	0	0	0	670.2716	1	9.177	0.476	0.981	1037	34072	340467	5965	0	0	670.2716	9.177	0			
1761	155.0683	154.0622	0.279			93894	152316	2	3	1	5.27	272	16	93679	152395	26.4	0	211.96	0	0	0	155.0685	1	0.275	0.162	0.508	5093	174008	289579	8994	0	0	155.0685	0.275	0			
1762	438.1921	473.1615	6.434	C23 H26 N4 O5	Phe Trp Ser	34985	148590	2	2	1	1.58	288	0	35083	148677	2.6	0	100	0	0	0	438.1921	1	6.435	0.178	0.308	18419	78551	289158	65048	0	0	474.1688	6.435	0			
1763	422.2339	421.2264	9.869	C20 H38 O7 S	Docusate	29005	222559	2	5	1	3.02	110	178	26688	215924	18.4	0	100	0	0	0	422.2337	1	9.863	0.291	0.878	5827	92551	710980	18483	0	0	422.2337	9.863	0	10041-19-7	HMDB32386	LMFA07010721
1764	875.5929	874.5869	11.456			22252	124815	2	3	1	2.75	140	148	20266	115536	35.7	0	100	0	0	0	875.5931	1	11.453	0.409	0.39	2792	62243	286839	24616	0	0	875.5931	11.453	0			
1765	1084.5005	1083.4942	7.683			20254	154184	2	7	1	1.99	69	219	19054	150479	27.2	0	100	0	0	0	1084.5008	1	7.705	0.433	0.498	2102	43227	334403	5995	0	0	1084.5008	7.705	0			
1766	1571.1734	1570.1664	12.171			21051	149408	2	4		0.82	191	97	21988	154726	22.2	0	100	0	0	0	1571.1735	1	12.179	0.14	0.318	2526	40147	286557	11129	0	0	1571.1735	12.179	0			
1767	205.1135	250.1117	1.504	C9 H19 N O2 S	Tetrahomomethionine	7499	32982	2	2	1	1.94	229	59	5513	23590	21.7	0	180.79	0	0	0	205.1135	1	1.503	0.043	0.221	1194	54486	286397	3285	0	0	251.1189	1.503	0			
1768	737.4638	736.4554	11.651			21090	153058	2	6		3.27	201	87	22263	157666	25	0	100	0	0	0	737.4631	1	11.651	0.271	0.421	625	43923	303868	1714	0	0	737.4631	11.651	0			
1769	1777.4472	887.7184	13.306			29510	184706	3	3		1.91	11	277	27407	177377	55.3	0	91.26	0	0	0	1777.4476	1	13.276	0.381	0.36	7548	43125	285923	16866	0	0	1777.4476	13.276	0			
1770	204.072	203.0646	3.783	C11 H12 N2 S	Tetramisole	34101	174832	2	5	2	0.94	205	83	33876	175114	4	0	100	0	0	0	204.072	1	3.777	0.158	0.514	11791	59656	285495	62521	0	0	204.072	3.777	0	2/02/5036		
1771	396.2063	395.1995	8.263	C23 H28 N2 O4	Echitovenine	26204	172267	3	6	1	2.09	174	114	24761	168401	16.7	0	100	0	0	0	396.2065	1	8.272	0.314	1.222	5760	54721	285422	20734	0	0	396.2065	8.272	0			
1772	611.4958	610.487	12.62			23274	147944	2	6		2.18	100	188	17706	151970	39.5	0	100	0	0	0	611.4954	1	12.618	0.237	1.443	2167	71161	312778	12353	0	0	611.4954	12.618	0			
1773	487.0801	486.073	4.958			10225	79917	2	5	1	2.03	288	0	10740	83677	22.7	0	100	0	0	0	487.0801	1	4.958	0.163	0.401	2248	26723	284638	14777	0	0	487.0801	4.958	0			
1774	367.1937	412.1919	10.945	C26 H25 N O	JWH145	23193	110043	2	2		8.64	8	280	20686	96272	35.7	0	100	0	0	0	367.1937	1	10.951	0.088	0.169	1897	67225	267231	8860	0	0	413.1991	10.951	0	914458-19-8		
1775	527.3227	526.3147	9.064			19219	140872	2	10	1	4.04	175	113	17854	119689	19.7	0	100	0	0	0	527.3219	1	9.068	0.392	0.935	1393	67928	369364	11433	0	0	527.3219	9.068	0			
1776	1090.6344	1089.6268	7.146			17757	99326	4	5	1	0.86	288	0	16560	88669	8.7	0	100	0	0	0	1090.6343	1	7.147	0.113	0.842	3903	62980	283304	15019	0	0	1090.6343	7.147	0			
1777	338.1628	383.161	5.464	C20 H22 N2 O3	beta-Cyclopiazonate	21060	87626	2	2	1	1.42	288	0	20891	86869	12.2	0	100	0	0	0	338.1628	1	5.465	0.162	0.38	10749	78655	283124	34311	0	0	384.1683	5.465	0			
1778	485.2802	544.2949	7.667			8967	128765	2	8	2	2.77	193	95	7293	124225	49.4	0	100	0	0	0	485.2804	1	7.668	0.445	1.166	816	39714	282886	1330	0	0	485.2804	7.668	0			
1779	1051.3257	1096.3239	0.386	C41 H64 N7 O17 P3 S	"CoA(20:5(5Z,8Z,11Z,14Z,17Z))"	19840	141225	3	5		1.35	195	93	19504	134658	24.7	0	167.14	0	0	0	1051.3257	1	0.377	0.104	0.724	3611	40771	282595	81145	0	0	1097.3318	0.377	0			LMFA07050063
1780	729.421	728.4138	10.787			13167	92406	2	3		1.77	274	14	14178	90030	26.2	0	100	0	0	0	729.4211	1	10.795	0.48	0.529	879	23601	280951	864	0	0	729.4211	10.795	0			
1781	701.5334	700.5283	12.454	C39 H76 N O7 P	PnE(16:0/18:1(9Z))	18010	126390	2	7	3	7.59	32	256	13129	121307	47	0	100	0	0	0	701.5349	1	12.464	0.239	1.079	2466	51259	280796	5658	0	0	701.5349	12.464	0			LMGP17010001
1782	314.2819	313.2746	10.786	C19 H38 O3	19-hydroxy-nonadecanoic acid	19578	99536	2	4		0.63	265	23	18444	99611	13.6	0	100	0	0	0	314.2819	1	10.794	0.128	0.421	3812	63159	280655	9458	0	0	314.2819	10.794	0			LMFA01050072
1783	307.1444	342.1138	9.074	C16 H22 Cl N3 O	Tebuconazole	19712	86397	2	2		2.36	6	282	13387	57922	49	0	100	0	0	0	307.1444	1	9.064	0.095	0.175	1608	62414	280629	1711	0	0	343.121	9.064	0	107534-96-3		
1784	340.2457	339.2411	10.386			21978	114096	2	5		5.33	70	218	20261	100343	40.7	0	100	0	0	0	340.2455	1	10.422	0.519	0.796	2098	73497	280459	4820	0	0	340.2455	10.422	0			
1785	679.4054	678.398	10.399	C36 H53 N7 O6	Telaprevir	17537	142588	2	3		1.52	213	75	17694	148072	25.7	0	100	0	0	0	679.4053	1	10.412	0.223	0.508	929	36775	277845	1789	0	0	679.4053	10.412	0	402957-28-2	HMDB15616	
1786	731.5098	730.5027	12.654	C39 H74 N O9 P	PS(P-18:0/15:1(9Z))	22046	145133	2	3	1	5.21	102	186	25167	178489	60.8	0	100	0	0	0	731.5098	1	12.671	0.526	0.37	968	51668	276873	4563	0	0	731.5098	12.671	0			LMGP03030033
1787	386.3393	445.3532	11.337	C23 H46 O4	MG(20:0/0:0/0:0)	22756	87351	2	3		0.47	271	17	19775	75810	24.6	0	100	0	0	0	386.3393	1	11.347	0.171	0.329	915	74147	276379	3799	0	0	446.3604	11.347	0		HMDB11572	
1788	214.1932	213.1858	9.49	C13 H26 O2	Tridecanoic acid	36120	135764	2	2	1	0.83	224	64	34782	130569	8.6	0	100	0	0	0	214.1932	1	9.493	0.28	0.832	4260	85396	318622	21610	0	0	214.1932	9.493	0	638-53-9	HMDB00910	LMFA01010013
1789	649.3945	648.3876	10.448			16423	143300	2	7		1.54	242	46	17178	145537	25.7	0	100	0	0	0	649.3946	1	10.454	0.295	0.483	950	31670	399218	4882	0	0	649.3946	10.454	0			
1790	361.1104	420.1243	7.968	C17 H19 N3 O4 S	3-Hydroxyomeprazole	14063	69743	2	2		4.33	11	277	13494	74760	85.7	0	100	0	0	0	361.1104	1	7.954	0.107	0.205	713	58208	271407	2355	0	0	421.1315	7.954	0		HMDB14013	
1791	553.3165	552.3091	9.774	C29 H48 N O7 P	"LysoPE(24:6(6Z,9Z,12Z,15Z,18Z,21Z)/0:0)"	30630	143985	2	4		0.83	173	115	30382	144253	19.8	0	100	0	0	0	553.3166	1	9.759	0.254	0.462	4034	75586	334759	15313	0	0	553.3166	9.759	0		HMDB11529	
1792	566.2158	565.2089	6.5	C31 H34 O10	100-1	28370	137912	2	3	1	1.03	227	61	32901	155214	29.8	0	100	0	0	0	566.2161	1	6.453	0.226	0.313	8367	107958	360119	28057	0	0	566.2161	6.453	0			
1793	628.5063	627.499	10.303	C40 H68 O5	"DG(15:1(9Z)/22:4(7Z,10Z,13Z,16Z)/0:0)[iso2]"	25473	123160	3	4		0.37	272	16	24290	119888	14.1	0	100	0	0	0	628.5063	1	10.312	0.183	0.806	2358	85940	267697	14133	0	0	628.5063	10.312	0			LMGL02010471
1794	338.2221	337.2149	9.534			21664	82980	2	4		0.58	262	26	18722	69963	19.7	0	100	0	0	0	338.2221	1	9.544	0.163	0.36	5668	66318	267438	16892	0	0	338.2221	9.544	0			
1795	487.0802	486.0728	4.29			10714	98591	3	5	2	2.3	288	0	10952	96484	13.7	0	100	0	0	0	487.0801	1	4.289	0.146	0.483	2260	25415	266969	14777	0	0	487.0801	4.289	0			
1796	328.9989	388.0131	0.407			26936	92589	2	6		2.94	7	281	5254	15354	69	0	100	0	0	0	328.9991	1	0.403	0.029	0.159	905	81234	266889	1518	0	0	328.9991	0.403	0			
1797	420.3607	479.3738	10.444			26049	105741	3	5		6.18	204	84	25945	103132	14.8	0	100	0	0	0	420.3599	1	10.455	0.171	0.447	4982	62015	265850	15595	0	0	420.3599	10.455	0			
1798	249.2091	294.2073	4.437	C16 H27 N O	"(2S,3S,7S,10S)-3,7,10-Trimethyldodecahydrocyclopenta[b]quinolizine-2-carbaldehyde"	29303	139243	2	2	1	2.13	152	136	38993	186088	10.2	0	100	0	0	0	249.2091	1	4.436	0.061	0.252	1372	56449	264825	1665	0	0	295.2146	4.436	0			
1799	765.7207	764.7135	11.854			17820	64421	2	3		0.58	213	75	15772	54588	30.9	0	100	0	0	0	765.7207	1	11.859	0.103	0.211	2327	66430	264648	6936	0	0	765.7207	11.859	0			
1800	228.1359	227.1287	4.407	C12 H20 O4	Traumatic Acid	13546	50440	2	2	1	1.18	252	36	10594	40577	22.9	0	100	0	0	0	228.136	1	4.409	0.087	0.247	3749	73579	262500	11242	0	0	228.136	4.409	0	6402-36-4	HMDB00933	LMFA01170002
1801	1503.0301	1502.0236	12.043			17283	129126	2	5	1	1.57	269	19	18495	131434	23.2	0	100	0	0	0	1503.03	1	12.045	0.342	0.683	964	33887	258758	2514	0	0	1503.03	12.045	0			
1802	530.1331	529.1269	6.073			9645	61020	2	4		4.38	286	2	7214	40894	47.4	0	100	0	0	0	530.1331	1	6.076	0.189	0.318	989	34244	258640	2475	0	0	530.1331	6.076	0			
1803	689.5357	688.525	12.382			16676	138581	2	7		5	79	209	16011	134661	32.4	0	100	0	0	0	689.5353	1	12.398	0.448	0.709	3244	38337	258456	9078	0	0	689.5353	12.398	0			
1804	611.4941	610.4875	12.617			17256	114305	2	6		1.87	133	155	11524	84731	42.8	0	100	0	0	0	611.4944	1	12.612	0.324	1.305	994	68335	334325	3447	0	0	611.4944	12.612	0			
1805	465.3215	464.3144	10.425	C23 H48 N O6 P	PE(P-18:0/0:0)	49425	184294	2	3	1	2.77	106	182	48754	191504	28.1	0	100	0	0	0	465.3216	1	10.439	0.413	0.555	9276	81264	257419	33180	0	0	465.3216	10.439	0			LMGP02070002
1806	125.9954	124.9887	0.39			16175	107544	2	5		6.13	123	165	13915	98310	28.5	0	151.69	0	0	0	125.9955	1	0.386	0.17	0.894	1188	60784	257206	5076	0	0	125.9955	0.386	0			
1807	577.9795	576.9723	9.135			13180	78178	2	2		0.44	238	50	13615	76851	16.5	0	100	0	0	0	577.9795	1	9.135	0.289	0.36	1234	46154	256937	5395	0	0	577.9795	9.135	0			
1808	186.8819	221.8522	0.468			6431	34807	2	6		4.79	199	89	3729	24959	73.9	0	100	0	0	0	186.8821	1	0.487	0.271	0.354	1213	55374	256201	5935	0	0	186.8821	0.487	0			
1809	448.1887	493.1869	9.377	C27 H28 O6	Lonchocarpenin	5608	48758	2	3		5.46	175	113	2937	35069	57	0	100	0	0	0	448.1887	1	9.391	0.479	0.354	795	39022	255767	2007	0	0	494.1939	9.391	0			LMPK12160024
1810	702.4478	737.4172	5.754	C37 H67 O10 P	"PG(18:3(9Z,12Z,15Z)/13:0)"	23119	87385	3	3	1	0.6	288	0	22281	83639	6.9	0	100	0	0	0	702.4478	1	5.754	0.12	0.19	11052	81116	255473	39939	0	0	738.4245	5.754	0			LMGP04010398
1811	300.2661	299.2591	9.896	C18 H36 O3	DL-2-hydroxy stearic acid	49573	201852	2	10	1	0.58	111	177	42727	188714	26.7	0	100	0	0	0	300.2661	1	9.897	0.29	0.822	6481	175177	796261	32671	0	0	300.2661	9.897	0	629-22-1		LMFA01080014
1812	467.2094	526.2232	9.864			12400	70575	2	4	1	2	276	12	11312	66891	36.4	0	100	0	0	0	467.2094	1	9.869	0.354	0.734	1270	40999	253959	5854	0	0	467.2094	9.869	0			
1813	586.492	585.4845	11.945			17451	90186	2	2		2.7	214	74	17083	89217	22.3	0	100	0	0	0	586.4917	1	11.952	0.132	0.216	1312	51021	253668	1589	0	0	586.4917	11.952	0			
1814	867.5993	866.583	12.198			11386	91201	2	6	1	4.42	190	98	10952	84790	44.5	0	100	0	0	0	867.5987	1	12.212	0.418	0.467	967	35991	253286	5976	0	0	867.5987	12.212	0			
1815	529.2818	574.2229	9.454			16320	87389	2	8		5.53	223	65	15049	82066	21.1	0	100	0	0	0	529.2802	1	9.453	0.53	1.145	1975	49648	252181	3243	0	0	529.2802	9.453	0			
1816	188.1047	187.0975	1.958	C9 H16 O4	Azelaic acid	11288	46590	2	2	1	0.75	166	122	9247	38395	25.2	0	100	0	0	0	188.1047	1	1.958	0.06	0.272	3572	59931	250803	9301	0	0	188.1047	1.958	0	123-99-9	HMDB00784	LMFA01170054
1817	136.0361	135.0297	0.303			53216	160803	2	5	2	5.46	133	155	55911	169459	19.8	0	173.51	0	0	0	136.0362	1	0.294	0.175	0.375	1232	110770	268436	7240	0	0	136.0362	0.294	0			
1818	765.5289	800.5034	11.626			16303	119746	2	10	1	7.85	110	178	14589	114798	76.9	0	100	0	0	0	765.5286	1	11.645	0.566	1.161	3320	55459	440684	18543	0	0	765.5286	11.645	0			
1819	658.2628	693.2325	6.518			20313	175745	2	8	2	0.82	54	234	19935	196726	48.2	0	100	0	0	0	658.2627	1	6.543	0.162	0.668	3184	35903	273256	9447	0	0	658.2627	6.543	0			
1820	605.3686	604.3616	10.663			14765	126937	2	6		1.3	224	64	14704	125140	20.7	0	100	0	0	0	605.3686	1	10.662	0.352	0.693	1423	30715	275999	8246	0	0	605.3686	10.662	0			
1821	339.3136	384.3118	10.502	C21 H41 N O2	AM3102	22135	85549	2	3		0.54	240	48	20612	83766	18.9	0	100	0	0	0	339.3136	1	10.506	0.146	0.406	3163	66151	245439	8199	0	0	385.319	10.506	0	213182-22-0		
1822	131.0676	130.0611	0.406			20436	114312	2	5		6.4	236	52	20613	95604	31.6	0	190.27	0	0	0	131.0675	1	0.392	0.343	0.781	1174	66239	244625	2708	0	0	131.0675	0.392	0			
1823	372.2867	431.3013	8.925			18465	151840	2	10	3	2.32	145	143	18103	152284	15.4	0	100	0	0	0	372.287	1	8.926	0.14	1.51	2834	81824	244603	25783	0	0	372.287	8.926	0			
1824	254.1515	253.1444	5.084	C14 H22 O4	C75	24897	124716	2	2	1	2.41	205	83	18236	94471	33.8	0	100	0	0	0	254.1516	1	5.09	0.11	0.339	1334	49159	244519	2739	0	0	254.1516	5.09	0	191282-48-1		
1825	366.2403	365.233	9.15	C21 H34 O5	Cortolone	8334	34161	2	3		1.25	87	201	6864	28371	35.3	0	100	0	0	0	366.2404	1	9.148	0.401	0.277	1536	56780	244150	3730	0	0	366.2404	9.148	0	516-42-7	HMDB03128	
1826	652.613	697.6112	11.66	C45 H80 O2	16:0 Sitosteryl ester	12988	65114	2	3		4.07	264	24	11962	58832	35.2	0	100	0	0	0	652.613	1	11.668	0.146	0.226	1207	41825	244124	4423	0	0	698.6184	11.668	0			LMST01020047
1827	240.0668	239.0596	9.906	C9 H20 O S3	Propyl 1-(propylsulfinyl)propyl disulfide	23768	81779	2	3		0.69	264	24	22078	71620	36.2	0	100	0	0	0	240.0668	1	9.912	0.099	0.211	1864	89321	243447	5638	0	0	240.0668	9.912	0		HMDB33071	
1828	566.2155	565.2079	7.111	C31 H34 O10	100-1	21409	137347	2	6	1	1.37	176	112	19406	130149	25.4	0	100	0	0	0	566.2159	1	7.113	0.228	0.734	11033	43387	243261	33602	0	0	566.2159	7.113	0			
1829	971.7999	970.7925	11.355			18355	84842	2	3		2.41	271	17	16985	78978	27.7	0	100	0	0	0	971.7996	1	11.357	0.336	0.308	1580	58556	242679	8844	0	0	971.7996	11.357	0			
1830	531.974	530.9669	9.39			19740	158164	2	2	1	0.31	287	1	18874	154078	10.6	0	100	0	0	0	531.9741	1	9.392	0.118	0.38	13982	34051	241681	34936	0	0	531.9741	9.392	0			
1831	746.4742	781.4436	5.978	C46 H66 O8	Myxol glycoside/ (Myxoxanthophyll)	24255	94441	3	3	1	0.53	288	0	23293	90044	8.3	0	100	0	0	0	746.4742	1	5.979	0.118	0.169	11118	71472	241655	41286	0	0	782.4507	5.979	0			LMPR01070184
1832	286.0468	285.041	0.325	C15 H10 O6	Luteolin	35618	75896	2	4		1.91	270	18	34134	73562	33.9	0	217.48	0	0	0	286.0467	1	0.321	0.216	0.652	1397	91164	241447	2275	0	0	286.0467	0.321	0	491-70-3	HMDB05800	LMPK12110006
1833	342.1212	341.1137	4.795	C18 H18 N2 O5	Dictyoquinazol C	28376	134725	2	3	1	1.12	287	1	27630	132470	11.1	0	100	0	0	0	342.1213	1	4.795	0.133	0.262	12483	53361	241246	59699	0	0	342.1213	4.795	0		HMDB40442	
1834	776.2899	775.2829	6.943			17688	166925	2	6	2	1.23	280	8	18030	168394	11.1	0	100	0	0	0	776.2899	1	6.947	0.154	0.678	6557	46090	241165	43071	0	0	776.2899	6.947	0			
1835	220.8523	219.8535	0.491			9136	83246	2	9	2	5.26	150	138	6316	62803	61.1	0	168.97	0	0	0	220.8523	1	0.499	0.542	0.652	1179	109693	240984	4647	0	0	220.8523	0.499	0			
1836	790.4259	789.4195	10.596			8502	71586	2	3		7.34	31	257	3725	28829	71.3	0	100	0	0	0	790.4266	1	10.617	0.307	0.334	1332	24567	240366	4625	0	0	790.4266	10.617	0			
1837	619.5896	664.5878	12.494	C40 H77 N O3	"Cer(d16:2(4E,6E)/24:0)"	13833	79886	2	3		1.22	219	69	14039	76452	26.9	0	100	0	0	0	619.5896	1	12.499	0.217	0.211	1032	51602	240096	10242	0	0	665.5954	12.499	0			LMSP02010067
1838	692.5228	691.5148	11.825			12367	105833	2	6		3.27	242	46	10584	103789	34.5	0	100	0	0	0	692.5223	1	11.832	0.369	0.827	2064	38788	239308	6177	0	0	692.5223	11.832	0			
1839	457.2826	456.2751	9.549	C27 H39 N O5	N-docosahexaenoyl glutamic acid	14996	69330	2	2		1.83	266	22	13057	57842	26.9	0	100	0	0	0	457.2826	1	9.554	0.089	0.457	1128	51382	239186	2597	0	0	457.2826	9.554	0			LMFA08020089
1840	344.2349	343.2275	9.931	C22 H32 O3	3-Hydroxyneogrifolin	22091	76917	2	6	1	2.14	250	38	18545	65008	33.5	0	100	0	0	0	344.2349	1	9.943	0.293	0.647	1542	73379	258854	10328	0	0	344.2349	9.943	0		HMDB39885	
1841	1030.4873	1029.4786	6.716			6674	38162	2	3		5.41	285	3	3420	18391	44.6	0	100	0	0	0	1030.4858	1	6.717	0.119	0.277	1192	42054	238575	1949	0	0	1030.4858	6.717	0			
1842	495.2646	530.234	10.513			16285	74508	2	4		2.28	278	10	16436	72529	30.9	0	100	0	0	0	495.2644	1	10.517	0.212	0.663	1097	29287	238554	1540	0	0	495.2644	10.517	0			
1843	741.6424	776.6073	12.484			12100	62214	2	6		6.04	189	99	13017	64522	56.8	0	100	0	0	0	741.6424	1	12.479	0.494	0.437	1131	30074	237946	3804	0	0	741.6424	12.479	0			
1844	669.3995	668.3925	10.989			20296	129884	2	3		1.91	274	14	20446	130285	22.4	0	100	0	0	0	669.3998	1	10.998	0.128	0.996	1241	37621	237840	12067	0	0	669.3998	10.998	0			
1845	368.2235	413.2217	10.587	C26 H28 N2	Cinnarizine	13963	108500	2	2		1.24	27	261	14679	120687	51	0	100	0	0	0	368.2235	1	10.597	0.244	0.318	1963	31914	237733	9369	0	0	414.2291	10.597	0	298-57-7		
1846	451.2147	496.2129	9.747	C22 H33 N3 O5 S	Formylmethionyl-leucyl-phenylalanine methyl ester	14566	109859	2	3		2.34	277	11	14613	107455	16.8	0	100	0	0	0	451.2147	1	9.753	0.098	0.339	1077	30206	236670	2922	0	0	497.2202	9.753	0	65929-03-5		
1847	1510.0508	1509.0431	11.884			16097	116555	2	4		1.82	236	52	15904	120962	30.5	0	100	0	0	0	1510.0506	1	11.886	0.234	0.293	877	28036	236415	2637	0	0	1510.0506	11.886	0			
1848	501.2148	500.2073	9.646	C18 H35 N3 O13	Chitotriose	22993	95458	2	3	1	2.73	203	85	20093	85653	20.1	0	100	0	0	0	501.2147	1	9.626	0.245	0.282	2631	69131	236395	10384	0	0	501.2147	9.626	0	41708-93-4	HMDB06578	
1849	780.4715	825.4697	6.184	C39 H74 O11 P2	PPA(18:1(9Z)/18:1(9Z))	24799	99112	3	3	1	0.42	288	0	24253	94958	8.2	0	100	0	0	0	780.4715	1	6.185	0.117	0.2	11099	67899	235707	47525	0	0	826.4769	6.185	0			LMGP11010002
1850	762.6372	761.6297	10.712			19986	110727	2	4		1	168	120	20218	114869	18.9	0	100	0	0	0	762.6371	1	10.705	0.147	0.354	2500	37075	235459	16645	0	0	762.6371	10.705	0			
1851	495.2281	530.1975	9.966	C28 H33 N O7	Cytochalasin E	17161	115645	2	2		1.2	260	28	17454	112732	27.6	0	100	0	0	0	495.2281	1	9.97	0.164	0.349	2588	34914	234749	18717	0	0	531.2046	9.97	0	36011-19-5		
1852	833.5568	832.548	11.862			31679	148703	2	26	1	2.6	152	136	26441	136464	48.6	0	100	0	0	0	833.5568	1	11.862	0.384	0.514	1208	118408	636435	7150	0	0	833.5568	11.862	0			
1853	154.8737	213.8877	0.413			24286	91263	2	2		5.63	194	94	21077	91119	33.4	0	191.35	0	0	0	154.8735	1	0.387	0.369	0.344	790	86771	233190	747	0	0	154.8735	0.387	0			
1854	649.6367	684.6061	13.012	C42 H83 N O3	Cer(d18:1/24:0)	17555	96717	3	3		2.26	188	100	15941	90925	22.6	0	100	0	0	0	649.6367	1	13.015	0.216	0.411	5961	57434	233024	38972	0	0	685.6135	13.015	0		HMDB04956	LMSP02010012
1855	531.2613	530.2547	10.836			14483	75142	2	4		4.79	281	7	10539	73419	37.6	0	100	0	0	0	531.2616	1	10.85	0.25	0.359	1174	68937	232807	2626	0	0	531.2616	10.85	0			
1856	594.1517	593.144	6.086	C34 H26 O10	Kuwanon Z	9702	53895	2	3		2.87	176	112	6663	39352	22.5	0	100	0	0	0	594.1514	1	6.086	0.176	0.344	1133	40246	231875	2533	0	0	594.1514	6.086	0	104931-21-7	HMDB33297	
1857	147.0527	146.0456	0.29	C5 H9 N O4	L-Glutamic acid	71106	193487	2	2	2	2.44	147	141	73509	200624	17.5	0	181.37	0	0	0	147.0528	1	0.285	0.114	0.236	7009	143237	369027	16208	0	0	147.0528	0.285	0	56-86-0	HMDB00148	
1858	106.0256	105.0171	0.311			15386	102495	2	2		5.16	281	7	13849	97981	24.2	0	174.38	0	0	0	106.0256	1	0.302	0.141	0.539	4100	55675	230396	26476	0	0	106.0256	0.302	0			
1859	338.1627	383.1609	5.944	C20 H22 N2 O3	beta-Cyclopiazonate	31770	130231	2	3	1	1.84	286	2	30825	124403	1.9	0	100	0	0	0	338.1627	1	5.946	0.323	0.621	15641	59650	230357	71157	0	0	384.1683	5.946	0			
1860	601.0816	600.0732	6.089			2285	15284	2	5		5.86	155	133	1425	8244	68.3	0	100	0	0	0	601.0804	1	6.091	0.264	0.745	687	27646	229781	1655	0	0	601.0804	6.091	0			
1861	1001.8468	1000.8393	11.577			14702	71731	2	3		3.23	268	20	13388	66607	38.4	0	100	0	0	0	1001.8465	1	11.585	0.098	0.303	1278	46559	229293	6196	0	0	1001.8465	11.585	0			
1862	562.1616	607.1598	5.563	C34 H26 O8	Albanol A	8910	49123	2	3		1.68	265	23	4704	29545	45.3	0	100	0	0	0	562.1616	1	5.563	0.342	0.74	1269	45675	228865	4543	0	0	608.1668	5.563	0	87085-00-5		
1863	736.5244	735.5328	12.113			16854	103081	2	6		5.35	145	143	16269	104182	42.1	0	100	0	0	0	736.5237	1	12.128	0.435	0.365	861	174313	227977	2361	0	0	736.5237	12.128	0			
1864	539.2109	538.2038	6.074			14248	73607	2	2	1	2.18	288	0	12044	58916	15.3	0	100	0	0	0	539.211	1	6.076	0.181	0.478	2902	36765	226424	10090	0	0	539.211	6.076	0			
1865	356.0738	355.066	0.42	C15 H16 O10	Caffeoyl C1-glucuronide	14903	49668	2	4		4.87	254	34	9388	40926	47.2	0	198.23	0	0	0	356.0735	1	0.42	0.327	0.452	1343	105334	226298	4096	0	0	356.0735	0.42	0		HMDB41709	
1866	170.13	229.1445	6.846	C10 H18 O2	"1,7-Dioxaspiro[5.6]dodecane"	16435	88481	2	3	1	5.35	287	1	15767	87262	10	0	100	0	0	0	170.1305	1	6.848	0.197	0.811	3469	59238	226225	19309	0	0	170.1305	6.848	0			LMPK09000017
1867	100.0156	99.0082	0.59			16593	107238	2	5	2	3.9	63	225	12344	83403	67.2	0	114.19	0	0	0	100.0158	1	0.57	0.355	0.385	1706	52691	226166	3131	0	0	100.0158	0.57	0			
1868	438.1922	473.1616	6.958	C23 H26 N4 O5	Phe Trp Ser	29685	129189	2	2	1	1.66	288	0	29182	124926	4.4	0	100	0	0	0	438.1922	1	6.96	0.098	0.426	17351	59722	225985	59091	0	0	474.1688	6.96	0			
1869	330.0967	329.0897	7.048			17400	79324	2	6		4.01	89	199	17406	77770	35.3	0	80	0	0	0	330.0969	1	7.057	0.271	0.221	534	49572	224663	1557	0	0	330.0969	7.057	0			
1870	416.3545	415.349	10.37			21993	126840	2	2		1.2	265	23	22065	131224	21.5	0	100	0	0	0	416.3545	1	10.377	0.131	0.354	4780	37265	224661	7648	0	0	416.3545	10.377	0			
1871	250.0736	249.0667	6.073	C15 H10 N2 O2	2-Methoxycanthin-6-one	26569	117821	2	2	1	2.76	282	6	26415	118286	0.8	0	100	0	0	0	250.074	1	6.075	0.18	0.272	15225	50174	221891	61032	0	0	250.074	6.075	0	116353-93-6	HMDB41064	
1872	188.1047	187.0974	1.748	C9 H16 O4	Azelaic acid	11229	48192	2	2	1	0.69	166	122	9287	40844	23.6	0	100	0	0	0	188.1047	1	1.747	0.056	0.282	3447	51965	221849	17222	0	0	188.1047	1.747	0	123-99-9	HMDB00784	LMFA01170054
1873	386.2651	445.2797	8.996	C21 H38 O6	Cryptomeridiol 11-rhamnoside	14257	118373	3	9		4.25	219	69	13393	112541	23.5	0	100	0	0	0	386.2657	1	8.992	0.245	1.818	1646	46335	293931	14072	0	0	386.2657	8.992	0	349112-30-7	HMDB38018	
1874	104.0461	103.04	0.423			41892	160760	2	4	1	7.56	120	168	37529	165974	22.1	0	100	0	0	0	104.0461	1	0.411	0.171	0.365	3135	105492	285110	8195	0	0	104.0461	0.411	0			
1875	294.2557	339.1916	10.633			31040	140612	2	5	2	3.72	97	191	29503	148466	24.7	0	100	0	0	0	294.2557	1	10.639	0.256	0.57	1618	144388	515471	4020	0	0	294.2557	10.639	0			
1876	378.1189	423.1171	6.072	C16 H18 N4 O7	Thr-His-OH	16865	79508	2	2	1	1.5	288	0	16111	75444	7.5	0	100	0	0	0	378.1189	1	6.075	0.184	0.385	7524	51044	219261	29793	0	0	424.1243	6.075	0			
1877	350.0661	349.0748	0.347			27232	123702	3	5	1	14.04	15	273	32873	133292	23	0	80	0	0	0	350.0675	1	0.344	0.06	0.252	5040	47295	219239	22906	0	0	350.0675	0.344	0			
1878	559.4686	558.462	9.301			20721	107043	2	2		1.05	124	164	21175	100134	29.5	0	100	0	0	0	559.4686	1	9.312	0.154	0.282	12324	28967	218696	41840	0	0	559.4686	9.312	0			
1879	472.0761	471.0699	0.412			28148	130333	2	4	1	1.77	201	87	26208	127225	26.4	0	100	0	0	0	472.076	1	0.396	0.157	0.657	3219	79312	218120	16914	0	0	472.076	0.396	0			
1880	617.3668	616.3615	10.759			20489	134782	2	6		3.81	196	92	21078	136409	22.8	0	100	0	0	0	617.3678	1	10.762	0.231	0.734	1517	43088	217773	4002	0	0	617.3678	10.762	0			
1881	448.1627	483.1321	6.776	C25 H24 N2 O6	HoPhe-HoPhe-OH	9108	56212	3	3	1	5.88	288	0	5096	33995	41.1	0	100	0	0	0	448.1627	1	6.779	0.173	0.308	1320	35831	215271	3248	0	0	484.1392	6.779	0			
1882	1092.3488	1091.3425	0.383			21154	145176	3	3		0.75	7	281	14571	138697	21.2	0	100	0	0	0	1092.349	1	0.38	0.034	0.211	11239	38753	214769	111451	0	0	1092.349	0.38	0			
1883	1327.0755	1372.0762	12.222			16856	95500	2	8		4.08	130	158	15447	94753	38.5	0	100	0	0	0	1327.0731	1	12.234	0.245	0.313	1143	43223	214330	2778	0	0	1327.0731	12.234	0			
1884	557.2794	556.2702	10.95			15107	79016	2	5		3.82	172	116	16391	80886	33	0	100	0	0	0	557.2787	1	10.961	0.341	0.991	1014	38776	214215	9456	0	0	557.2787	10.961	0			
1885	438.1923	473.1617	6.661	C23 H26 N4 O5	Phe Trp Ser	20247	88993	2	2	1	1.57	274	14	19802	87963	5.6	0	100	0	0	0	438.1923	1	6.664	0.184	0.272	10898	46164	214071	38576	0	0	474.1687	6.664	0			
1886	961.5299	960.5232	6.718			8761	53568	2	2	1	0.63	286	2	7743	44081	22.9	0	100	0	0	0	961.53	1	6.719	0.118	0.205	4100	26629	213613	14810	0	0	961.53	6.719	0			
1887	438.3404	437.3324	9.928			27708	95325	2	5		2.67	249	39	27786	92942	37	0	100	0	0	0	438.3402	1	9.936	0.317	0.575	1037	51286	213496	3566	0	0	438.3402	9.936	0			
1888	917.5038	916.4967	6.552			8975	52015	2	2	1	0.46	287	1	7792	42348	16.2	0	100	0	0	0	917.5038	1	6.555	0.12	0.2	3808	28148	212002	14863	0	0	917.5038	6.555	0			
1889	220.0247	254.99	0.387	C6 H9 O9 P	L-ascorbic acid-2-phosphate	13572	66996	2	3		9.68	52	236	10783	60786	30.8	0	80	0	0	0	220.0246	1	0.385	0.369	0.442	1030	48256	211723	3466	0	0	220.0246	0.385	0	23313-12-4		
1890	470.0429	469.0356	2.41			16764	90356	2	2	1	0.36	269	19	16965	86520	8	0	100	0	0	0	470.0429	1	2.407	0.06	0.318	3951	36546	211492	17604	0	0	470.0429	2.407	0			
1891	658.5295	657.5229	12.938			13568	99946	2	4		2.2	211	77	12080	85829	35.4	0	100	0	0	0	658.5297	1	12.934	0.272	0.539	2590	60714	210920	15052	0	0	658.5297	12.934	0			
1892	762.6403	761.6336	12.168			12311	71882	2	2		6.24	82	206	12262	63613	80.5	0	100	0	0	0	762.6416	1	12.162	0.404	0.231	925	30787	210532	3864	0	0	762.6416	12.162	0			
1893	244.2035	243.1964	8.776	C14 H28 O3	2-Hydroxymyristic Acid	21047	77026	2	2		1.64	254	34	19212	66747	10.6	0	100	0	0	0	244.2037	1	8.781	0.476	0.272	4132	52012	208705	17651	0	0	244.2037	8.781	0	2507-55-3	HMDB02261	
1894	350.0805	349.0745	0.326	C20 H14 O6	Alteichin	38514	94771	2	5	1	6.21	193	95	36474	83507	29.5	0	181.38	0	0	0	350.0816	1	0.322	0.284	0.822	4065	94349	208164	40296	0	0	350.0816	0.322	0	88899-62-1		
1895	765.4895	764.4843	11.238			11169	110851	2	10		5.71	61	227	10745	110290	46.4	0	100	0	0	0	765.4903	1	11.239	0.273	0.729	1653	28464	205713	16694	0	0	765.4903	11.239	0			
1896	313.2979	358.2961	10.018	C19 H39 N O2	R-Palmitoyl-(2-methyl) Ethanolamide	15194	79283	2	2		3.16	268	20	14267	76383	24.3	0	100	0	0	0	313.2979	1	10.027	0.197	0.365	1078	39945	205159	1854	0	0	359.3033	10.027	0	179951-56-5		
1897	384.1023	383.0956	7.08			18325	84602	2	3	1	2.35	287	1	18575	85957	2.2	0	100	0	0	0	384.1028	1	7.082	0.183	0.236	9472	39016	203426	43003	0	0	384.1028	7.082	0			
1898	639.6162	698.6301	12.604	C40 H81 N O4	Cer(t20:0/20:0)	8249	37705	2	3		3.7	260	28	4447	22231	48.7	0	100	0	0	0	639.6162	1	12.611	0.247	0.216	994	37374	201944	1736	0	0	699.6374	12.611	0			LMSP02030011
1899	151.0481	150.0413	0.424			65969	154243	2	4	1	5.84	164	124	65484	151729	27	0	196.57	0	0	0	151.0481	1	0.424	0.085	0.267	10064	113078	336320	103828	0	0	151.0481	0.424	0			
1900	334.2153	369.1736	11.07	C18 H28 O3 S	Piperonyl sulfoxide	29435	150311	4	4	1	18.1	2	286	29435	150311	1	0	80	0	0	0	334.2153	1	11.07	0.015	0.637	19544	39325	201283	99340	0	0	334.2153	11.07	0	120-62-7		
1901	250.1105	295.1087	5.678	C16 H14 N2 O	3-(m-Aminophenyl)-2-(p-methoxyphenyl)acrylonitrile	14369	59528	2	2	1	2.64	264	24	13810	55595	10	0	100	0	0	0	250.1105	1	5.68	0.172	0.288	3048	51860	201271	27397	0	0	296.116	5.68	0	5462-59-9		
1902	649.6369	694.6351	12.912	C42 H83 N O3	Cer(d18:1/24:0)	9123	53359	2	3		3.3	280	8	8170	46861	30.5	0	100	0	0	0	649.6369	1	12.918	0.225	0.38	938	34634	200138	1948	0	0	695.6423	12.918	0		HMDB04956	LMSP02010012
1903	388.1631	423.1326	6.297	C20 H24 N2 O6	Nisoldipine	9459	64508	3	5	1	3.13	288	0	9046	59377	25.3	0	100	0	0	0	388.1632	1	6.3	0.193	0.375	1802	30794	199807	21895	0	0	388.1632	6.3	0	63675-72-9		
1904	393.0939	392.0858	0.429	C21 H16 F N3 O2 S	CAY10571	23611	70524	2	3	1	2.52	262	26	21314	66383	30.8	0	201.94	0	0	0	393.0939	1	0.427	0.117	0.318	1558	65457	199772	4415	0	0	393.0939	0.427	0	152121-46-5		
1905	506.1895	505.1819	4.958	C24 H30 N2 O10	Formoterol glucuronide	17089	94368	2	2	1	1.75	282	6	14564	77849	21.5	0	100	0	0	0	506.1896	1	4.958	0.179	0.395	1264	38457	199413	3890	0	0	506.1896	4.958	0			
1906	314.2454	313.2383	10.021	C18 H34 O4	6-HpOME(7E)	15931	71811	2	4	1	1.77	105	183	18987	86578	56.8	0	100	0	0	0	314.2455	1	9.955	0.502	0.637	1354	40974	198464	3878	0	0	314.2455	9.955	0			LMFA02000097
1907	304.2379	303.2328	10.607	C20H32O2	omega-3 Arachidonic Acid	14995	102009	2	10	3	8.54	26	262	8894	86241	61.4	0	100	0	0	0	304.2384	1	10.6	0.335	1.407	2295	78504	458534	8760	0	0	304.2384	10.6	0	24880-40-8		
1908	352.2591	351.2514	10.838			17084	81710	2	3	1	1.74	118	170	17533	80074	25.8	0	100	0	0	0	352.2589	1	10.841	0.493	0.36	3125	44601	196877	9093	0	0	352.2589	10.841	0			
1909	396.3967	395.3894	12.581	C26 H52 O2	Cerotic acid	12229	40505	2	2		2.84	265	23	8559	26898	39.2	0	100	0	0	0	396.3966	1	12.59	0.344	0.236	1272	49675	195886	2252	0	0	396.3966	12.59	0	506-46-7		LMFA01010026
1910	1074.5137	1073.5048	6.868			5923	32735	2	3		5.14	284	4	3192	16671	47.9	0	100	0	0	0	1074.512	1	6.871	0.117	0.19	1117	36564	195586	2098	0	0	1074.512	6.871	0			
1911	675.6526	710.622	13	C44 H85 N O3	Cer(d18:1/26:1(17Z))	12015	78617	2	3		2.91	180	108	10932	76371	22.5	0	100	0	0	0	675.6526	1	13	0.099	0.282	4553	31885	195459	42832	0	0	711.6289	13	0		HMDB04954	LMSP02010010
1912	563.322	562.3163	9.889			26898	122649	2	9	1	1.44	92	196	19936	113982	29.1	0	99.78	0	0	0	563.3219	1	9.893	0.415	0.955	4201	81918	292903	24495	0	0	563.3219	9.893	0			
1913	945.9484	944.9409	12.089			14498	96948	2	2	1	1.71	194	94	13884	93009	37.5	0	100	0	0	0	945.9481	1	12.117	0.35	0.534	1863	40915	194517	6087	0	0	945.9481	12.117	0			
1914	734.5285	779.5251	11.489	C43 H75 O7 P	"PA(P-20:0/20:5(5Z,8Z,11Z,14Z,17Z))"	17147	89151	2	5		2.16	216	72	16905	85167	26.6	0	100	0	0	0	734.5285	1	11.497	0.507	0.786	798	34123	194114	1301	0	0	734.5285	11.497	0			LMGP10030080
1915	697.4315	696.4242	11.396			22873	110628	2	3		2.2	278	10	24444	120730	22.6	0	100	0	0	0	697.4314	1	11.406	0.17	0.349	680	41845	193822	2024	0	0	697.4314	11.406	0			
1916	925.7581	924.7508	12.898			13137	55972	2	3		2.85	277	11	12804	56824	28.3	0	95.47	0	0	0	925.7578	1	12.906	0.116	0.318	847	44279	193769	1910	0	0	925.7578	12.906	0			
1917	505.2252	504.2176	10.268	C25 H35 N3 O6 S	Amprenavir	20675	75310	2	3		4.56	207	81	22517	78405	31.5	0	100	0	0	0	505.2254	1	10.276	0.296	0.313	994	41625	192140	3899	0	0	505.2254	10.276	0	161814-49-9	HMDB14839	
1918	552.1053	551.097	4.29	C31 H20 O10	Bilobetin	6761	38475	2	2	1	5.65	260	28	5853	33236	54.8	0	100	0	0	0	552.1044	1	4.291	0.112	0.267	964	31316	191221	1182	0	0	552.1044	4.291	0	521-32-4	HMDB30833	
1919	476.2152	475.2073	5.462			19336	127692	2	6	2	1.89	279	9	19285	126851	12.4	0	100	0	0	0	476.2155	1	5.464	0.338	0.298	1369	34185	191200	5541	0	0	476.2155	5.464	0			
1920	201.1359	236.1053	6.64	C10 H19 N O3	N-(5-Methyl-3-oxohexyl)alanine	18163	78752	2	2		4.02	240	48	16882	74034	7.5	0	100	0	0	0	201.1359	1	6.642	0.164	0.421	3371	44119	191116	25009	0	0	237.1125	6.642	0		HMDB41540	
1921	362.0996	361.0931	0.509	C18 H18 O8	"5,7,3'-Trihydroxy-6,4',5'-trimethoxyflavanone"	18623	98712	2	4	1	2.6	97	191	16614	93390	36.9	0	198.73	0	0	0	362.1	1	0.436	0.26	0.472	4727	56774	231142	40299	0	0	362.1	0.436	0			LMPK12140637
1922	420.1658	465.164	6.072	C19 H24 N4 O7	Ser Glu Trp	14048	65994	2	2		1.88	288	0	13500	61298	13.3	0	100	0	0	0	420.1658	1	6.075	0.182	0.442	2385	38321	190265	16025	0	0	466.1711	6.075	0			
1923	566.1774	565.1692	9.892			5768	28462	2	2		5.74	102	186	4147	18431	65.9	0	100	0	0	0	566.1764	1	9.89	0.148	0.339	1053	26575	189932	1927	0	0	566.1764	9.89	0			
1924	378.1259	377.1186	9.914	C18 H22 N2 O5 S	Propicillan	11373	76064	3	3		0.86	16	272	10115	55525	38.9	0	100	0	0	0	378.1258	1	9.904	0.168	0.236	1704	23084	189148	4192	0	0	378.1258	9.904	0	551-27-9		
1925	641.3329	640.3256	9.46			23370	133152	2	4		0.88	159	129	22615	124172	21.6	0	100	0	0	0	641.3329	1	9.463	0.24	1.376	4004	43889	358070	16152	0	0	641.3329	9.463	0			
1926	1118.5398	1117.5311	7.012			3976	19093	2	3		5.88	286	2	2316	10591	63.1	0	100	0	0	0	1118.538	1	7.013	0.116	0.272	799	36473	188747	1723	0	0	1118.538	7.013	0			
1927	1341.0226	1340.0157	11.866			16162	93836	2	7		1.74	247	41	15894	92920	28.7	0	100	0	0	0	1341.0224	1	11.868	0.253	0.488	939	46108	186179	4743	0	0	1341.0224	11.868	0			
1928	566.2157	565.2088	6.94	C31 H34 O10	100-1	22499	138984	2	5	1	1.24	266	22	21623	138122	15.2	0	100	0	0	0	566.2161	1	6.94	0.144	0.75	6487	39916	270007	31469	0	0	566.2161	6.94	0			
1929	339.3133	384.3115	10.179	C21 H41 N O2	AM3102	25535	78804	2	3		0.54	272	16	22180	72106	29.6	0	100	0	0	0	339.3133	1	10.188	0.121	0.2	5523	64611	185582	21102	0	0	385.319	10.188	0	213182-22-0		
1930	429.1941	428.187	9.884			19349	110160	2	3		0.62	261	27	21095	121504	15.6	0	100	0	0	0	429.1942	1	9.894	0.217	0.236	2457	34146	235149	9121	0	0	429.1942	9.894	0			
1931	776.2899	775.2824	6.671			22807	151940	2	6	2	1.21	80	208	23780	160114	30.5	0	100	0	0	0	776.2897	1	6.673	0.167	0.262	1632	32418	183480	9918	0	0	776.2897	6.673	0			
1932	733.5592	732.5528	12.427			22178	131428	2	6	3	4.5	140	148	21909	140433	32.4	0	100	0	0	0	733.5601	1	12.417	0.389	0.457	5277	64531	229301	35862	0	0	733.5601	12.417	0			
1933	282.1807	281.1728	8.991			15955	72116	2	2		2.5	275	13	14580	62190	27.8	0	100	0	0	0	282.1807	1	9.007	0.393	0.462	2262	37354	182056	5364	0	0	282.1807	9.007	0			
1934	314.2451	359.2449	8.692			15904	92117	2	9	1	3.23	135	153	17776	105010	52.5	0	99.13	0	0	0	314.2454	1	8.619	0.462	0.765	2263	61545	303613	8595	0	0	314.2454	8.619	0			
1935	389.1548	388.1476	10.953	C14 H23 N5 O8	Gln Gln Asp	17424	110426	3	3		0.2	4	284	17788	96557	2.2	0	100	0	0	0	389.1548	1	10.954	0.051	0.175	10504	23615	180658	67932	0	0	389.1548	10.954	0			
1936	479.318	957.6091	9.727			15076	57037	2	8	2	8.54	22	266	4104	37458	100.6	0	100	0	0	0	479.3178	1	9.714	0.377	0.57	1169	153086	178974	9723	0	0	479.3178	9.714	0			
1937	327.2779	326.2702	10.16	C19 H37 N O3	N-palmitoyl alanine	50729	97561	2	5		2.82	188	100	26411	99636	39.4	0	100	0	0	0	327.2777	1	10.121	0.356	0.565	4325	159981	197686	11174	0	0	327.2777	10.121	0			LMFA08020123
1938	751.5502	810.5576	12.59			13568	86835	2	11	2	7.76	58	230	10581	78820	67.4	0	100	0	0	0	751.5496	1	12.592	0.398	0.858	1797	40833	178035	10754	0	0	751.5496	12.592	0			
1939	593.5743	638.5725	12.472	C38 H75 N O3	Cer(d14:1/24:0)	10276	69012	2	3		1.06	221	67	11217	72709	38.5	0	100	0	0	0	593.5743	1	12.48	0.252	0.796	930	29100	176748	1993	0	0	639.5798	12.48	0			LMSP02010040
1940	294.2556	293.2485	10.489	C19 H34 O2	"(E)-3,7-Dimethyl-2,6-octadienyl nonanoate"	23243	91212	2	3	1	1.21	222	66	24957	96230	21.3	0	100	0	0	0	294.2557	1	10.495	0.145	0.601	3111	52861	175189	11765	0	0	294.2557	10.495	0			LMFA07010621
1941	209.1051	208.098	1.507	C11 H15 N O3	Propoxur	17815	91558	2	2	1	0.57	193	95	16925	106154	29.4	0	148.33	0	0	0	209.1051	1	1.508	0.092	0.36	2954	32626	174837	9932	0	0	209.1051	1.508	0	114-26-1		
1942	440.2093	475.1787	9.967	C28 H28 N2 O3	Hydroxydiphenoxylic acid(HDPA)	16463	86495	2	3		2.19	167	121	16393	86979	23.3	0	100	0	0	0	440.2093	1	9.971	0.294	0.842	1358	35081	174746	6144	0	0	476.1858	9.971	0	35340-74-0		
1943	352.3339	351.3267	11.841	C23 H44 O2	"20:1(5Z)(11Me,15Me,19Me)"	23823	75575	2	3		1.1	262	26	23441	74924	37.2	0	100	0	0	0	352.3339	1	11.851	0.413	0.267	2053	55209	174727	3608	0	0	352.3339	11.851	0			LMPR0103010016
1944	827.6047	872.6029	12.171	C46 H86 N O9 P	"PS(P-20:0/20:2(11Z,14Z))"	10213	68659	2	3		5.26	150	138	8699	62092	54.5	0	100	0	0	0	827.6047	1	12.184	0.338	0.365	1597	28290	173622	8349	0	0	873.6081	12.184	0			LMGP03030077
1945	680.2921	725.2903	9.169	C30 H48 O17	Vomifoliol 9-[glucosyl-(1->4)-xylosyl-(1->6)-glucoside]	11950	95370	2	3	1	0.93	139	149	13182	92997	28.3	0	100	0	0	0	680.2921	1	9.162	0.399	0.781	1392	21064	206924	5652	0	0	726.2975	9.162	0	141947-49-1	HMDB38449	
1946	956.9791	955.9724	0.319			16944	85331	2	3	1	0.3	193	95	16861	87055	34	0	112.91	0	0	0	956.9791	1	0.313	0.284	0.324	3594	36000	171835	19596	0	0	956.9791	0.313	0			
1947	565.3389	564.3261	10.337			18890	115504	2	8		4.35	183	105	18855	116081	29.8	0	100	0	0	0	565.3383	1	10.351	0.247	0.467	832	43825	235576	2029	0	0	565.3383	10.351	0			
1948	434.1985	433.1903	10.607	C21 H30 N4 O4 S	Trp Met Val	4387	28134	2	3		7.55	104	184	3824	20254	74.7	0	97.47	0	0	0	434.1975	1	10.604	0.367	0.288	1034	20801	169976	1848	0	0	434.1975	10.604	0			
1949	576.1968	575.1893	9.416			4363	26637	2	4		4.54	88	200	2001	13187	107.3	0	100	0	0	0	576.1968	1	9.432	0.201	0.406	947	24462	169651	4172	0	0	576.1968	9.432	0			
1950	451.1587	496.1569	4.29	C26 H23 F2 N O4	Flucythrinate	15260	93075	2	2	1	1.19	288	0	14336	89295	13.6	0	100	0	0	0	451.1587	1	4.29	0.145	0.57	4042	27627	168579	18090	0	0	497.1642	4.29	0	70124-77-5		
1951	344.2349	343.2277	9.439	C22 H32 O3	3-Hydroxyneogrifolin	20909	94516	2	12	1	3.59	116	172	18251	98528	42.1	0	100	0	0	0	344.2349	1	9.446	0.23	0.837	2650	94752	167618	14626	0	0	344.2349	9.446	0		HMDB39885	
1952	140.1199	139.1129	4.927	C9 H16 O	6Z-Nonen-2-one	14138	50528	2	3	1	2.97	229	59	11989	41554	14.5	0	100	0	0	0	140.12	1	4.933	0.132	0.39	1344	46378	167434	5280	0	0	140.12	4.933	0			LMFA12000136
1953	338.1624	373.1318	8.998	C20 H22 N2 O3	URB597	11465	58794	3	3	1	3.26	255	33	10081	51112	34.4	0	100	0	0	0	338.1624	1	9.01	0.402	0.344	1094	28033	167170	3402	0	0	374.139	9.01	0	546141-08-6		
1954	608.5013	667.5151	9.041	C37 H68 O6	Muricatenol	13594	47354	2	2		3.15	235	53	11807	40095	30.2	0	100	0	0	0	608.5013	1	9.046	0.194	0.118	1165	40639	166981	1543	0	0	668.5222	9.046	0		HMDB35900	
1955	196.1457	195.139	6.415	C12 H20 O2	Aleprylic acid	16866	80189	2	2	1	4.24	269	19	15874	76874	9.7	0	100	0	0	0	196.1462	1	6.418	0.157	0.555	5166	32602	165751	24426	0	0	196.1462	6.418	0			LMFA01030189
1956	334.2482	379.2464	9.907	C19 H33 F3 O	OTK	17909	81855	2	2		0.57	21	267	19728	84015	30.5	0	100	0	0	0	334.2482	1	9.901	0.2	0.221	5882	27307	165606	24576	0	0	380.2536	9.901	0	177987-23-4		
1957	811.7624	810.7552	11.591			19347	73648	2	3		1.36	197	91	18206	69018	29.5	0	100	0	0	0	811.7624	1	11.602	0.107	0.241	1363	40135	164222	2432	0	0	811.7624	11.602	0			
1958	434.1684	469.1381	4.794			12317	99000	3	6	2	0.8	279	9	12560	100639	18.1	0	100	0	0	0	434.1685	1	4.795	0.205	0.786	3159	22783	163114	30638	0	0	434.1685	4.795	0			
1959	1005.5563	1004.5497	6.868			7272	39378	2	2	1	1.45	283	5	6353	32103	31.9	0	99.55	0	0	0	1005.5563	1	6.869	0.13	0.241	2763	24017	159996	9523	0	0	1005.5563	6.869	0			
1960	399.2198	398.2078	11.297			2715	16352	2	3		3.99	148	140	1658	8850	108.4	0	80	0	0	0	399.2198	1	11.293	0.474	0.668	829	23230	159010	1664	0	0	399.2198	11.293	0			
1961	651.5131	650.5077	11.301			11552	55978	2	6	2	10.52	6	282	9678	38991	113.8	0	94.52	0	0	0	651.5144	1	11.265	0.293	1.202	1087	28393	157008	6701	0	0	651.5144	11.265	0			
1962	590.4866	589.4791	11.594			24763	88111	2	2		1.19	186	102	23892	85596	26.4	0	100	0	0	0	590.4867	1	11.601	0.1	0.282	6458	47308	155366	37301	0	0	590.4867	11.601	0			
1963	370.0523	369.0457	0.438	C15 H14 O11	2-O-Caffeoylhydroxycitric acid	14220	35199	2	2		4.3	208	80	9718	25364	49	0	208.85	0	0	0	370.0525	1	0.422	0.27	0.344	938	78642	155111	2193	0	0	370.0525	0.422	0	62345-87-3	HMDB40572	
1964	986.4608	985.4527	6.552			5201	27203	2	4		5.69	285	3	2736	12828	54	0	100	0	0	0	986.4593	1	6.554	0.12	0.236	866	29082	154933	1764	0	0	986.4593	6.554	0			
1965	637.5101	636.5028	12.551			9613	47585	2	2	1	1.37	259	29	7270	38244	68.3	0	100	0	0	0	637.51	1	12.557	0.341	0.729	1372	36095	154688	4389	0	0	637.51	12.557	0			
1966	654.5217	699.5199	9.929	C42 H70 O5	"DG(17:0/22:6(4Z,7Z,10Z,13Z,16Z,19Z)/0:0)[iso2]"	16248	67288	2	3		1.75	238	50	15515	60159	32.1	0	100	0	0	0	654.5217	1	9.918	0.327	0.293	2852	43180	157631	7936	0	0	700.5274	9.918	0			LMGL02010185
1967	270.2193	269.212	9.166	C16 H30 O3	15-oxo-hexadecanoic acid	26354	106677	2	3	1	0.57	88	200	26577	102772	29	0	100	0	0	0	270.2193	1	9.175	0.318	0.863	4858	60644	239172	26135	0	0	270.2193	9.175	0			LMFA01060105
1968	415.1782	460.176	9.885			9057	62789	2	3		1	272	16	9134	64989	24.6	0	100	0	0	0	415.1782	1	9.893	0.206	0.591	1911	20897	153589	6143	0	0	415.1782	9.893	0			
1969	404.1712	403.1635	9.894	C19 H24 N4 O6	Ala Trp Glu	13310	85842	2	3		1.04	143	145	15064	91395	16.7	0	100	0	0	0	404.1713	1	9.899	0.343	0.272	1161	29129	151707	4504	0	0	404.1713	9.899	0			
1970	566.216	565.209	6.441	C31 H34 O10	100-1	34522	151709	2	3	1	1.87	167	121	34531	147389	5.1	0	100	0	0	0	566.2161	1	6.445	0.128	0.241	3777	67894	261026	13182	0	0	566.2161	6.445	0			
1971	254.1511	253.1444	6.057	C14 H22 O4	C75	17761	72233	2	2		3.12	276	12	18604	73476	16.7	0	100	0	0	0	254.1516	1	6.059	0.091	0.539	3318	37369	150710	12856	0	0	254.1516	6.059	0	191282-48-1		
1972	1233.3137	615.6495	0.416			13331	108533	3	4		0.65	7	281	13054	122983	20.1	0	99.29	0	0	0	1233.3135	1	0.417	0.029	0.313	6962	24222	146126	45301	0	0	1233.3135	0.417	0			
1973	559.035	558.0263	4.313			6169	41847	3	3		7.02	13	275	2605	11600	67.8	0	100	0	0	0	559.0336	1	4.303	0.169	0.18	854	19764	145968	1343	0	0	559.0336	4.303	0			
1974	272.2349	271.2278	9.141	C16 H32 O3	9-methoxy-pentadecanoic acid	15134	66726	2	6	1	1.29	64	224	15501	63293	44.2	0	100	0	0	0	272.2349	1	9.175	0.337	0.55	3129	35416	145692	3047	0	0	272.2349	9.175	0			LMFA01080013
1975	1016.4717	1015.4627	6.715			4802	24575	2	3		5.31	285	3	2733	14856	51.9	0	100	0	0	0	1016.4701	1	6.717	0.116	0.164	756	27873	145346	1293	0	0	1016.4701	6.717	0			
1976	462.3705	461.3632	11.5			16389	96632	2	8		1.18	135	153	16123	92549	27.7	0	100	0	0	0	462.3705	1	11.498	0.295	0.657	1873	34849	144939	17826	0	0	462.3705	11.498	0			
1977	240.1339	239.1253	7.045			15369	76746	2	3	1	3.61	272	16	15048	76060	46.8	0	100	0	0	0	240.1341	1	7.05	0.204	0.442	795	30907	144074	5738	0	0	240.1341	7.05	0			
1978	112.0134	171.027	0.335			39631	104462	2	6	2	7.41	77	211	38742	110303	20.9	0	100	0	0	0	112.0132	1	0.323	0.123	0.498	8287	77144	142008	38843	0	0	112.0132	0.323	0			
1979	799.5096	798.5003	12.238			9408	66951	2	7	1	7.4	91	197	8314	60637	62.4	0	100	0	0	0	799.51	1	12.23	0.383	1.037	664	54471	141938	1044	0	0	799.51	12.23	0			
1980	599.5107	598.5047	11.845			10642	56985	2	5		4.09	223	65	9392	52181	45.7	0	100	0	0	0	599.5113	1	11.855	0.228	0.344	1410	34296	140739	3288	0	0	599.5113	11.855	0			
1981	387.183	432.1812	9.943	C25 H25 N O3	JWH 081 N-(5-hydroxypentyl)	18834	100142	2	2		0.27	9	279	19803	98507	1.4	0	100	0	0	0	387.183	1	9.936	0.12	0.252	12247	27347	140360	63148	0	0	433.1886	9.936	0			
1982	684.2423	683.2356	6.789			11244	65462	2	3	2	1.03	216	72	10560	52880	31.1	0	100	0	0	0	684.2426	1	6.797	0.241	0.421	2394	32125	147113	3779	0	0	684.2426	6.797	0			
1983	593.2047	592.1974	8.301			7835	36105	2	2	1	4.42	270	18	6031	28209	48.7	0	100	0	0	0	593.2044	1	8.303	0.086	0.349	1037	30384	138567	1445	0	0	593.2044	8.303	0			
1984	236.1405	295.155	5.384	C14 H20 O3	"12,13-Dimethyl-5,14-dioxabicyclo[9.2.1]-tetradeca-1(13),11-dien-4-one"	10249	70400	2	2	1	2.74	278	10	9822	74611	55.8	0	95.55	0	0	0	236.1409	1	5.382	0.287	0.544	1124	24484	138525	1852	0	0	236.1409	5.382	0			LMFA07040039
1985	725.4995	724.4922	11.949	C40 H72 N O8 P	"PE(22:4(7Z,10Z,13Z,16Z)/13:0)"	15690	88660	2	3	1	2.45	211	77	16399	92831	35.8	0	100	0	0	0	725.4994	1	11.949	0.21	0.308	807	32302	162051	2945	0	0	725.4994	11.949	0			LMGP02011103
1986	165.9913	164.9838	0.287			47666	95301	2	3		2.2	5	283	43234	84437	5.8	0	95.15	0	0	0	165.9912	1	0.286	0.004	0.092	25892	80749	137265	71263	0	0	165.9912	0.286	0			
1987	325.0786	384.0925	9.959	C18 H13 Cl F N3	Midazolam	20893	125485	3	3		0.24	3	285	20151	130726	0	0	100	0	0	0	325.0786	1	9.959	0.017	0.134	17988	24541	136116	109614	0	0	385.0998	9.959	0	59467-70-8		
1988	244.1667	243.16	7.524	C13 H24 O4	"1,11-Undecanedicarboxylic acid"	15941	57111	2	2	1	3.96	251	37	15301	54897	14.6	0	100	0	0	0	244.1673	1	7.527	0.392	0.195	2192	51099	135293	8044	0	0	244.1673	7.527	0	505-52-2	HMDB02327	LMFA01170014
1989	1117.3364	1116.3293	0.487			5794	36192	2	3		3.85	38	250	2512	27406	105.9	0	85.42	0	0	0	1117.3358	1	0.518	0.229	0.39	846	37818	135122	882	0	0	1117.3358	0.518	0			
1990	482.363	541.3741	10.21			27763	90687	2	6		4.65	178	110	30128	95424	54.6	0	100	0	0	0	482.3637	1	10.226	0.431	0.868	1370	47952	134869	4876	0	0	482.3637	10.226	0			
1991	364.0616	363.0539	0.336			21323	43645	2	3	2	3.11	256	32	19241	37664	36.5	0	218.1	0	0	0	364.0612	1	0.327	0.126	0.247	1534	68902	134497	3033	0	0	364.0612	0.327	0			
1992	476.2149	511.185	5.946			13908	69867	2	7	2	1.84	254	34	13715	61867	20.9	0	100	0	0	0	476.2152	1	5.944	0.276	0.709	1453	53791	172997	7503	0	0	476.2152	5.944	0			
1993	827.4727	872.4709	6.374	C46 H70 N O10 P	"PS(22:6(4Z,7Z,10Z,13Z,16Z,19Z)/18:4(6Z,9Z,12Z,15Z))"	6204	26654	2	2		2.15	288	0	4836	20482	32.1	0	100	0	0	0	827.4727	1	6.376	0.119	0.17	1873	26509	133381	4792	0	0	873.4774	6.376	0			LMGP03010832
1994	609.3045	608.2988	9.506			15563	86105	2	8		1.71	135	153	17430	96216	34.1	0	100	0	0	0	609.3044	1	9.485	0.252	0.544	3249	28706	180451	14775	0	0	609.3044	9.485	0			
1995	625.4889	624.4814	11.902			11457	55729	2	3		6.27	175	113	12140	55825	49.1	0	100	0	0	0	625.4884	1	11.917	0.409	0.277	899	30298	132234	1793	0	0	625.4884	11.917	0			
1996	777.4225	776.4158	10.222			16930	86021	2	3		1.15	198	90	16884	87576	30.2	0	100	0	0	0	777.4224	1	10.23	0.162	0.252	885	30014	214828	7621	0	0	777.4224	10.23	0			
1997	144.115	143.1077	5.594	C8 H16 O2	Caprylic acid	27375	106976	2	2		0.52	4	284	29114	118030	0	0	100	0	0	0	144.115	1	5.594	0.091	0.175	17314	33959	127628	64219	0	0	144.115	5.594	0	124-07-2	HMDB00482	LMFA01010008
1998	294.2195	353.2333	9.432	C18 H30 O3	9-OxoODE	18447	81439	2	5	2	2.36	139	149	17756	84159	26.6	0	100	0	0	0	294.2194	1	9.454	0.292	0.904	2118	42977	126194	6248	0	0	294.2194	9.454	0	54232-59-6	HMDB39603	
1999	290.0831	325.0525	7.131	C15 H15 Cl N2 O2	Chloroxuron	13877	86881	2	2	1	2.98	146	142	13800	86099	15.7	0	100	0	0	0	290.0831	1	7.131	0.096	0.462	9008	19011	124495	39616	0	0	326.0609	7.131	0	1982-47-4		
2000	152.0323	151.0258	0.436			18862	68833	2	4	1	5.43	196	92	18455	70440	25.8	0	195.98	0	0	0	152.0324	1	0.423	0.138	0.401	3650	57383	124476	10038	0	0	152.0324	0.423	0			
2001	240.2089	239.2016	9.832	C15 H28 O2	"7-Ethyltridecane-4,6-dione"	22754	93377	2	4	1	3.92	83	205	22339	99156	45.5	0	100	0	0	0	240.2088	1	9.833	0.184	0.431	1719	62164	191937	3703	0	0	240.2088	9.833	0			LMFA12000262
2002	523.0937	522.088	0.347			21172	39882	2	3		2.18	266	22	17780	36016	46.3	0	220.22	0	0	0	523.0937	1	0.347	0.125	0.308	1279	87705	121173	2252	0	0	523.0937	0.347	0			
2003	723.6368	722.6298	12.48			11744	49067	2	6		2.26	182	106	11675	47063	32.7	0	100	0	0	0	723.6372	1	12.485	0.213	0.339	1719	26237	121125	11086	0	0	723.6372	12.485	0			
2004	958.6141	957.6066	6.715			14617	46067	2	3		2.32	288	0	14290	44942	34.8	0	100	0	0	0	958.6138	1	6.717	0.113	0.185	1888	39177	120920	15910	0	0	958.6138	6.717	0			
2005	233.9318	232.9244	0.284			23090	61171	3	3		0.39	5	283	15952	46984	16.9	0	100	0	0	0	233.9317	1	0.284	0.01	0.092	5695	57293	117620	21739	0	0	233.9317	0.284	0			
2006	308.1982	343.1679	8.194	C18 H28 O4	Dihydrocapsiate	10604	69612	2	2	1	4.03	135	153	10588	73353	43	0	94.59	0	0	0	308.1985	1	8.192	0.255	0.575	2121	20200	116375	8503	0	0	308.1985	8.192	0		HMDB34781	
2007	199.9615	198.9541	0.282			16028	40432	3	4		0.89	9	279	8518	35887	59.9	0	99.75	0	0	0	199.9614	1	0.286	0.027	0.113	1032	54769	113547	2541	0	0	199.9614	0.286	0			
2008	448.3526	447.3454	11.985			8466	28353	2	2		2.37	181	107	6985	23401	30.4	0	100	0	0	0	448.3525	1	11.989	0.167	0.277	1670	29680	111778	1613	0	0	448.3525	11.989	0			
2009	322.0923	357.0603	0.312			19394	78059	2	4		1.9	260	28	19034	78924	24.8	0	218.6	0	0	0	322.0922	1	0.312	0.061	0.39	4376	38633	125940	15009	0	0	322.0922	0.312	0			
2010	310.2869	309.2793	11.148			273574	412764	2	10	2	4.53	22	266	9290	62073	74.7	1	100	0	0	0	310.2868	1	11.132	0.314	0.945	1582	5773883	7739839	8804	0	0	310.2868	11.132	0			
2011	540.091	269.0382	7.733			13367	69739	2	2	1	1.78	255	33	14233	73493	39.2	0	100	0	0	0	540.091	1	7.757	0.462	0.478	1779	25022	109974	4050	0	0	540.091	7.757	0			
2012	539.2109	538.2037	5.56			8423	39811	2	2	1	2.95	288	0	7791	38574	35.8	0	100	0	0	0	539.2109	1	5.561	0.168	0.37	1769	19320	106274	5234	0	0	539.2109	5.561	0			
2013	254.2243	313.2383	9.907	C16 H30 O2	?÷2-cis-Hexadecenoic Acid	12363	60189	2	4	1	0.81	35	253	10975	61632	60	0	100	0	0	0	254.2243	1	9.918	0.309	0.724	2914	22990	98474	15243	0	0	254.2243	9.918	0	2825-68-5		LMFA07040055
2014	628.2263	687.238	7.724			13730	43683	2	4	1	5.28	148	140	12112	38964	52.8	0	100	0	0	0	628.225	1	7.704	0.658	1.202	1674	35829	167773	4107	0	0	628.225	7.704	0			
2015	664.5094	699.4788	9.352	C43 H68 O5	"DG(22:6(4Z,7Z,10Z,13Z,16Z,19Z)/18:2(9Z,12Z)/0:0)"	13851	46603	2	2		6.29	21	267	14227	57047	61.2	0	100	0	0	0	664.5094	1	9.332	0.203	0.236	1152	29765	97259	2012	0	0	700.4859	9.332	0		HMDB07770	
2016	1071.4893	1070.4812	6.712			7500	38564	2	2		4.84	274	14	8009	39569	49.7	0	92.95	0	0	0	1071.4878	1	6.715	0.125	0.247	1370	22476	94652	5426	0	0	1071.4878	6.715	0			
2017	362.2664	361.2586	9.4			14951	59790	2	3	1	0.92	91	197	15599	59203	16.9	0	100	0	0	0	362.2665	1	9.405	0.08	0.149	2051	24332	90759	7356	0	0	362.2665	9.405	0			
2018	548.1137	593.1119	9.408	C26 H25 F O10 S	Sulindac sulfone glucuronide	8022	37642	2	2		2.31	10	278	5667	28164	74.4	0	100	0	0	0	548.1137	1	9.379	0.136	0.139	1068	19684	90238	2729	0	0	594.1191	9.379	0	60018-37-3		
2019	914.5872	913.5792	6.555	C49 H87 O13 P	"PI(22:1(11Z)/18:3(9Z,12Z,15Z))"	14903	44026	2	2		2.19	21	267	15318	40238	21	0	100	0	0	0	914.5865	1	6.555	0.111	0.113	7048	35916	89021	19420	0	0	914.5865	6.555	0			LMGP06010709
2020	340.0786	339.0719	0.438	C15 H16 O9	Cichoriin	5979	16161	2	2		8.88	148	140	2682	10015	81.5	0	134.93	0	0	0	340.0782	1	0.435	0.102	0.252	891	41609	80895	2107	0	0	340.0782	0.435	0	531-58-8		
2021	128.0153	173.013	0.292			17065	40397	2	3	1	7.55	22	266	18413	41095	56.9	0	88.39	0	0	0	128.0149	1	0.258	0.204	0.293	3298	33848	71036	11497	0	0	128.0149	0.258	0			
2022	400.0786	399.0715	0.322	C20 H16 O9	Theaflagallin	20296	34489	2	2		1.03	250	38	20359	34695	39.4	0	212.19	0	0	0	400.0786	1	0.322	0.114	0.134	1019	39061	64971	3014	0	0	400.0786	0.322	0	102208-15-1	HMDB33287	
